AllThreeWeight,BestLTVWeight,BestOnlyWeight,LTVOnlyPenalty,ProfitOnlyPenalty,BaseWeight,Objective,ALL_THREE,BEST_ONLY,BEST_LTV,LTV_ONLY,PROFIT_ONLY,LTV_PROFIT,Overlap_BEST087,Overlap_LTV079,Overlap_Profit077
0.2,0.3,0.15,0.2,0.2,0.3,1.0596924368896259,0.8271156576529664,0.8335174247359942,0.921371012715713,0.6749821147274206,0.2431358546042003,0.37728784891452377,0.6833,0.60605,0.56233
0.2,0.2,0.15,0.2,0.2,0.3,1.0565433814693561,0.8580918686256276,0.8375566631465903,0.9099113678474114,0.6689613002441009,0.28044947075928917,0.40674439894256187,0.7399,0.65946,0.61683
0.2,0.3,0.15,0.2,0.15,0.3,1.055695551600413,0.8191677855309653,0.8415372095936996,0.9254962152588555,0.667857048820179,0.2577484200323102,0.3664589587438917,0.68142,0.60044,0.55711
0.2,0.3,0.1,0.2,0.2,0.3,1.0527521348606292,0.8440250683776579,0.8310507268659387,0.9160357316076295,0.679717181448332,0.25777804588045233,0.40069230713770726,0.70902,0.63327,0.58954
0.2,0.2,0.15,0.2,0.15,0.3,1.052451463875308,0.8528100169859276,0.8448048800787542,0.9127340390554042,0.6599413498779495,0.30114851373182555,0.39055404822558676,0.73432,0.64946,0.60732
0.2,0.3,0.1,0.2,0.15,0.3,1.0496883402394723,0.8382057770999939,0.8384371847145159,0.9194553946412353,0.672469965012205,0.2742799172859451,0.3867373935752623,0.70552,0.62549,0.58211
0.2,0.2,0.15,0.15,0.2,0.3,1.0484041694007689,0.8440893137933172,0.8326665534275998,0.914887580835604,0.6850133970707893,0.2569410675282714,0.4063313775534727,0.71203,0.63538,0.59155
0.2,0.3,0.15,0.2,0.1,0.3,1.0465977110212608,0.8085066454156593,0.8500597345623769,0.9285292175295187,0.6601625947925143,0.27493995024232637,0.35793820267563886,0.6785,0.59356,0.55082
0.2,0.3,0.15,0.2,0.2,0.4,1.0459947732588106,0.8514055346103775,0.8374468494719884,0.9136270485921889,0.6770134109031734,0.2814022533117932,0.4056778011695906,0.72696,0.64766,0.60434
0.2,0.2,0.15,0.15,0.15,0.3,1.0448747760609307,0.8376053569896473,0.8408740927152317,0.9181895994550409,0.6776391554109032,0.27366704878836834,0.3926681760794681,0.70837,0.62749,0.58401
0.2,0.2,0.15,0.2,0.1,0.3,1.0436411881185752,0.8447866373814394,0.8528604539108645,0.915124381017257,0.6494818559804719,0.32517623069466883,0.37755857662420894,0.73287,0.64325,0.60197
0.2,0.3,0.15,0.15,0.2,0.3,1.0429133708058917,0.8107263544231604,0.8298725722212279,0.926083846503179,0.6897936484947111,0.2292282197092084,0.3803370795481855,0.65957,0.58565,0.54119
0.3,0.2,0.15,0.2,0.2,0.3,1.0427232040334744,0.8435493369288947,0.837211791480222,0.915846465485922,0.6807672546786004,0.2738382281098546,0.40286427990066487,,,
0.2,0.3,0.1,0.2,0.1,0.3,1.0426188523361613,0.8297567470088649,0.8465169821013065,0.9233173623978201,0.6640793311635476,0.29378772859450725,0.3755194453256429,,,
0.2,0.3,0.15,0.2,0.15,0.4,1.0420377635946787,0.8463872474862068,0.8439053461607303,0.9160494109900091,0.6702103474369406,0.29761690533117935,0.3938109065128575,,,
0.3,0.3,0.15,0.2,0.2,0.3,1.0402403735328993,0.8128273243816254,0.8351377089672454,0.9269874332425068,0.6857529316517493,0.24442522326332797,0.3808942273491949,,,
0.2,0.3,0.1,0.15,0.2,0.3,1.0397913714638185,0.8289699550926787,0.8264850646142832,0.9204023151680291,0.6943601196094386,0.24040506817447496,0.40130749435231916,,,
0.2,0.3,0.15,0.15,0.2,0.4,1.038778869913507,0.8392264950963982,0.8338616212636478,0.917729555404178,0.6899225931651749,0.26230824555735055,0.40581832780581595,,,
0.2,0.3,0.05,0.2,0.2,0.3,1.0385376595891784,0.8590510538962246,0.8289401947377841,0.910144638510445,0.6851010561432058,0.2768815315024233,0.4307298537210606,,,
0.2,0.3,0.15,0.15,0.15,0.3,1.0380164240414764,0.801379664893683,0.83865706246644,0.9301941648501362,0.6843249544344996,0.24153537576736675,0.37082415941680685,,,
0.3,0.3,0.1,0.2,0.2,0.3,1.0370788397731743,0.8300017996652409,0.8319052999821014,0.9215713950953679,0.6899531448331977,0.25590712051696285,0.398865044780902,,,
0.2,0.3,0.1,0.15,0.15,0.3,1.037058195412291,0.8218437975079042,0.8347136003221766,0.9248129536784742,0.6886280349877949,0.2538080749596123,0.3892995900024033,,,
0.3,0.2,0.15,0.2,0.15,0.3,1.0368556303246481,0.8363961203893124,0.8444990835868982,0.9188436425976385,0.6733016468673718,0.29104667851373184,0.39220955859969564,,,
0.2,0.3,0.05,0.2,0.15,0.3,1.036779695060104,0.8552510292976258,0.835989430642563,0.9135512534059945,0.6778064646053702,0.29551084652665593,0.4130987352399263,,,
0.2,0.2,0.15,0.15,0.1,0.3,1.0366134740900939,0.8281676340462464,0.8499019355647038,0.921428937783833,0.6691704271765663,0.2935783295638126,0.38175344276215656,,,
0.2,0.2,0.1,0.2,0.2,0.3,1.0359601892322123,0.8721283615646892,0.8352422470019689,0.9036218283378747,0.6749594450772987,0.3042417357027464,0.4420862651606184,,,
0.2,0.3,0.15,0.15,0.15,0.4,1.0352362569008378,0.83331238926291,0.840981514945409,0.92074051044505,0.6842929218877136,0.2758996129240711,0.39550568693423055,,,
0.2,0.3,0.15,0.2,0.1,0.4,1.0351167614609371,0.8394324858471267,0.8510209029890818,0.9185825118074478,0.6625345581773799,0.3160168730210016,0.38395872450532725,,,
0.3,0.3,0.15,0.2,0.2,0.4,1.0347673301188123,0.8389937274812473,0.8377593048147485,0.9184597965485922,0.6860512725793328,0.2758316510500808,0.40345552463350154,,,
0.2,0.2,0.15,0.1,0.2,0.3,1.0346430318353304,0.8281905679251133,0.8284110272060139,0.9196770263396912,0.6999284703010578,0.23988934474959614,0.4067471798445887,,,
0.2,0.2,0.1,0.15,0.2,0.3,1.0341919974185023,0.859977869270349,0.8302269584750314,0.9086942647593097,0.6907783775427176,0.2761527134087237,0.43705658511575746,,,
0.3,0.3,0.15,0.2,0.15,0.3,1.0333852770424496,0.8035023071849234,0.8429398568104528,0.9298602706630336,0.6800285842148088,0.257346495638126,0.3733622601938636,,,
0.2,0.2,0.1,0.2,0.15,0.3,1.0329651475275812,0.8689522989523278,0.8422609148022195,0.9063431643960036,0.6658931798209926,0.32775766397415185,0.42147166722742935,,,
0.3,0.2,0.15,0.15,0.2,0.3,1.0321293678627017,0.8290899826917116,0.8339190019688563,0.9208215563124432,0.6948998649308381,0.25565003489499194,0.40411247889129215,,,
0.3,0.3,0.1,0.2,0.15,0.3,1.0321014638670092,0.8224344025044944,0.8392538290674781,0.9253316603088102,0.6840375996745321,0.2699702746365105,0.38941334935512295,,,
0.2,0.2,0.1,0.15,0.15,0.3,1.0319004074744558,0.8557531902547889,0.8376745620189726,0.9119468337874659,0.6833640195280716,0.2951365305331179,0.4196311160778659,,,
0.2,0.3,0.1,0.2,0.2,0.4,1.0317658928973477,0.8640448995846506,0.8353989477358154,0.9085670821980018,0.6817525296989423,0.30002472891760906,0.4314985953697028,,,
0.2,0.3,0.05,0.15,0.2,0.3,1.031284630445953,0.8455350944392784,0.8236244342223017,0.914759851044505,0.6994595248169243,0.25479847819063,0.42775195850356484,,,
0.2,0.2,0.15,0.1,0.15,0.3,1.0312392689853365,0.8202229382679314,0.8377124759262574,0.9239739259763851,0.6942715117982099,0.25352495121163166,0.39506695489866217,,,
0.2,0.3,0.15,0.2,0.05,0.3,1.0311391579426574,0.7946729056599094,0.8584970257741186,0.9297831494096276,0.6516104377542717,0.2953609893376413,0.35108860514299445,,,
0.2,0.1,0.15,0.15,0.2,0.3,1.0308898515081475,0.8736403013328373,0.8367058213710399,0.9012989927338783,0.6807226037428804,0.3043282158319871,0.44938872979251787,,,
0.2,0.3,0.05,0.2,0.1,0.3,1.0308074335761097,0.8491583465377224,0.843306601575085,0.9167528560399637,0.6690948559804719,0.3174003211631664,0.3980372134903469,,,
0.3,0.2,0.1,0.2,0.2,0.3,1.0301428734808389,0.8587099772115802,0.8349850223733667,0.9102653047229792,0.6860111480878763,0.2928022138933764,0.42819777745734194,,,
0.2,0.3,0.05,0.15,0.15,0.3,1.0298002474015306,0.840609407426694,0.8313117658850904,0.9185798769300635,0.6936612847843776,0.2698252943457189,0.41268945493871667,,,
0.2,0.3,0.1,0.15,0.1,0.3,1.029750650161414,0.8119646415473312,0.8435969361016645,0.9285256094459582,0.6820869576891782,0.269634513085622,0.3796911822478571,,,
0.3,0.3,0.15,0.2,0.15,0.4,1.029664923712758,0.8326843660033476,0.8442280039377126,0.9212505435967303,0.6803468120423108,0.28983358966074313,0.39502995690138587,,,
0.2,0.3,0.1,0.2,0.05,0.3,1.0293156760247861,0.8181928304754819,0.8551683533202077,0.9257176612170754,0.6550521659886086,0.31667187399030694,0.36674039942321557,,,
0.3,0.3,0.05,0.2,0.2,0.3,1.029269401906215,0.8457227747814766,0.8293691238589583,0.9162719282470481,0.6946445378356387,0.27052967948303713,0.4211165585195866,,,
0.2,0.1,0.15,0.1,0.2,0.3,1.0292596438227093,0.8609023982146179,0.8316541900841239,0.9067900081743869,0.6967198803905614,0.2755577027463651,0.4437981845710166,,,
0.2,0.3,0.1,0.2,0.15,0.4,1.0287207502211864,0.8605130521852333,0.8414536379094326,0.9109932120799273,0.6749093124491456,0.3178337718901454,0.4167795565168629,,,
0.2,0.2,0.15,0.2,0.05,0.3,1.0285561585230198,0.8333323071601264,0.8617011107929121,0.9169953841961852,0.6382070032546786,0.35314636704361874,0.367506301369863,,,
0.2,0.3,0.1,0.15,0.2,0.4,1.0285269659848997,0.85308923729465,0.831356590835869,0.9126915104450499,0.6944562026037429,0.27785941777059775,0.42893815493070575,,,
0.2,0.3,0.15,0.15,0.1,0.3,1.0282351756414014,0.7892715805839687,0.8478553527832469,0.9327676416893732,0.6779503864930838,0.2560320180936995,0.36334793254826564,,,
0.2,0.3,0.15,0.15,0.1,0.4,1.0281629349289951,0.8253534285537165,0.8485358109897977,0.9235272779291553,0.6780717420667209,0.2916997932148627,0.38693876472001926,,,
0.2,0.2,0.15,0.15,0.2,0.4,1.0278078601137512,0.8649099972227389,0.8367261601933059,0.9069767502270664,0.6863744670463792,0.29989207948303714,0.43705873908515586,,,
0.4,0.2,0.15,0.2,0.2,0.3,1.027759238450498,0.8289667900068192,0.8379855981743333,0.9213502029972752,0.6902281480878764,0.27024555735056544,0.40271551453977406,,,
0.2,0.3,0.15,0.1,0.2,0.4,1.0275053441215642,0.825773173566425,0.8307495732951495,0.9214415245231609,0.7022152750203418,0.24763034119547656,0.4064623978210366,,,
0.2,0.1,0.15,0.15,0.15,0.3,1.02732925482615,0.87007583581923,0.8440462561303025,0.9037644264305177,0.6714015134255492,0.3283413479806139,0.4288334477289113,,,
0.2,0.2,0.1,0.1,0.2,0.3,1.0263741907436719,0.8457560342694191,0.8249504240200465,0.9136108374205268,0.7053493189585028,0.2540682229402262,0.43372511463590485,,,
0.2,0.1,0.15,0.1,0.15,0.3,1.0263377362872332,0.8561343334449197,0.8397300402720602,0.909727676657584,0.6891589064279903,0.29490826558966077,0.42660481150364493,,,
0.2,0.2,0.15,0.2,0.2,0.4,1.0262914031996484,0.8748016776641251,0.8403606833721138,0.9023292702089011,0.672641453213995,0.3270758126009693,0.4411443688215974,,,
0.3,0.2,0.15,0.15,0.15,0.3,1.0261969563557842,0.8207542502262724,0.8420781208161805,0.9239912497729337,0.6890349430431245,0.26991248271405494,0.394911624449251,,,
0.3,0.2,0.15,0.2,0.1,0.3,1.0261539427062045,0.8266653403508771,0.8524879774476464,0.9210072570390554,0.6652175752644427,0.31115385008077545,0.38359897140110555,,,
0.3,0.1,0.15,0.2,0.2,0.3,1.0259795144814472,0.8710247350071292,0.8406010576337927,0.9031949673024523,0.6761455834011392,0.32092296155088856,0.4372589930305215,,,
0.3,0.3,0.15,0.15,0.2,0.4,1.0258969852121977,0.8265549598660964,0.8353018312153213,0.9227387661217075,0.6978278608624898,0.26046636381260097,0.4045847706480814,,,
0.2,0.3,0.1,0.15,0.15,0.4,1.0258203081540178,0.8487662608889716,0.8379374148917129,0.9155153042688465,0.688722206672091,0.2929540988691438,0.4162017154530161,,,
0.3,0.3,0.1,0.2,0.2,0.4,1.025323349284656,0.8522650774781477,0.8353689074637551,0.9137927493188011,0.6902426948738812,0.29131498675282713,0.4232458175118161,,,
0.2,0.2,0.1,0.2,0.1,0.3,1.0252707496226692,0.8633976691587626,0.8494705936996599,0.9087007674841053,0.6550170089503662,0.35531218222940225,0.403408972202195,,,
0.2,0.3,0.15,0.2,0.2,0.5,1.0252546718064546,0.867352866753456,0.8400177179165922,0.9069806376021798,0.6788978120423108,0.318592065266559,0.4322100894015861,,,
0.3,0.3,0.05,0.2,0.15,0.3,1.0251666733200357,0.8400208740933606,0.8360086550921783,0.9196981471389646,0.6886234353132629,0.28623164135702744,0.4091154517343587,,,
0.3,0.1,0.15,0.15,0.2,0.3,1.0251532898166298,0.8592374895046804,0.8363116080186146,0.908414419164396,0.6912396004882018,0.29258875153473346,0.4344352351197629,,,
0.2,0.2,0.1,0.15,0.1,0.3,1.0251381784082172,0.8489144631578948,0.8459039074637552,0.9148456816530427,0.6744605402766477,0.31757515282714055,0.40484264920291596,,,
0.3,0.2,0.1,0.2,0.15,0.3,1.0249284677226742,0.8534963869815884,0.8413885935206729,0.9128604055404178,0.6785446810414971,0.3120281466882068,0.4143099197308339,,,
0.2,0.1,0.15,0.2,0.2,0.3,1.0247610692907558,0.8840025044944516,0.8405036824771791,0.8955519868301544,0.6631113287225386,0.3404352646203554,0.4573674128014099,,,
0.2,0.2,0.1,0.1,0.15,0.3,1.0245226543157306,0.8402516588184241,0.8333566096294971,0.9174394477747502,0.6995052294548413,0.269254340549273,0.418957115917648,,,
0.2,0.3,0.05,0.15,0.1,0.3,1.0245221676328258,0.8331515769636104,0.8396032910327546,0.9229115245231608,0.6867946061838893,0.28770004071082395,0.40012686693903704,,,
0.2,0.2,0.15,0.1,0.2,0.4,1.0244886319949187,0.8534703494637653,0.832777604438876,0.9113432098092643,0.6992655988608625,0.2773262384491115,0.4342486378274453,,,
0.3,0.2,0.1,0.15,0.2,0.3,1.0244722378435376,0.8457093656933855,0.830704297834258,0.9150754795640327,0.6998516956875509,0.27006091308562197,0.42678295345670114,,,
0.2,0.3,0.15,0.15,0.2,0.5,1.024433239653393,0.8581796653400285,0.8369025124395919,0.9107239504995459,0.6902519007323027,0.297076966720517,0.4300073799567412,,,
0.2,0.2,0.15,0.15,0.15,0.4,1.0243199885839716,0.861017397483107,0.8432007555038482,0.909174646684832,0.6793924670463791,0.3180147948303716,0.4224699653929344,,,
0.2,0.3,0.15,0.1,0.15,0.4,1.0239726553354846,0.8187893784142335,0.8385041732593521,0.92528509582198,0.6978529788445891,0.25913506429725364,0.39739294800929265,,,
0.2,0.3,0.15,0.2,0.05,0.4,1.0237227805834117,0.8301965033289939,0.8583571378199392,0.9203020004541326,0.6545121716842961,0.33671180226171243,0.3759068406633021,,,
0.3,0.2,0.15,0.2,0.2,0.4,1.0236228974828132,0.8630436349885313,0.84005256917845,0.9082160722070844,0.6822655410903173,0.31342463004846527,0.42957418248818396,,,
0.3,0.3,0.15,0.15,0.2,0.3,1.0235312492428232,0.7966738749984502,0.8329594113119742,0.9309213256130789,0.6992342896663954,0.23243919353796447,0.3840147541456381,,,
0.3,0.3,0.1,0.15,0.2,0.3,1.0234698926189225,0.8148369679747072,0.8289788901020225,0.9263183201634877,0.7031043319772172,0.24190118513731826,0.4005746020988545,,,
0.2,0.3,0.15,0.1,0.2,0.3,1.0233195639740744,0.7929676700266567,0.8269974027206014,0.9306264455040872,0.7040058567941416,0.21831681163166397,0.38358722726908595,,,
0.2,0.3,0.1,0.1,0.2,0.3,1.0231024154326085,0.8124004135143512,0.8225722718811526,0.924705310626703,0.7080989633848658,0.22728537835218096,0.4025531247296323,,,
0.3,0.3,0.1,0.2,0.1,0.3,1.0226216166635107,0.8124989332837393,0.8471434249149812,0.9278016321525886,0.6773934174125306,0.2864429040387722,0.38177833341344225,,,
0.4,0.3,0.15,0.2,0.2,0.4,1.0225931595765005,0.8266345006509206,0.8387810973688921,0.923065470027248,0.6937623824247355,0.27252379063004845,0.40348340254746456,,,
0.2,0.2,0.15,0.1,0.1,0.3,1.0223368038412426,0.8091468373442441,0.8474671374619652,0.9269031507720253,0.6878052416598861,0.26967396381260095,0.38580019546583355,,,
0.2,0.3,0.1,0.2,0.1,0.4,1.0223295873755711,0.8552608324096459,0.847933054233041,0.9130378687556767,0.6669917542717656,0.33832965686591276,0.4039820224305055,,,
0.3,0.3,0.15,0.2,0.1,0.3,1.0222726805055877,0.7918116558427872,0.8509782568462502,0.9315021634877383,0.6737231253051261,0.2721672982229402,0.3672244215332853,,,
0.2,0.2,0.15,0.2,0.15,0.4,1.022195739130149,0.8716865590973901,0.8463805208519778,0.9043115054495913,0.6644221423921888,0.3487670184168013,0.424142284386766,,,
0.4,0.3,0.15,0.2,0.2,0.3,1.0214843459064413,0.7991205763312875,0.8373964233040989,0.9307132138964577,0.694685262815297,0.24604496090468497,0.38500485524313066,,,
0.2,0.3,0.1,0.1,0.2,0.4,1.02142087968133,0.8407489878370838,0.8275588301413997,0.9167930590372388,0.706460032546786,0.2597499211631664,0.427345564207322,,,
0.2,0.3,0.15,0.2,0.15,0.5,1.0214067851340203,0.864056259326762,0.8454287764453196,0.9087246621253406,0.6725074703010577,0.33564308432956386,0.41957308579668345,,,
0.2,0.2,0.15,0.1,0.15,0.4,1.0213231408216006,0.8487010833798275,0.8400200844818329,0.9138507138964578,0.6934435915378356,0.29265983457189015,0.42170405944083955,,,
0.4,0.3,0.1,0.2,0.2,0.3,1.0212540320570633,0.8161110693447399,0.8336880060855557,0.9267146021798365,0.6984063002441009,0.2556199831987076,0.39964561291356243,,,
0.3,0.2,0.15,0.15,0.2,0.4,1.0212379441144883,0.8524042534498791,0.8368012110255951,0.9123769564032698,0.6945626045565501,0.29104665525040385,0.42826642730112957,,,
0.2,0.3,0.15,0.15,0.15,0.5,1.021052024200014,0.8542818344801935,0.8427695974583855,0.912663729791099,0.6847344759967453,0.3116753182552504,0.41890396363053756,,,
0.2,0.2,0.15,0.15,0.05,0.3,1.0210133086362034,0.8151061043456698,0.8590177957759083,0.9228746911898273,0.6599608494711148,0.3172124575121163,0.37322077369222145,,,
0.3,0.3,0.15,0.2,0.2,0.5,1.0209603031600032,0.856849608827723,0.8398958868802577,0.9115697983651225,0.6865768014646054,0.3084876814216478,0.4249359604261796,,,
0.3,0.3,0.15,0.2,0.1,0.4,1.020827719346052,0.8245909832248466,0.850999290316807,0.923040197547684,0.674220032546786,0.30591816930533117,0.38796114507730517,,,
0.3,0.3,0.1,0.2,0.15,0.4,1.0208013454462683,0.8473449855805592,0.8413109060318598,0.9162309791099001,0.6844212091131001,0.3066554255250404,0.41273614547784987,,,
0.2,0.1,0.15,0.05,0.2,0.3,1.0207189452591412,0.8459004156716882,0.826545151601933,0.9120481316984559,0.7115900244100895,0.2536238235864297,0.4401329265400945,,,
0.2,0.1,0.15,0.2,0.15,0.3,1.0206815712325443,0.881460460876573,0.8474072078038303,0.8973901389645776,0.6518526680227827,0.3691018197092084,0.4329937420491869,,,
0.2,0.3,0.15,0.1,0.2,0.5,1.0206174494142424,0.8479114206930753,0.8338623558260247,0.9144171861943687,0.7010942196908055,0.27853268432956385,0.4285465123768325,,,
0.3,0.3,0.15,0.15,0.15,0.4,1.0204346878462291,0.8193930399851218,0.8422196515124395,0.9253238151680291,0.6932697339300244,0.2724190035541195,0.39712140302811827,,,
0.4,0.2,0.1,0.2,0.2,0.3,1.0204073110549803,0.8446862534746761,0.8349078886701271,0.9159479586739327,0.6948041131000814,0.2849223211631664,0.42197263189938317,,,
0.2,0.3,0.1,0.15,0.1,0.4,1.0201323770240835,0.8425677264149773,0.8451880134240201,0.9183661280653952,0.6821169731489016,0.3103460200323102,0.4052997508611712,,,
0.4,0.2,0.15,0.2,0.15,0.3,1.0199401811288051,0.820437332564627,0.8453073776624306,0.9235726857402361,0.6842604825061025,0.2850023651050081,0.3952418335336057,,,
0.3,0.2,0.1,0.15,0.15,0.3,1.0199365078273128,0.8393962834294217,0.8381275491319133,0.9184518074477747,0.6937674076484946,0.2860007114701131,0.4150278050148202,,,
0.2,0.3,0.05,0.2,0.05,0.3,1.0199198887808814,0.8400431789225714,0.8515151310184356,0.9201568029064486,0.6591940179007323,0.3428478804523425,0.386182434190499,,,
0.3,0.3,0.1,0.15,0.2,0.4,1.019854357332652,0.8408351912714648,0.8322652176481117,0.9177976330608537,0.7017521041497152,0.27270790759289176,0.4226800575182248,,,
0.4,0.1,0.15,0.2,0.2,0.3,1.0193994681379768,0.8568556189944827,0.8396254003937712,0.9093592565849228,0.6862782579332791,0.30787952180936995,0.42789583673796366,,,
0.2,0.3,0.1,0.1,0.15,0.3,1.019395088160993,0.8037075887917674,0.8317360137819939,0.9295930254314261,0.7040145370219691,0.23872126655896606,0.39208504109589043,,,
0.3,0.1,0.15,0.2,0.15,0.3,1.0193190502031713,0.8662542845452854,0.8466884773581529,0.9050705158946412,0.6669717274206672,0.3445941428109855,0.42090269358327326,,,
0.3,0.1,0.15,0.15,0.15,0.3,1.0191793509567217,0.8534294498295208,0.8434205294433507,0.9105395876475931,0.6836148608624898,0.3122260264943457,0.42078198013298085,,,
0.3,0.3,0.05,0.15,0.2,0.3,1.019088476203877,0.8317876950716013,0.8254825548594953,0.9204984368755676,0.7075132351505289,0.253298715993538,0.42068477048786346,,,
0.3,0.1,0.15,0.1,0.2,0.3,1.0190001140779883,0.8455687295765916,0.8323691281546447,0.9134165163487739,0.7053170984540277,0.26982776413570275,0.4328067422895137,,,
0.2,0.3,0.1,0.1,0.15,0.4,1.0188421506621537,0.8354877008492964,0.8348204193663862,0.9199140149863759,0.7018629715215623,0.2723486817447496,0.41622404630297205,,,
0.2,0.3,0.05,0.1,0.2,0.3,1.018505020891939,0.8302894948608269,0.8188297012708072,0.9190797084468665,0.712920818551668,0.2386849053311793,0.42609257181767207,,,
0.2,0.1,0.15,0.1,0.1,0.3,1.0184503827040965,0.8483683507036142,0.8491209772686593,0.9119771344232516,0.6800446550040684,0.31799366397415185,0.4121516560121765,,,
0.2,0.1,0.15,0.05,0.15,0.3,1.0182860762313402,0.8396777539396193,0.8360303866117774,0.9155170767484105,0.7056806175752645,0.2690216084006462,0.42570223552030767,,,
0.2,0.2,0.1,0.1,0.1,0.3,1.0182678565835819,0.8318632249457567,0.8428123067836047,0.9213647801998184,0.692704918633035,0.2874911870759289,0.4067324635103741,,,
0.2,0.1,0.15,0.15,0.1,0.3,1.0182434346521074,0.8637656642985556,0.8519880647932702,0.905323719346049,0.6602007982099268,0.35688448271405493,0.41100318801570135,,,
0.3,0.2,0.15,0.2,0.15,0.4,1.0180825780513811,0.8584402962246606,0.8458222482548773,0.9098625485921888,0.6753372912937347,0.3315000697899838,0.417600874789714,,,
0.3,0.3,0.15,0.15,0.2,0.5,1.0180820628225287,0.8472313681978798,0.8373962697333095,0.9151826525885559,0.6969777542717657,0.28998202907915993,0.4243407337979652,,,
0.3,0.2,0.15,0.1,0.2,0.3,1.0176751296810906,0.813111451590106,0.8314686527653481,0.92566459582198,0.7084497168429618,0.2417521673667205,0.40571234735239925,,,
0.3,0.3,0.1,0.15,0.15,0.3,1.0175572170030536,0.806083924294836,0.837045937712547,0.9296467534059946,0.6985277021969081,0.2540012891760905,0.39226973692221423,,,
0.2,0.3,0.15,0.1,0.15,0.5,1.0174132118494983,0.8433386163536049,0.840302647574727,0.9166645772025431,0.6964443840520749,0.29124912633279487,0.4187600693743492,,,
0.4,0.3,0.05,0.2,0.2,0.3,1.0173854977682255,0.832110384204327,0.830378262931806,0.9218228487738419,0.7024523783563873,0.2671699334410339,0.4170884356324601,,,
0.3,0.3,0.05,0.2,0.1,0.3,1.017285402985741,0.8320072346661708,0.8433983234293897,0.9230549940962761,0.6816662782750204,0.3046660684975767,0.3992853884482897,,,
0.2,0.2,0.15,0.05,0.2,0.3,1.0172828294166067,0.8106292956667287,0.8250705111866833,0.9245791121707538,0.7140841781936534,0.22685473279483037,0.40788780581590967,,,
0.2,0.2,0.15,0.15,0.1,0.4,1.0171503989214512,0.8552044314425641,0.8503752187220334,0.9106937343324251,0.6713129316517494,0.33896258739903073,0.40986007658415446,,,
0.2,0.3,0.05,0.1,0.15,0.3,1.0169232191205393,0.8239853157274812,0.827287885985323,0.9235585731153497,0.708517707078926,0.250860101453958,0.4131068699831771,,,
0.4,0.3,0.1,0.2,0.2,0.4,1.0168985287054781,0.8402251357758354,0.8358907948809737,0.9186545640326975,0.6973860935720098,0.2849445195476575,0.41933325498678203,,,
0.4,0.2,0.15,0.2,0.2,0.4,1.0168675723286185,0.8507993862996714,0.8398754954358333,0.9130521471389645,0.6902547119609439,0.30364926655896607,0.42387226003364575,,,
0.2,0.2,0.15,0.05,0.2,0.4,1.016832032721155,0.8405431064162172,0.8292391780919993,0.9157101126248864,0.7115004328722538,0.25940016995153475,0.432505233357366,,,
0.2,0.3,0.15,0.1,0.15,0.3,1.0168065424815702,0.7821576318641126,0.8364322987291928,0.9339589659400546,0.6998363173311636,0.22895016930533119,0.375168310662501,,,
0.2,0.3,0.15,0.1,0.1,0.4,1.016365793317816,0.8097310426631951,0.8464303273671022,0.9277148801089918,0.6928774328722539,0.27245297641357025,0.3899122183769927,,,
0.3,0.3,0.15,0.2,0.15,0.5,1.016262110457345,0.8524992554708325,0.84527610041167,0.9132041539509537,0.6810400626525631,0.32310571179321484,0.4155825819113995,,,
0.3,0.2,0.15,0.15,0.15,0.4,1.0162340191116863,0.8470234459115988,0.8433567809199928,0.9145970108991825,0.6886505256305939,0.3066927819063005,0.4179428340943684,,,
0.3,0.2,0.1,0.2,0.1,0.3,1.016182511610588,0.8458479231045811,0.848742669411133,0.9155428941871027,0.6697267908868999,0.3340034042003231,0.4030053846030601,,,
0.2,0.3,0.15,0.15,0.05,0.4,1.0161664577918208,0.8150423845514848,0.8560952303561841,0.9249276925522253,0.671263948738812,0.3100212109854604,0.37992218264840183,,,
0.2,0.3,0.1,0.15,0.05,0.3,1.0161561350692436,0.7988550756183745,0.8527538788258456,0.9304784922797458,0.674616295362083,0.28870994507269787,0.372138428102219,,,
0.2,0.3,0.0,0.2,0.2,0.3,1.0161422121994679,0.8719022189820842,0.8266173216395203,0.9040021730245231,0.6910934344995932,0.300787611631664,0.46861295650084117,,,
0.4,0.3,0.15,0.2,0.15,0.4,1.0158071895267857,0.8193796528919473,0.845071994451405,0.9249294822888283,0.6890388543531326,0.28490794701130856,0.3972135560362093,,,
0.3,0.3,0.1,0.15,0.15,0.4,1.0157181388103351,0.8350918612857231,0.8388689998210132,0.9209456525885559,0.6969965557363711,0.2858447922455573,0.41354668140671313,,,
0.3,0.3,0.15,0.15,0.15,0.3,1.015681570543614,0.7861995590353976,0.8414090925362447,0.9334761961852861,0.6946197404393817,0.2439250591276252,0.3773075710966915,,,
0.4,0.2,0.15,0.15,0.2,0.3,1.0154933462869429,0.8143889635856425,0.8360905761589403,0.9257209046321525,0.7032005150528885,0.2557040633279483,0.40456097316350237,,,
0.3,0.2,0.15,0.1,0.2,0.4,1.0154119864714812,0.8404628180769946,0.8340131607302668,0.9166352461398729,0.7062634589096827,0.2725099773828756,0.4275886169991188,,,
0.2,0.3,0.0,0.2,0.15,0.3,1.015364282955184,0.8699484606038064,0.8336710656882048,0.9071625935513169,0.6839522522375915,0.3214379082390953,0.4477766171593367,,,
0.2,0.3,0.15,0.15,0.1,0.5,1.0153459729226055,0.8489486615336929,0.8492234261678897,0.9145176276112625,0.6784817021969081,0.3281082132471729,0.40924814980373303,,,
0.3,0.3,0.05,0.15,0.15,0.3,1.0153323089902808,0.8249190816936335,0.8330242733130481,0.9248208228882834,0.70280616273393,0.2663378630048465,0.4103623403028118,,,
0.3,0.2,0.15,0.15,0.1,0.3,1.0152054462188198,0.8097142440518257,0.8505620843028459,0.9257910217983651,0.6824085264442636,0.2867083851373182,0.3875304598253625,,,
0.4,0.1,0.15,0.15,0.2,0.3,1.015117636413655,0.8442777586510446,0.8366218446393413,0.9143262288828338,0.6996454833197722,0.2848668348949919,0.42763263654570216,,,
0.3,0.3,0.0,0.2,0.2,0.3,1.0150694077900533,0.8597625754633934,0.8273365081439055,0.9105701866485013,0.6999549031733117,0.28931039095315025,0.4488713113834815,,,
0.2,0.3,0.0,0.15,0.2,0.3,1.0150417327176569,0.8601226470274627,0.821166921245749,0.9085673455949137,0.7051927713588283,0.27417910694668823,0.46097786990306816,,,
0.2,0.3,0.15,0.2,0.1,0.5,1.0149130298502484,0.859411839761949,0.8512924789690353,0.9099647538601271,0.6653072855980472,0.35471488336025847,0.4084335337659217,,,
0.2,0.3,0.0,0.15,0.15,0.3,1.0148979588517972,0.8572348370714773,0.8285245199570431,0.9122909028156222,0.6994415874694874,0.29095226171243943,0.4427919418409036,,,
0.2,0.2,0.15,0.2,0.1,0.4,1.0148656230376443,0.8667690403322794,0.8528068050832289,0.9056156739327884,0.6549161391375101,0.37277279806138935,0.4091758726267724,,,
0.2,0.2,0.15,0.1,0.1,0.4,1.0148278953398437,0.8418309603868328,0.84808098657598,0.9163490504087193,0.6867704751830757,0.310507175444265,0.4110345325642874,,,
0.4,0.3,0.15,0.2,0.2,0.5,1.014677465623853,0.8461259412807638,0.8401917077143369,0.9158091244323342,0.6931665752644426,0.300745605815832,0.42116510966915005,,,
0.4,0.2,0.1,0.2,0.15,0.3,1.0139317058233985,0.8378099076560659,0.8416080476105243,0.9188480971843778,0.6885750528885273,0.3012088749596123,0.41256933781943445,,,
0.2,0.2,0.15,0.05,0.15,0.4,1.0139016147864288,0.8347203406856364,0.83732846876678,0.9187758978201634,0.7069166403580147,0.27214821066235867,0.42161241304173674,,,
0.4,0.3,0.1,0.2,0.15,0.3,1.0139004508765606,0.8073375621846135,0.8409442967603366,0.9291336898274296,0.6935001155410904,0.2681643890145396,0.39289728158295284,,,
0.3,0.1,0.15,0.1,0.15,0.3,1.0138601184266787,0.8385307389250511,0.8407718274565957,0.9164805849227975,0.69916372091131,0.28599567560581585,0.4213332304734439,,,
0.3,0.3,0.15,0.1,0.2,0.4,1.01377670569742,0.8130571723513731,0.833282016466798,0.9265280304268847,0.7093143368592351,0.24832273925686593,0.4059693594488505,,,
0.3,0.2,0.1,0.1,0.2,0.3,1.0137712617452197,0.8310378278346042,0.827192826740648,0.9198681911898274,0.7129736273393003,0.2530834093699515,0.4261758739085156,,,
0.2,0.1,0.15,0.2,0.1,0.3,1.0136968440754053,0.876485287508524,0.8544845489529265,0.8984929786557675,0.6383801659886086,0.39935014668820684,0.4108611449170872,,,
0.2,0.3,0.15,0.05,0.2,0.4,1.0136828955745345,0.8111282976380881,0.8281643395382138,0.925886142143506,0.7141082709519935,0.2361359321486268,0.40755325979331897,,,
0.3,0.3,0.15,0.15,0.15,0.5,1.0136579000530548,0.8422640672741926,0.8433092645426883,0.917410833787466,0.692257181448332,0.3030041227786753,0.416097547224225,,,
0.3,0.3,0.1,0.2,0.1,0.4,1.0136321845858327,0.8406830399107309,0.8478936969751208,0.9187311839237057,0.6778835931651749,0.32390469079159934,0.40393846158775937,,,
0.2,0.3,0.15,0.05,0.2,0.5,1.0135385663345955,0.8365899813278781,0.8312007621263647,0.9179096516802907,0.7115824890154597,0.263374955088853,0.42770950476648245,,,
0.2,0.3,0.1,0.1,0.1,0.4,1.0131784867428517,0.8281893918541937,0.8426995074279579,0.9233714636693915,0.6967685288852726,0.2870409563812601,0.40686758936153167,,,
0.2,0.3,0.05,0.15,0.05,0.3,1.0131662271668957,0.8225337320438906,0.8486237859316269,0.9260462824704814,0.6789569641985355,0.30926849176090465,0.390197392613955,,,
0.2,0.3,0.15,0.15,0.05,0.3,1.0131120195441232,0.7747229235137313,0.8566526468587794,0.9336060140781108,0.6709577819365338,0.2729947631663974,0.35733621709524954,,,
0.2,0.2,0.1,0.05,0.2,0.3,1.0128108764188237,0.8296568159196579,0.8204373397172006,0.9183878837420526,0.7190919593165175,0.2382372452342488,0.4318675856765201,,,
0.2,0.3,0.05,0.15,0.2,0.4,1.0127596014252185,0.865392572909305,0.8291261125827815,0.9074136475930972,0.6994946297803092,0.29669010791599354,0.4572595997756949,,,
0.2,0.2,0.1,0.15,0.05,0.3,1.012674477400943,0.8386262280329799,0.8552291918739933,0.9174831725703905,0.6643621106590725,0.3438224949919224,0.3933081046222863,,,
0.2,0.2,0.1,0.2,0.05,0.3,1.0126584997924886,0.8546795785506168,0.857619802398425,0.9102483864668484,0.642674146460537,0.38538891373182554,0.38934347881118325,,,
0.4,0.3,0.15,0.2,0.15,0.3,1.012647912306039,0.7889709684458496,0.8449119165920888,0.9325374600363305,0.6898591196094386,0.25791162584814215,0.3794478745493872,,,
0.4,0.2,0.15,0.15,0.2,0.4,1.0125385671974703,0.8396958141714711,0.8376742294612494,0.9174119886466848,0.7014717941415786,0.28487380355411956,0.4239985460225907,,,
0.3,0.3,0.15,0.1,0.2,0.5,1.0125337542834585,0.8366564301035273,0.835210371397888,0.9189138696639418,0.7070863555736371,0.2744065757673667,0.4241245255147,,,
0.2,0.3,0.1,0.2,0.05,0.4,1.012362807788074,0.8478217448639266,0.8551844156076606,0.9152595358764759,0.6581554914564687,0.3615791004846527,0.39357060818713446,,,
0.2,0.2,0.15,0.05,0.15,0.3,1.0121818372006404,0.8009331878494823,0.8351656284231251,0.928836300181653,0.7102631171684296,0.2385833983844911,0.39777353632940804,,,
0.4,0.3,0.15,0.15,0.2,0.4,1.0121731021964089,0.8141524308474366,0.8371632681224271,0.9265905485921889,0.7047652896663954,0.2598918106623586,0.4050212865497076,,,
0.4,0.2,0.1,0.15,0.2,0.3,1.0121207055064818,0.8312304239538777,0.832184980669411,0.9208886330608538,0.7073338063466234,0.2671801537964459,0.42230246607386046,,,
0.3,0.3,0.0,0.2,0.15,0.3,1.0118993078799383,0.8558557044696548,0.8334464838016825,0.9137408365122617,0.6938619121236779,0.3068002920840065,0.4338423898101418,,,
0.2,0.3,0.15,0.1,0.1,0.5,1.0117132453519233,0.837202652482797,0.8471532738500089,0.9191748851044506,0.6913490065093572,0.3057727534733441,0.4103429725226308,,,
0.4,0.1,0.15,0.2,0.15,0.3,1.0117010619364954,0.8503083333209348,0.8460841329872919,0.9113067511353315,0.6786104898291294,0.32732694604200324,0.4171087337979652,,,
0.4,0.3,0.05,0.2,0.15,0.3,1.011468184753425,0.824888316508586,0.8371805485949526,0.9249355177111717,0.6975313970707893,0.28074653764135704,0.40870864952335173,,,
0.3,0.3,0.15,0.15,0.1,0.4,1.0114008688514096,0.8103787191618622,0.849325016287811,0.9269133514986376,0.6881178982912938,0.2862527334410339,0.3909157085636466,,,
0.3,0.3,0.05,0.2,0.2,0.4,1.011398109709174,0.864194878532019,0.8334100622874531,0.9089180013623979,0.6949136427990236,0.3094145886914378,0.4472913549627493,,,
0.4,0.3,0.1,0.2,0.15,0.4,1.011195457271815,0.8341517712231109,0.8419458695185252,0.9210803006357857,0.6925407851912123,0.2983786016155089,0.4117354333093007,,,
0.2,0.3,0.05,0.1,0.1,0.3,1.0111320861658544,0.814917920401711,0.8365428161804188,0.9280746503178928,0.7035935191212368,0.26539816607431344,0.4024314115196667,,,
0.2,0.2,0.05,0.15,0.2,0.3,1.0111290768289278,0.8734831697972847,0.8277255870771433,0.9021166907356948,0.6972292131814484,0.30061579386106624,0.4759815840743411,,,
0.2,0.3,0.05,0.2,0.2,0.4,1.0110155223840194,0.8750108214989771,0.8331709946303919,0.9031145876475931,0.6870261602929211,0.32243715735056544,0.4633009066730754,,,
0.2,0.3,0.05,0.15,0.15,0.4,1.010951207705207,0.8625650296943773,0.8353458806157151,0.9100969368755677,0.6937487803091945,0.3131885886914378,0.4419550644877033,,,
0.3,0.2,0.1,0.15,0.1,0.3,1.0109129950968636,0.830504396057281,0.8464402797565779,0.9211528228882834,0.6868340992676973,0.30479102423263327,0.40546259248578065,,,
0.3,0.3,0.1,0.1,0.2,0.4,1.0108467686248572,0.8282437961192733,0.8296707109361018,0.9219355735694823,0.7128534239218877,0.2582060342487884,0.4226084255387327,,,
0.2,0.3,0.0,0.15,0.1,0.3,1.0107984770654017,0.8522258682784699,0.8360699847861107,0.9159824373297002,0.692414455655004,0.31111650080775444,0.4263207059200513,,,
0.2,0.3,0.1,0.1,0.1,0.3,1.0107338702086763,0.792248438286529,0.8413197891533918,0.9326942443233425,0.6989879064279902,0.2522226462035541,0.3837744896258912,,,
0.2,0.2,0.1,0.05,0.15,0.3,1.0107190099698933,0.822575120352117,0.8299849717200645,0.9230546126248864,0.714861972335232,0.25067673602584817,0.4192170718577265,,,
0.3,0.2,0.15,0.1,0.15,0.4,1.010680388200497,0.8341782640381874,0.841317867012708,0.9194419137148048,0.7015565231895851,0.2858138862681745,0.4186506838099816,,,
0.4,0.2,0.15,0.2,0.15,0.4,1.0106391778940105,0.8449629033041969,0.8458976830141399,0.9151680372388737,0.684290051261188,0.3193194190630048,0.41538704013458305,,,
0.2,0.3,0.15,0.05,0.15,0.5,1.010614208502117,0.8312099901308041,0.8381435833184178,0.9209638923705722,0.7078566509357201,0.2742677557350565,0.4190352961627814,,,
0.3,0.2,0.15,0.1,0.15,0.3,1.0105572438219124,0.8034411396441634,0.840284793807052,0.9285123487738419,0.7040022823433686,0.2541577919224556,0.3976866000160218,,,
0.2,0.1,0.15,0.05,0.1,0.3,1.0105470428654413,0.8301317916806149,0.8466246237694649,0.9186625163487738,0.6990162400325468,0.2875901350565428,0.41388043178723066,,,
0.2,0.3,0.0,0.2,0.1,0.3,1.01052767641638,0.8661073062550368,0.8406037374261678,0.9102243237965486,0.6751919275834012,0.34627220355411953,0.4279648041336217,,,
0.3,0.2,0.05,0.2,0.2,0.3,1.0105204701446968,0.8718864803421982,0.8330556735278325,0.9043014323342417,0.6919469755899105,0.31574496413570274,0.460361394216134,,,
0.4,0.3,0.15,0.15,0.2,0.5,1.0103072957481447,0.8362095633748683,0.8384278410596027,0.9195823546775659,0.7029440447518307,0.2849076917609047,0.42147754161659856,,,
0.3,0.2,0.05,0.15,0.2,0.3,1.010251372347792,0.8604959695245179,0.8282870943261141,0.9091008228882833,0.7054893775427176,0.28891283295638126,0.4550683628935352,,,
0.2,0.3,0.1,0.15,0.05,0.4,1.01025021666584,0.8340612743165333,0.8528926701270808,0.9206164427792916,0.6749394621643613,0.3301094138933764,0.39637218056556917,,,
0.2,0.2,0.05,0.1,0.2,0.3,1.0101645751849477,0.861159405343748,0.8221483372113837,0.9070651716621254,0.7114515321399512,0.27337405686591276,0.4677207578306497,,,
0.3,0.3,0.0,0.15,0.2,0.3,1.010121938965187,0.8471958760151261,0.8226345577232862,0.9151563878292461,0.7124461375101709,0.26774785589660743,0.44539701289754063,,,
0.2,0.2,0.05,0.15,0.15,0.3,1.0099859683605916,0.8713221176120514,0.8350138308573475,0.9051808801089918,0.6899611684296175,0.3216981634894992,0.45516024160858765,,,
0.2,0.3,0.1,0.05,0.2,0.4,1.0099662360984012,0.8271535280143824,0.8242678654018257,0.9202262420526794,0.7180172034174125,0.2459993957996769,0.4265814015861572,,,
0.2,0.3,0.05,0.1,0.2,0.4,1.0099274252202854,0.8543035450747009,0.8248098777519242,0.9114891148955495,0.7112207412530512,0.2752115483037157,0.4526876999118802,,,
0.3,0.2,0.15,0.2,0.1,0.4,1.009669656015588,0.8520362207674663,0.8523375860032217,0.9114299795640327,0.6674191277461351,0.3518619114701131,0.4075864721621405,,,
0.3,0.3,0.15,0.2,0.1,0.5,1.0096210739506222,0.8467867875271218,0.8512082061929479,0.9150480871934605,0.6748845752644426,0.3392608678513732,0.4075874352319154,,,
0.2,0.2,0.05,0.1,0.15,0.3,1.0095585871241912,0.857942456115554,0.829877450152139,0.9107015036330608,0.705680541903987,0.2904844277867528,0.4497120698550028,,,
0.4,0.3,0.1,0.15,0.2,0.4,1.0095121923505799,0.8285336163412064,0.8338519001252909,0.9226908801089918,0.7081155036615134,0.26989266300484654,0.4198247418088601,,,
0.3,0.2,0.15,0.2,0.05,0.3,1.0094953969603178,0.8138207394457876,0.8601243731877574,0.921620934150772,0.6564763270951993,0.3338205479806139,0.37660910806697107,,,
0.3,0.3,0.05,0.15,0.2,0.4,1.009433484338601,0.8538665972599344,0.8297115102917487,0.912900821071753,0.7061815646867372,0.28800231147011307,0.4444025896018585,,,
0.2,0.3,0.1,0.15,0.2,0.5,1.0094274341468985,0.8688103844522967,0.834737403615536,0.9061163278837421,0.6947321733116355,0.31493430371567044,0.45461965969718815,,,
0.4,0.3,0.15,0.2,0.15,0.5,1.0092368139411776,0.8408690569214555,0.8456669899767317,0.9177681775658493,0.6884224003254679,0.3138359030694669,0.41418332852679646,,,
0.3,0.1,0.15,0.15,0.1,0.3,1.009204826583732,0.8448620587936272,0.8517161943798103,0.9126163356039964,0.6746466476810414,0.3348489473344104,0.4097528570055275,,,
0.3,0.2,0.1,0.1,0.15,0.3,1.0090917963529018,0.8234333472444362,0.8356535902989082,0.9237172220708447,0.7084125093572009,0.2663918138933764,0.41614261203236397,,,
0.4,0.3,0.0,0.2,0.2,0.3,1.0088788317036623,0.8468228706217842,0.827745216753177,0.9163314273387829,0.7070327819365338,0.2816511806138934,0.438146919650725,,,
0.2,0.3,0.1,0.1,0.2,0.5,1.0088419548070724,0.8595481045192486,0.8313918500089493,0.9098309046321527,0.7053559519934907,0.2940680497576737,0.4508152650805095,,,
0.2,0.3,0.15,0.05,0.15,0.4,1.0086523334662278,0.8030010862314797,0.8362893486665474,0.929070002270663,0.7109591708706265,0.2462638306946688,0.3995173094608668,,,
0.2,0.3,0.05,0.2,0.15,0.4,1.0085803439367351,0.8728690181141902,0.8390800594236622,0.9055269246139873,0.6802146151342554,0.3421777214862682,0.44588089209324683,,,
0.2,0.2,0.1,0.1,0.2,0.4,1.0084916235675652,0.8663745967639949,0.8302240823339896,0.9058162461398728,0.7045831342554922,0.2964184646203554,0.46313457133701835,,,
0.2,0.3,0.05,0.1,0.15,0.4,1.008404299998207,0.8506599162606162,0.8315252888849115,0.9146200290644869,0.7065316183889341,0.28912815702746364,0.4393137414083153,,,
0.2,0.3,0.0,0.1,0.15,0.3,1.0082786083094875,0.8423602953815634,0.8235446486486487,0.9173126784741145,0.7138617298616762,0.266628579644588,0.4395936073059361,,,
0.2,0.3,0.0,0.1,0.2,0.3,1.0082628343298015,0.8464309545099499,0.8155416728118847,0.9130902061762035,0.7182426151342556,0.25310738804523425,0.45539231226467997,,,
0.3,0.2,0.15,0.15,0.1,0.4,1.0081220096437737,0.8397070739569772,0.8505823801682476,0.916639110808356,0.6820769560618388,0.32439214022617124,0.4093254139229352,,,
0.3,0.1,0.15,0.2,0.1,0.3,1.0081089545010409,0.8589529352922943,0.8536786389833543,0.9060762093551317,0.6563164027664767,0.3714612045234249,0.40753880317231433,,,
0.3,0.3,0.15,0.1,0.15,0.5,1.0080452531197988,0.8310001007253114,0.8415447327725076,0.9213708851044504,0.7033268844589097,0.2857284788368336,0.416843962989666,,,
0.3,0.3,0.1,0.15,0.1,0.4,1.0080235835382954,0.8275462905957472,0.8458903069625916,0.9231575009082652,0.6917438218063466,0.30096809822294024,0.40585606825282383,,,
0.3,0.3,0.15,0.2,0.05,0.4,1.0080110741089783,0.8144055449011222,0.8576489266153571,0.9237977811080835,0.667619181448332,0.32380001938610664,0.38201664872226226,,,
0.4,0.1,0.15,0.15,0.15,0.3,1.0078173286080023,0.836687087992065,0.8441443474136388,0.9167727025431426,0.6934076322213182,0.3014357027463651,0.41846088055755826,,,
0.3,0.1,0.15,0.05,0.2,0.3,1.0077025182825905,0.8300960251689294,0.8294034868444604,0.9186853442325159,0.7187492017900732,0.25310000516962844,0.432048047905151,,,
0.4,0.2,0.05,0.2,0.2,0.3,1.007669546960868,0.8588751137065278,0.8325612539824594,0.9104384028156222,0.6999653165174939,0.30336556122778674,0.4456704840182648,,,
0.3,0.3,0.1,0.2,0.05,0.3,1.0076584082864188,0.799778675196826,0.8550469622337569,0.9287946589464123,0.6701213124491456,0.30566763231017774,0.375473128254426,,,
0.3,0.3,0.15,0.1,0.15,0.4,1.0075525978027435,0.8049690366623271,0.8405823354215142,0.9288669173478655,0.7056738893409276,0.2588965744749596,0.3993137292317552,,,
0.3,0.3,0.1,0.2,0.2,0.5,1.0075453922347677,0.8672242160808382,0.8379191478432074,0.9073442761126249,0.6907381692432872,0.32570550759289174,0.44613755859969556,,,
0.3,0.3,0.05,0.2,0.15,0.4,1.0075438858591763,0.860615916409398,0.8387951686056918,0.9111776217075386,0.6890443905614321,0.3260595618739903,0.43441368469117997,,,
0.2,0.3,0.1,0.05,0.15,0.4,1.007537206784942,0.8207557957969127,0.8322263345265796,0.9245920940054496,0.7146175142392188,0.25664657964458804,0.4168085878394617,,,
0.3,0.3,0.1,0.15,0.1,0.3,1.007521437563389,0.794891062302399,0.8455272777877215,0.931799068119891,0.6931447054515867,0.26801348303715666,0.385607890250741,,,
0.4,0.2,0.15,0.2,0.1,0.3,1.0075212798365691,0.8095127814766598,0.8526802346518705,0.9246716117166212,0.6777342099267697,0.30208342617124395,0.38904896290955704,,,
0.3,0.3,0.1,0.15,0.2,0.5,1.0073106450536071,0.8584864503626558,0.8350062280293539,0.9108827102633968,0.7009840073230269,0.30513474701130855,0.4437016697909157,,,
0.3,0.3,0.0,0.15,0.15,0.3,1.0072308621977517,0.842273419130866,0.8294613515303383,0.9187241112624887,0.7076311497152156,0.28218868626817445,0.43253525706961465,,,
0.4,0.3,0.05,0.2,0.2,0.4,1.0072022263119706,0.8527566475234022,0.8334337789511366,0.9138784523160762,0.70149295362083,0.30002432633279486,0.43814514443643354,,,
0.3,0.3,0.05,0.15,0.1,0.3,1.0071634993097744,0.8156726214121878,0.8411719715410775,0.9277911571298819,0.6973656427990236,0.2816228516962843,0.4019114240166627,,,
0.3,0.2,0.1,0.15,0.2,0.4,1.0071294965026771,0.8648933089579072,0.8344576991229641,0.9073774132606721,0.6994777200976403,0.3094342067851373,0.4527230446206841,,,
0.4,0.3,0.1,0.15,0.2,0.3,1.0069980004241783,0.8011283944206806,0.8319864267048505,0.9303747438692099,0.7105276135069162,0.24364094151857835,0.4017218606104302,,,
0.4,0.2,0.15,0.15,0.15,0.3,1.0069807446654588,0.8047634804785816,0.8439153375693573,0.9276363033605813,0.698348913751017,0.26852574281098546,0.3980397080829929,,,
0.2,0.2,0.15,0.05,0.1,0.4,1.0069516134611796,0.8266209850102287,0.8458763397172007,0.9214703796548592,0.7020115459723353,0.28707283037156706,0.41252282303933346,,,
0.3,0.3,0.1,0.1,0.2,0.3,1.0068703977670177,0.7984639811542992,0.8267044888133166,0.9302709436875568,0.7158374214808787,0.23053970791599354,0.40257761371465195,,,
0.3,0.3,0.15,0.2,0.05,0.3,1.0068631977434161,0.7785280456512306,0.8585567363522463,0.9316093415077202,0.6668842188771359,0.28937082843295636,0.362121151486021,,,
0.2,0.3,0.15,0.1,0.2,0.6,1.0067446955268309,0.8632160159692518,0.8363295677465545,0.9082288796548592,0.7004406061838894,0.3098768310177706,0.4494049042698069,,,
0.2,0.3,0.1,0.15,0.15,0.5,1.006602936970877,0.8660685224226645,0.8402342770717738,0.90808880835604,0.6891759275834011,0.3309421712439419,0.44141335928863257,,,
0.3,0.3,0.15,0.15,0.1,0.5,1.0065558156366297,0.8358780674973654,0.8495072403794524,0.9191510826521344,0.6871934157851912,0.31753507463651054,0.4090263133862052,,,
0.2,0.2,0.1,0.15,0.2,0.4,1.006532191647381,0.876360784328312,0.8342782122785036,0.9011965903723888,0.6919791253051262,0.3227179308562197,0.46959085492269487,,,
0.3,0.2,0.05,0.15,0.15,0.3,1.0065194618989943,0.8561766479697478,0.8347983839269733,0.9121040108991825,0.6993350341741253,0.30675425266558964,0.4402251351437955,,,
0.2,0.3,0.1,0.1,0.15,0.5,1.0063240894967078,0.8561968803917921,0.8373059611598354,0.9120073673932788,0.700636655817738,0.30783762584814217,0.43919277897941206,,,
0.2,0.3,0.15,0.15,0.05,0.5,1.0063077051323133,0.8418512118529539,0.8559144730624664,0.9161650603996367,0.6718292156224572,0.34661819644588043,0.4011463641752784,,,
0.3,0.2,0.05,0.2,0.15,0.3,1.0062973259002455,0.868515968656624,0.8389691924109541,0.9068849332425067,0.684441479251424,0.3371741111470113,0.4428131425138188,,,
0.3,0.3,0.1,0.1,0.15,0.4,1.0062679543520274,0.8215731809807203,0.8368559318059782,0.9250199927338782,0.7092468161106591,0.2694605602584814,0.41460009885444205,,,
0.2,0.2,0.1,0.1,0.15,0.4,1.0062496429769536,0.8632539795672927,0.8368092725971004,0.9083510676657585,0.6987737746135069,0.3132755024232633,0.44794047825042055,,,
0.2,0.3,0.15,0.2,0.05,0.5,1.0061867146848327,0.8531128418820902,0.857701206192948,0.9112622370572206,0.6573925475996745,0.37511531050080776,0.39911428743090605,,,
0.4,0.1,0.15,0.1,0.2,0.3,1.006134651234906,0.8301431369660901,0.8344287837837838,0.9194031598546776,0.7124756680227827,0.2673854410339257,0.4278479887847473,,,
0.4,0.2,0.15,0.15,0.15,0.4,1.0061268432189547,0.8330945627177484,0.8442760816180419,0.919449940054496,0.6966802855980472,0.2985106429725364,0.4165682973644156,,,
0.2,0.3,0.05,0.15,0.1,0.4,1.0060220995650713,0.8581129417891017,0.8418997963128692,0.9125703628519528,0.687036986167616,0.3323369143780291,0.4280849108387407,,,
0.4,0.3,0.05,0.15,0.2,0.3,1.0059709180777943,0.8180225668340463,0.82800936835511,0.926150193914623,0.7142994231082181,0.25323726397415186,0.41788307329968755,,,
0.2,0.3,0.1,0.2,0.2,0.5,1.005958228156522,0.8769311465377224,0.8378055392876321,0.9021323496821071,0.6835671423921887,0.3396935302100162,0.4594905080509493,,,
0.2,0.2,0.15,0.15,0.05,0.4,1.0059259664893436,0.84692012983696,0.8583155267585466,0.9123602356948229,0.6622805866558178,0.3629337001615509,0.39967226948650164,,,
0.3,0.3,0.05,0.15,0.15,0.4,1.0058927931298793,0.8495577313991692,0.8357235086808663,0.9156128360581289,0.7012542091131001,0.3024433357027464,0.4332244514940319,,,
0.2,0.3,0.15,0.1,0.1,0.3,1.0058796377537624,0.768864380335999,0.8460939285842134,0.9360750331516803,0.6948597868185517,0.24164034830371567,0.3685065287190579,,,
0.3,0.2,0.15,0.05,0.2,0.4,1.0058656030985444,0.8272798846692703,0.8318156201897261,0.9211010572207085,0.7176848633034988,0.25820559224555734,0.4274376284546984,,,
0.4,0.3,0.15,0.2,0.1,0.4,1.0057193045166866,0.8104448584960635,0.8514026849829963,0.925940093551317,0.6838844703010578,0.29899649499192243,0.39189710758631735,,,
0.2,0.3,0.15,0.15,0.2,0.6,1.005699967239135,0.8711510509949786,0.838956344191874,0.9048235949137148,0.6907534841334417,0.3302059192245557,0.4526073217976448,,,
0.2,0.2,0.15,0.1,0.05,0.3,1.0056702331093945,0.794323503614159,0.856516262752819,0.9275186303360581,0.6804466452400325,0.28923712762520193,0.3785757563085797,,,
0.3,0.3,0.05,0.1,0.2,0.3,1.0056399186199871,0.8164563943958837,0.8223494565956686,0.9252593710263397,0.7197974288039056,0.24008793667205172,0.42090828342545866,,,
0.2,0.2,0.15,0.1,0.2,0.5,1.0055723439930924,0.8696843254354969,0.8358984784320744,0.9044557879200726,0.6989702115541091,0.3150093531502423,0.4597959924697589,,,
0.2,0.1,0.1,0.1,0.2,0.3,1.0055600302973315,0.8751279098381997,0.8288682192589941,0.8997165921889192,0.7036526891781937,0.30045678061389336,0.4838212625170232,,,
0.2,0.2,0.1,0.05,0.2,0.4,1.0054690233972066,0.8547991286591036,0.8259777247180956,0.9101449777475024,0.716517300244101,0.2746772355411955,0.45827911687895534,,,
0.4,0.2,0.1,0.15,0.15,0.3,1.00534376464295,0.823310032384849,0.8397429974941828,0.9235154128065395,0.7025021049633848,0.28093628626817446,0.41416056124329087,,,
0.3,0.3,0.0,0.2,0.1,0.3,1.0053370347988257,0.8498802566486888,0.8400155824234832,0.9170827729336967,0.6866770414971521,0.327014566720517,0.4208662042778178,,,
0.4,0.3,0.15,0.15,0.2,0.3,1.0051798473139002,0.7834926834046246,0.8362956824771791,0.9338983042688465,0.7069308006509357,0.23563417124394187,0.3880167182568293,,,
0.3,0.2,0.1,0.2,0.2,0.4,1.0051136008976216,0.8743002922819416,0.8380181444424558,0.903031068119891,0.687435704637917,0.3351026642972536,0.4569501848914524,,,
0.3,0.1,0.1,0.15,0.2,0.3,1.00510275483786,0.8731109087099374,0.8341147705387506,0.9021108319709354,0.6975897062652563,0.3159847237479806,0.4673197492589922,,,
0.2,0.3,0.1,0.05,0.2,0.5,1.0050998773168502,0.8491713742979355,0.8281557803830321,0.9134497216167121,0.7155649633848657,0.2761893673667205,0.4479647544660738,,,
0.3,0.2,0.1,0.1,0.2,0.4,1.0050397063984096,0.8541361291426446,0.8309090656882048,0.9115056321525886,0.7109201065907241,0.28771126914378026,0.4496494874629496,,,
0.4,0.3,0.15,0.15,0.15,0.4,1.0049869733798216,0.8061089801004278,0.8437701993914444,0.9282678474114442,0.7008115199349064,0.2707715366720517,0.39943870095329653,,,
0.2,0.2,0.15,0.05,0.2,0.5,1.0049604841315758,0.8600708472878309,0.8326459856810453,0.9083747238873752,0.709767065093572,0.2938181260096931,0.4557942262276697,,,
0.2,0.3,0.15,0.05,0.2,0.6,1.0049306497210817,0.8543834364639513,0.8337127712546983,0.9114626730245231,0.7098160073230269,0.2922538242326333,0.44695157638388205,,,
0.3,0.1,0.1,0.1,0.2,0.3,1.0048711128585295,0.8611948634554584,0.8293559088956507,0.9072591153496821,0.7113209031733116,0.28859976284329564,0.46165083217175357,,,
0.2,0.2,0.15,0.2,0.05,0.4,1.0048111973691656,0.8595753979542495,0.8599543658492931,0.9060441248864669,0.6444017355573637,0.3971869757673667,0.39702304205719774,,,
0.3,0.2,0.05,0.1,0.2,0.3,1.0048007784590276,0.8473215669208356,0.8237064829067479,0.9139017243415077,0.7181813490642799,0.2673643515347334,0.4513322964031082,,,
0.3,0.3,0.15,0.15,0.2,0.6,1.0047864860927798,0.8618310066579877,0.8391324030785753,0.90907348955495,0.6966184410089503,0.31947103909531505,0.4431687190579188,,,
0.2,0.2,0.1,0.1,0.05,0.3,1.00477492672882,0.8198375047796169,0.8526837243601216,0.9234741830154405,0.6849122457282344,0.30965120323101775,0.39717814307458144,,,
0.4,0.3,0.1,0.2,0.2,0.5,1.0047429038134277,0.8570097128758292,0.8378573696080186,0.911661143051771,0.6968978437754272,0.31546231857835216,0.4381602641993111,,,
0.2,0.2,0.05,0.1,0.1,0.3,1.00470900693296,0.8523016117785631,0.8382371152675854,0.9141483415077202,0.6985617794955248,0.31118115735056545,0.43352044636705916,,,
0.2,0.2,0.05,0.2,0.2,0.3,1.004682813050111,0.8835833214803794,0.8323198124216932,0.8969101348773841,0.6816866314076485,0.3347970300484652,0.4866717301930626,,,
0.2,0.1,0.1,0.05,0.2,0.3,1.0046746701503855,0.8622205510383733,0.823237539287632,0.9051229005449591,0.7180692506102523,0.27265754830371564,0.47491852647600735,,,
0.3,0.3,0.1,0.1,0.2,0.5,1.0045987548805382,0.8487634138739073,0.8323362217648111,0.9145476521344232,0.7107940341741253,0.287157839095315,0.441980199471281,,,
0.2,0.3,0.0,0.1,0.1,0.3,1.0045667741754776,0.8359140300043394,0.8320344288526937,0.9218706457765669,0.7085833645240033,0.28290320646203554,0.4257850321236882,,,
0.4,0.3,0.15,0.15,0.15,0.5,1.0045142123609154,0.8303672405430538,0.8441785119026312,0.9212947602179837,0.6990728901545972,0.29651326849757675,0.41523531683089,,,
0.4,0.2,0.15,0.1,0.2,0.4,1.0045054400848956,0.8274921600644722,0.8359540877035977,0.9215146112624887,0.7125148128559805,0.27000625137318257,0.4244311425138188,,,
0.2,0.2,0.05,0.15,0.1,0.3,1.0043107523939552,0.8670131922385469,0.8423629298371219,0.9080072883742053,0.6809965996745322,0.3473212497576737,0.4354631327405271,,,
0.2,0.3,0.15,0.05,0.1,0.5,1.004300116741583,0.8241914817928213,0.8452164105960265,0.9232441752951862,0.7039983539462978,0.28676430759289173,0.4116488497957222,,,
0.3,0.3,0.05,0.2,0.05,0.3,1.004274586095141,0.821284920810861,0.8514391263647754,0.9249721662125341,0.6739635549227013,0.32586156575121167,0.3913424526155571,,,
0.3,0.3,0.15,0.1,0.2,0.3,1.0042016535800418,0.7795573888537599,0.8313183721138357,0.9342546198910082,0.7121203401139137,0.2232418804523425,0.38725655547544663,,,
0.3,0.3,0.15,0.15,0.1,0.3,1.0042006546980884,0.7739183682350753,0.8498045822444962,0.9348491730245232,0.6894390642799023,0.25708911922455574,0.3718391200833133,,,
0.4,0.2,0.1,0.2,0.2,0.4,1.00417906143976,0.8628725889529478,0.8375495593341685,0.908423470027248,0.6947941700569569,0.3213914281098546,0.4447698819194104,,,
0.3,0.3,0.15,0.05,0.2,0.5,1.0041586789255956,0.8251757731324779,0.8334321619831753,0.9226504246139873,0.7170364694873882,0.26189152633279483,0.4242953315709365,,,
0.4,0.3,0.0,0.2,0.15,0.3,1.004110083341254,0.8412234147913954,0.8338021149096116,0.919838074023615,0.7019503978844589,0.29664227140549276,0.4276094592645998,,,
0.3,0.3,0.05,0.1,0.2,0.4,1.0039586031810415,0.8423052689107929,0.8264299310900305,0.9169045717529519,0.7169594857607811,0.2703217266558966,0.4424301025394537,,,
0.2,0.1,0.1,0.1,0.15,0.3,1.003951543713284,0.8727004725559483,0.8364873814211562,0.9026312715712987,0.6962579967453214,0.3220460781906301,0.46303412016342227,,,
0.2,0.3,0.05,0.1,0.1,0.4,1.0038620521670198,0.8452329845638832,0.8388802257025237,0.917722300181653,0.7011103938161106,0.3054318714054927,0.42745935880797886,,,
0.2,0.3,0.1,0.05,0.2,0.3,1.0038450598956228,0.7944475557621969,0.819584029532844,0.9295930031789282,0.7214266029292107,0.21723446720516965,0.40435025378514783,,,
0.4,0.2,0.05,0.15,0.2,0.3,1.0037909602460156,0.8467176823011593,0.8288828211920529,0.9151332652134423,0.7121219764035801,0.28147781647819065,0.44371294704798525,,,
0.2,0.1,0.15,0.05,0.2,0.4,1.003749563161986,0.8673533831008616,0.8314458419545374,0.9038131462306993,0.7099078706265256,0.2962029718901454,0.4693481555715774,,,
0.2,0.2,0.1,0.15,0.15,0.4,1.003698150771413,0.8740094621040234,0.8404569164131019,0.9035035535876476,0.6850310024410089,0.3429674714054927,0.45217187999679564,,,
0.3,0.2,0.15,0.15,0.2,0.5,1.0036595224922373,0.867851556754076,0.8390312108466081,0.9057343201634878,0.6945920431244915,0.32598825137318255,0.45096810253945363,,,
0.3,0.3,0.15,0.2,0.2,0.6,1.003654662206868,0.8693964124480813,0.841432330767854,0.9058644368755677,0.6872504841334418,0.3394089757673667,0.44525982327966035,,,
0.2,0.3,0.15,0.1,0.15,0.6,1.00364470659575,0.86009318041039,0.8416849414712726,0.9097208401453225,0.6958245101708707,0.32324070759289175,0.4391111848113435,,,
0.2,0.3,0.15,0.1,0.05,0.4,1.0036368153891604,0.7982379378339843,0.853937056917845,0.9286452765667575,0.6872984882017901,0.2881309848142165,0.3838247429303853,,,
0.2,0.1,0.15,0.15,0.05,0.3,1.0035570495732162,0.8537874953815634,0.861113056738858,0.9056973574023615,0.6473607502034174,0.38819839224555736,0.3972559556196427,,,
0.2,0.2,0.1,0.05,0.15,0.4,1.0035307413731656,0.8507685830760647,0.8332949815643458,0.9130303769300636,0.7118035964198535,0.28880749466882066,0.44510317952415285,,,
0.3,0.3,0.15,0.1,0.2,0.6,1.003505251114667,0.8534773941603124,0.8369513889386075,0.9122809891008175,0.705635506916192,0.30208638255250403,0.44164443338940956,,,
0.2,0.1,0.1,0.05,0.15,0.3,1.0035002476228136,0.858579123253363,0.8315035988902809,0.9085729346049046,0.7123035768917819,0.29010660936995153,0.45714922182167744,,,
0.4,0.3,0.1,0.15,0.15,0.4,1.0034659252913827,0.8216978219577211,0.8403255906568821,0.9248679550408719,0.7042302571196094,0.2815464077544426,0.41308719842986463,,,
0.2,0.1,0.15,0.1,0.05,0.3,1.003437937778799,0.8365749353914822,0.8590760572758189,0.9133579305177112,0.6697679194467047,0.3451443961227787,0.4010046546503244,,,
0.3,0.3,0.1,0.15,0.15,0.5,1.0034301556053014,0.8546190471018535,0.8404379219616969,0.9127763106267031,0.696138265256306,0.31904321873990305,0.43378640022430504,,,
0.3,0.2,0.15,0.1,0.2,0.5,1.0033756190849352,0.8587916211766164,0.8362889906926795,0.9093824886466849,0.704981523189585,0.3051472413570275,0.44839942177361214,,,
0.2,0.1,0.15,0.2,0.05,0.3,1.003334642993914,0.8680345955737401,0.8623825784857705,0.898078767938238,0.6232826566314076,0.4286358358642972,0.3935822313546423,,,
0.2,0.2,0.1,0.05,0.1,0.3,1.0033005425057848,0.8123669563697229,0.8402677061034544,0.9267728356039964,0.71020355817738,0.26555132600969306,0.40894219738844834,,,
0.3,0.1,0.15,0.1,0.1,0.3,1.0032626732747887,0.8285330802802059,0.8498943001610882,0.9184487865576749,0.6923031301871441,0.3052147819063005,0.41209716222062004,,,
0.2,0.2,0.15,0.1,0.05,0.4,1.0032252882170622,0.832344847238237,0.8561848920708789,0.9178596948228883,0.6796194646053703,0.3308648743134087,0.4023551388288072,,,
0.2,0.3,0.05,0.2,0.1,0.4,1.0031992547993436,0.8692633599404873,0.8451065249686773,0.9076583038147139,0.6722005524816925,0.3646885137318255,0.4295600142593928,,,
0.3,0.3,0.1,0.2,0.15,0.5,1.003194514235286,0.863909924245242,0.8428433432969392,0.9089417538601271,0.6851694556550041,0.34166670242326336,0.43486729327885926,,,
0.4,0.2,0.1,0.2,0.1,0.3,1.0031763508252571,0.8286589230921828,0.849081514766422,0.9206780599455041,0.681672572009764,0.3200781945072698,0.40481851622206205,,,
0.4,0.3,0.05,0.15,0.2,0.4,1.0030855536345156,0.841971922311078,0.8307418029353857,0.9179622706630336,0.7118970187144019,0.2820301621970921,0.43714242361611794,,,
0.4,0.3,0.15,0.1,0.2,0.5,1.0030366267902653,0.8254778410513917,0.8369396649364595,0.9229592220708447,0.7125991334418227,0.2719509647819063,0.422006044861011,,,
0.2,0.3,0.05,0.05,0.2,0.4,1.0028875509677682,0.8418300901122063,0.8207965246107034,0.9155139259763851,0.7224167404393816,0.25802443747980613,0.4493613299687575,,,
0.2,0.3,0.1,0.2,0.15,0.5,1.0028387736293263,0.8747261696856984,0.8430146674422767,0.9040010113533151,0.6771532408462164,0.35805278513731825,0.4446044736041016,,,
0.4,0.2,0.1,0.15,0.2,0.4,1.0028374473716701,0.8528037440208295,0.8346867852156793,0.9124554455040872,0.705762777054516,0.299966757996769,0.44308912809420814,,,
0.4,0.3,0.1,0.2,0.1,0.3,1.002802861791439,0.7964638971421486,0.848411333273671,0.9304889096276113,0.6880181977217249,0.28247188109854604,0.3872679703596892,,,
0.2,0.3,0.1,0.05,0.15,0.5,1.0027988339828162,0.8451175484470895,0.8346672785036692,0.9159732888283378,0.7116883840520749,0.2880378352180937,0.4377118940959705,,,
0.4,0.3,0.1,0.15,0.2,0.5,1.0027599564302416,0.8478553318455149,0.8356536937533561,0.9152962243415077,0.706380309194467,0.2976074462035541,0.43723411247296323,,,
0.3,0.2,0.1,0.15,0.15,0.4,1.0027435941843639,0.8609679924865166,0.8402541124037946,0.9093611852861035,0.6935379820992676,0.32642701453957995,0.43997067211407515,,,
0.2,0.2,0.05,0.05,0.2,0.3,1.0026724112472634,0.8467573833736284,0.8165403173438338,0.9119056389645777,0.7247326501220505,0.2524990255250404,0.4617453648962589,,,
0.2,0.3,0.1,0.1,0.05,0.4,1.0025467568488022,0.8185257289690658,0.8507277342044031,0.9252785263396912,0.6909781358828315,0.30431809757673667,0.39921036641832897,,,
0.3,0.3,0.1,0.2,0.05,0.4,1.0024938565527985,0.8319985519310644,0.8548274453194916,0.9201613960036331,0.6709405679414158,0.34315262035541194,0.39660009532964835,,,
0.2,0.2,0.05,0.2,0.15,0.3,1.0024411916028961,0.8822636750852396,0.8391705833184178,0.899401055404178,0.6728181765663142,0.3604612219709209,0.4630113176319795,,,
0.3,0.1,0.15,0.1,0.2,0.4,1.002394413864402,0.8655461359618127,0.835630780204045,0.9054631657584015,0.7042390056956875,0.30952342875605815,0.45844523015300814,,,
0.2,0.2,0.15,0.1,0.15,0.5,1.0023750325628584,0.866677756270535,0.8417587279398604,0.9062306471389645,0.6933261269324654,0.3313194365105008,0.4466743262036369,,,
0.4,0.1,0.1,0.15,0.2,0.3,1.0023284622144242,0.8592235544479574,0.8336316794344013,0.9085956839237057,0.7051083783563873,0.30336322714054925,0.4517528738284066,,,
0.4,0.3,0.05,0.2,0.15,0.4,1.00232360280585,0.8479186699150704,0.8389464517630213,0.9164569813805631,0.6964525614320586,0.314628417447496,0.4287431864135224,,,
0.2,0.2,0.05,0.05,0.15,0.3,1.0023216840603335,0.8421990678569214,0.8251796248433865,0.916197131698456,0.7204098169243287,0.26620170210016153,0.44622964768084594,,,
0.4,0.3,0.1,0.2,0.1,0.4,1.002298606748516,0.8264702936457753,0.8483604442455701,0.9226324704813805,0.687197497965826,0.31367691308562196,0.40527721429143637,,,
0.2,0.3,0.15,0.15,0.15,0.6,1.0022985280967727,0.8685074286529044,0.8439380331125828,0.9062744677565849,0.685444202603743,0.3455367495961228,0.441023724905872,,,
0.2,0.3,0.15,0.1,0.05,0.5,1.0021877929049774,0.829253884024549,0.8539610078754251,0.920579817438692,0.6859137477624084,0.3220602597738288,0.40325072098053355,,,
0.4,0.3,0.15,0.2,0.2,0.6,1.0021292544335412,0.8601828143078545,0.841386183998568,0.9096800967302453,0.6930518437754272,0.3283922778675283,0.43817529904670355,,,
0.4,0.1,0.1,0.2,0.2,0.3,1.002113362162465,0.8703241135701445,0.8375314578485771,0.9037852079927339,0.6920006086248983,0.3301655767366721,0.4549251014980373,,,
0.2,0.3,0.0,0.15,0.05,0.3,1.0020504039222247,0.8442890604922201,0.8444557102201539,0.9200512579473207,0.6840993238405207,0.3349025828756058,0.41278372698870464,,,
0.2,0.3,0.05,0.05,0.2,0.3,1.0020245054667791,0.8135850627487446,0.8147369387864685,0.9229179986376022,0.7256897640358014,0.2261617040387722,0.42553519282223823,,,
0.2,0.3,0.15,0.05,0.15,0.6,1.0020139323276882,0.8507310781228691,0.8395623678181493,0.9132501326067212,0.7058303010577706,0.304168715993538,0.4377963893294881,,,
0.2,0.2,0.15,0.05,0.15,0.5,1.001956128449237,0.8563927764924679,0.8391151723644173,0.910188255222525,0.7050001554109032,0.3078982358642972,0.4443132538652567,,,
0.4,0.2,0.05,0.2,0.15,0.3,1.0018685269724648,0.8537102221065029,0.8383755160193306,0.9130976403269755,0.6936534987794954,0.3213385537964459,0.4335744021469198,,,
0.3,0.2,0.15,0.1,0.1,0.4,1.0018242439759069,0.8258708373194469,0.8488615229998211,0.9210937715712989,0.6963914336859236,0.3012307896607431,0.41119224577425295,,,
0.2,0.2,0.15,0.15,0.2,0.5,1.0018214443964129,0.878070876697043,0.8389127137998925,0.900242457311535,0.6876719283970708,0.3403398604200323,0.4649720456621005,,,
0.3,0.2,0.1,0.2,0.05,0.3,1.0017726632644368,0.8352298567478768,0.8569580640773223,0.9170826630336059,0.6603400423108218,0.35923092600969303,0.39394458207161737,,,
0.3,0.1,0.15,0.05,0.15,0.3,1.0017221116996042,0.8216022039551175,0.8388054723465187,0.9218221162579473,0.7144209585028478,0.2667032736672052,0.42235654265801487,,,
0.4,0.3,0.05,0.2,0.1,0.3,1.0016872449391074,0.8155606160808382,0.8445187950599606,0.9269656326067212,0.691846425549227,0.2965257563812601,0.40180648353761117,,,
0.3,0.2,0.05,0.1,0.15,0.3,1.0016015310394142,0.8418495148471886,0.8312282146053338,0.9176245567665758,0.7133542717656631,0.282010059450727,0.4387271732756549,,,
0.2,0.1,0.15,0.1,0.2,0.4,1.0015946400513023,0.8777320195648131,0.8354435792017182,0.8988296584922797,0.69712090724166,0.3230227844911147,0.47622551998718254,,,
0.2,0.3,0.1,0.1,0.1,0.5,1.001568563829217,0.8514628626371582,0.8438504591014856,0.9140750976385105,0.6952711204231082,0.32340835541195473,0.4287558154289834,,,
0.2,0.3,0.15,0.2,0.2,0.6,1.0014595472007013,0.8781765220755069,0.841317130123501,0.9011783224341507,0.6806418030919447,0.3535297919224556,0.45664966754786507,,,
0.2,0.2,0.15,0.05,0.1,0.3,1.001415463673986,0.7880574471514475,0.8453973590477896,0.9311796961852862,0.7054703148901545,0.2525073757673667,0.38985638900905234,,,
0.4,0.2,0.15,0.2,0.1,0.4,1.0013259243002317,0.837392286057901,0.8524363855378557,0.9165247452316075,0.6779187591537835,0.336571975444265,0.4082235497877113,,,
0.4,0.3,0.15,0.15,0.2,0.6,1.0013023432971866,0.8522549836463952,0.8395672607839627,0.9128904845594914,0.7017658494711148,0.3112902365105008,0.43732520515901624,,,
0.4,0.3,0.15,0.2,0.1,0.5,1.0012827636116344,0.8343259842539211,0.8513537086092715,0.9189921030881018,0.683409425549227,0.3281348,0.40813751566129935,,,
0.2,0.3,0.05,0.05,0.15,0.4,1.0011907108623748,0.8372173854069803,0.8282154079112224,0.9187300862851953,0.7188307070789259,0.2696732226171244,0.4376787179363935,,,
0.2,0.3,0.1,0.15,0.1,0.5,1.0011620788162066,0.8620408598351,0.8461490153928762,0.9096477824704814,0.6828634418226199,0.3491215657512116,0.42940981158375396,,,
0.3,0.2,0.1,0.1,0.15,0.4,1.0010801010351509,0.8494069650486641,0.8375441634150708,0.9140173038147139,0.7059417518307567,0.30240992891760904,0.438652605944084,,,
0.4,0.3,0.0,0.15,0.2,0.3,1.0010057423482581,0.8338241390366375,0.8244480832289243,0.9208342756584923,0.7185110724165988,0.2647390468497577,0.4370716808459505,,,
0.3,0.3,0.05,0.2,0.1,0.4,1.0009900143755728,0.8554720632570827,0.8447071564345804,0.9133741117166213,0.682291620829943,0.34496621130856214,0.4231184465272771,,,
0.2,0.1,0.15,0.05,0.15,0.4,1.0009824973700305,0.8638576128448329,0.8385547103991409,0.9060525812897366,0.7040157681041497,0.3134241040387722,0.45430443579267804,,,
0.4,0.3,0.15,0.2,0.1,0.3,1.0009386878672075,0.7776045029818361,0.8522790819760158,0.9332783574023615,0.6846887420667209,0.2711408439418417,0.374766641352239,,,
0.3,0.3,0.0,0.15,0.1,0.3,1.0009190877482552,0.8350879468104891,0.8370367895113657,0.9227407574931881,0.70208167453214,0.299229952180937,0.4216542784587038,,,
0.3,0.3,0.1,0.1,0.15,0.5,1.0009149974607185,0.8442640158452668,0.8383088573474137,0.9169281026339691,0.7067646248982913,0.2994677227786753,0.4331906610590403,,,
0.2,0.3,0.0,0.2,0.05,0.3,1.0008601200249616,0.8596558779740872,0.8478482819044209,0.9129830222524977,0.6646866777868186,0.374882315993538,0.4112456664263398,,,
0.2,0.3,0.1,0.05,0.1,0.4,1.000827650211012,0.8122541966400099,0.8404645052801146,0.9274648465031788,0.7108842343368592,0.26907491760904684,0.408665202435312,,,
0.3,0.3,0.05,0.1,0.15,0.4,1.0007772931308383,0.8371314537226459,0.8331333826740648,0.9202790685740235,0.7130595980471928,0.2825555663974152,0.4326307118481134,,,
0.4,0.2,0.15,0.15,0.2,0.5,1.0007567175680512,0.8571216789535676,0.8391581886522284,0.9100840154405087,0.7005598152969894,0.3156464458804523,0.4426003286069054,,,
0.4,0.2,0.15,0.2,0.2,0.5,1.0006537547619163,0.8656940945260677,0.8414163912654377,0.9065870013623979,0.6905769292107404,0.3361132555735057,0.44407042746134745,,,
0.3,0.3,0.05,0.1,0.15,0.3,1.0006351141260774,0.8082827986609633,0.8306957580096653,0.9290968219800182,0.7164637070789259,0.25135834959612274,0.4119128682207802,,,
0.2,0.2,0.1,0.1,0.1,0.4,1.00063069094599,0.8583047727729217,0.8440963545731163,0.9103160967302453,0.6919528299430431,0.3328342978998384,0.4342437106464792,,,
0.3,0.3,0.15,0.15,0.15,0.6,1.00063069094599,0.8583047727729217,0.8440963545731163,0.9103160967302453,0.6919528299430431,0.3328342978998384,0.4342437106464792,,,
0.3,0.3,0.15,0.1,0.1,0.5,1.0005164564264744,0.8238835944950715,0.8479688489350277,0.9228725762942779,0.6991722384052075,0.2985831547657512,0.410585332372026,,,
0.4,0.2,0.15,0.1,0.2,0.3,1.0005025410247799,0.7986404946500527,0.8347784315374978,0.92953841462307,0.7156860846216436,0.24374442520193862,0.406595445165425,,,
0.3,0.2,0.15,0.05,0.2,0.5,1.0004659183199696,0.848694141565929,0.833874989260784,0.9130797929155313,0.7149583344182262,0.28700083424878836,0.44656870223503964,,,
0.3,0.1,0.1,0.1,0.15,0.3,1.0004426573665894,0.8563608243010353,0.8364979624127439,0.9098745776566758,0.7050669585028478,0.30683467657512115,0.4470430007209806,,,
0.2,0.3,0.15,0.05,0.2,0.3,1.0003294082730931,0.7741308209038498,0.8246564762842313,0.9341183437783833,0.7176385703824247,0.21069796768982232,0.38706032155731795,,,
0.3,0.2,0.15,0.05,0.15,0.4,1.0002786837856454,0.8199677821089827,0.8395592908537677,0.9236375649409627,0.7142626078112286,0.26964582681744753,0.41966151389890255,,,
0.3,0.3,0.15,0.05,0.2,0.6,1.0002695979832317,0.8443386205442935,0.8350160801861464,0.9155744845594914,0.7144521895850284,0.2866680659127625,0.44055029816550506,,,
0.3,0.1,0.15,0.15,0.2,0.4,1.0002631883752107,0.8753248875333209,0.8391066547342044,0.9008612306993642,0.6920192082994304,0.33569052794830373,0.46293979828566856,,,
0.3,0.2,0.1,0.2,0.15,0.4,1.0002464718070327,0.8710847005889282,0.8432646031859675,0.904863169845595,0.6804398706265256,0.3550672213247173,0.44213387166546503,,,
0.3,0.2,0.15,0.2,0.2,0.5,1.000234034642911,0.8758623624821771,0.8417247734025417,0.9018099854677566,0.6837584507729862,0.35048503004846526,0.45442507698469914,,,
0.3,0.1,0.1,0.15,0.15,0.3,1.0001678154979148,0.869345742533011,0.8402930715947736,0.9044275122615804,0.6899233661513425,0.337945420355412,0.4498912785388128,,,
0.3,0.1,0.15,0.05,0.2,0.4,1.0001282814776546,0.8543164662575166,0.8323699931984965,0.9097057947320618,0.7158845801464605,0.28753484135702745,0.4552122526636226,,,
0.4,0.1,0.15,0.2,0.1,0.3,1.0000536394706423,0.8413013191990578,0.853525129944514,0.912616157129882,0.6701482961757527,0.34913351534733444,0.40833068364976366,,,
0.3,0.2,0.15,0.05,0.2,0.3,0.9999852659977279,0.7958431413303577,0.8295995238947557,0.9297156525885558,0.721651476810415,0.23058833990306948,0.40767662853480735,,,
0.3,0.3,0.0,0.1,0.2,0.3,0.9999518545890362,0.8331037266381501,0.8185864864864865,0.9191867470481381,0.7243944288039056,0.2515674494345719,0.44313539501722343,,,
0.4,0.2,0.1,0.1,0.2,0.3,0.9999492880637715,0.8164379281135701,0.8302356457848576,0.9253039632152589,0.7195635915378357,0.2533380510500808,0.4230307642393656,,,
0.4,0.3,0.1,0.2,0.15,0.5,0.9999346581577897,0.852732055148472,0.8428957538929658,0.9134857942779292,0.6920157786818552,0.32929936672051696,0.4296645948890491,,,
0.2,0.3,0.15,0.05,0.1,0.4,0.999888093134208,0.7927513864484533,0.8445087597995345,0.9310134041780199,0.7070897298616762,0.25789018222940224,0.39295910902827846,,,
0.3,0.3,0.05,0.15,0.1,0.4,0.9997464522880887,0.8435456729526998,0.8424193857168426,0.9185209954586739,0.695730018714402,0.31888829079159936,0.42355477657614354,,,
0.3,0.3,0.1,0.1,0.15,0.3,0.9997173314025871,0.7884411899820222,0.8354233841059602,0.933209508174387,0.7123724751830757,0.24128024232633277,0.3952174131218457,,,
0.3,0.3,0.15,0.1,0.15,0.6,0.9996634539719561,0.8494675222118901,0.8423783275460891,0.9139856952770209,0.7015879894222945,0.31408388949919225,0.4336573357366018,,,
0.3,0.3,0.15,0.2,0.05,0.5,0.9995783690450403,0.8395040150021698,0.8572960327546089,0.9161483919164396,0.6685333010577705,0.35727351211631664,0.4007917130497477,,,
0.2,0.3,0.05,0.05,0.15,0.3,0.9995674133112395,0.8055899934535986,0.8241825482369788,0.9286221930063578,0.7228891635475997,0.236720555088853,0.4142414680765842,,,
0.3,0.2,0.1,0.05,0.2,0.3,0.9995529921749351,0.8148753709751411,0.8245937492393056,0.9247937361489555,0.7256855142392188,0.239911701453958,0.4263097764960346,,,
0.4,0.3,0.15,0.1,0.2,0.4,0.9995480104533142,0.8008307350567231,0.8358643255772329,0.9296903905540418,0.7154196004882017,0.2493682255250404,0.40671057406072253,,,
0.3,0.2,0.1,0.1,0.1,0.3,0.9994805779108984,0.8131311971483478,0.8445794914981207,0.9260179886466848,0.7031105614320586,0.2819598022617124,0.4080076143555235,,,
0.4,0.1,0.15,0.15,0.2,0.4,0.9993917530721846,0.8632263652346414,0.8387300939681402,0.9064810181653044,0.6990628999186331,0.32173878642972537,0.4501083584074341,,,
0.4,0.3,0.05,0.15,0.15,0.3,0.9993312082930932,0.8097564662079226,0.835469105781278,0.9289333405994551,0.7104778746948739,0.2650839269789984,0.4105062159737243,,,
0.3,0.3,0.15,0.05,0.2,0.4,0.999301353336869,0.7986355708139607,0.8315541458743512,0.9297829282470481,0.7204764076484947,0.23821480516962842,0.40758879355924055,,,
0.2,0.3,0.05,0.1,0.05,0.3,0.9992778670004259,0.8026103668464447,0.8462515287274028,0.9307207415985467,0.697519376729048,0.283005211631664,0.39409398926540096,,,
0.3,0.2,0.05,0.15,0.1,0.3,0.9992012791173942,0.8495229910358937,0.8422391295865402,0.9152110867393278,0.6920376541903986,0.32751892471728594,0.4275132940799487,,,
0.2,0.0,0.15,0.05,0.2,0.3,0.9991832434735659,0.8768093685450375,0.830052043135851,0.896600946866485,0.7104210626525631,0.30036746429725364,0.4922429835776656,,,
0.3,0.2,0.1,0.05,0.2,0.4,0.9991353285840348,0.8420576429979542,0.8279208469661715,0.9157636398728429,0.7218922457282343,0.27018648529886913,0.4475432404069535,,,
0.3,0.3,0.15,0.2,0.15,0.6,0.9991071856571886,0.8663036389312504,0.8460047941650259,0.9069769314259765,0.6819899886086249,0.35454450533117926,0.4352434538171914,,,
0.4,0.3,0.1,0.1,0.2,0.4,0.9990405132374974,0.815893914500031,0.8321907989976731,0.926210591280654,0.7186370414971521,0.25782829919224554,0.4205976681887367,,,
0.3,0.2,0.15,0.1,0.15,0.5,0.9990178241912775,0.8545884356084559,0.8422210443887597,0.9109447266121707,0.7000960341741254,0.31932734862681744,0.438606406472803,,,
0.3,0.3,0.15,0.05,0.15,0.5,0.9990086592590719,0.8187641883082265,0.8399764499731519,0.9248094114441416,0.7141656273393002,0.2718055243941842,0.41779837875510695,,,
0.3,0.0,0.15,0.1,0.2,0.3,0.9989905337253651,0.874310796032484,0.8351986908895651,0.8993517270663034,0.7034633531326282,0.31631634313408724,0.4747394264199311,,,
0.3,0.3,0.1,0.05,0.2,0.5,0.9988566180415904,0.8380844934597979,0.8300460667621264,0.9180950013623979,0.7204123401139138,0.27231494862681743,0.44079522999279014,,,
0.4,0.3,0.15,0.1,0.2,0.6,0.998851019562916,0.8436061301097265,0.8379656169679615,0.9163409182561307,0.7103138063466233,0.2958945253634895,0.4367865511495634,,,
0.4,0.3,0.1,0.15,0.15,0.3,0.9988287782518767,0.791341143909243,0.8398125358868802,0.9325984872842871,0.7065760675345809,0.2549171702746365,0.3957298380197068,,,
0.3,0.2,0.15,0.15,0.15,0.5,0.9988259620703851,0.8642416496931374,0.8443325061750492,0.907013068119891,0.688955918633035,0.34224682778675286,0.4397914363534407,,,
0.2,0.2,0.1,0.2,0.2,0.4,0.9988210440528483,0.8847134975141033,0.8375669153391803,0.8963434173478656,0.6785051773799837,0.35435244846526653,0.47792649379155655,,,
0.3,0.3,0.1,0.05,0.2,0.4,0.9988119205454624,0.8146003049283987,0.8275766146411313,0.9258493528610354,0.7237906541903987,0.24668360904684977,0.423017276616198,,,
0.3,0.1,0.1,0.05,0.2,0.3,0.9987399453720488,0.8473504921207613,0.8250159480937891,0.9122457057220709,0.7242600528885272,0.2672377415185784,0.4576699525755027,,,
0.3,0.0,0.15,0.05,0.2,0.3,0.9987314499346623,0.8618132355092679,0.8305816200107392,0.9048684822888284,0.7174585158665582,0.2884275017770598,0.46869389041095894,,,
0.4,0.2,0.15,0.1,0.2,0.5,0.9987269320237538,0.8476294696423036,0.837202056917845,0.9138970413260672,0.7101662245728235,0.2976075205169628,0.4416006772410478,,,
0.3,0.1,0.1,0.2,0.2,0.3,0.9986964366137272,0.8830328889715454,0.8380799115804547,0.8969402361489555,0.682814983726607,0.34970549402261714,0.4751048616518465,,,
0.2,0.3,0.15,0.1,0.1,0.6,0.9986025608649403,0.855865460442626,0.847562625738321,0.9110026889191645,0.6906568152969894,0.33819965040387723,0.4297851992309541,,,
0.4,0.2,0.05,0.15,0.15,0.3,0.9985261713581547,0.8405625230673859,0.8356884304635762,0.9184486975476839,0.7070433523189585,0.2966656077544427,0.4334140536729953,,,
0.4,0.2,0.1,0.1,0.2,0.4,0.9984699004236572,0.8415633724629595,0.8323195113656703,0.9168048292461398,0.7163313287225387,0.2820136620355412,0.44197852695666107,,,
0.3,0.2,0.15,0.1,0.1,0.3,0.9984513289201126,0.7910368456264335,0.8490419230356184,0.9297832116257948,0.6987847428803906,0.26856265525040385,0.3913329060322038,,,
0.4,0.2,0.1,0.2,0.15,0.4,0.9983707958010534,0.8583333190502759,0.842864544299266,0.9100979305177112,0.6888156436126933,0.3382159709208401,0.43412569414403585,,,
0.2,0.2,0.1,0.05,0.1,0.4,0.9983546330972901,0.8447255719794186,0.8415582104886342,0.9158833365122615,0.7063789568755086,0.30548629079159934,0.43349749066730753,,,
0.4,0.3,0.1,0.1,0.2,0.5,0.998330682162087,0.8378285170913148,0.8337989242885269,0.9190937388737511,0.7156926452400326,0.28242703069466885,0.4366790689738044,,,
0.4,0.3,0.05,0.15,0.15,0.4,0.9983209356616786,0.8363960340958403,0.8369249778056203,0.9207907016348773,0.7078517192839707,0.2946864252019386,0.42894122871104706,,,
0.2,0.1,0.15,0.1,0.15,0.4,0.9982725570656459,0.875114642737586,0.8419527964918561,0.9009173287920073,0.6899982237591539,0.34380574345718906,0.45882441656653045,,,
0.2,0.2,0.15,0.15,0.15,0.5,0.9982430438053927,0.8756644652656376,0.8443800581707535,0.9019077797456858,0.6811473490642799,0.3591873001615509,0.45008745573980613,,,
0.4,0.1,0.15,0.1,0.15,0.3,0.9981973911951225,0.8213692300043395,0.8426939232146053,0.9215080921889192,0.7077873401139138,0.28139280064620353,0.419990228791156,,,
0.3,0.3,0.1,0.1,0.1,0.4,0.9981852182468257,0.813053265711983,0.844238588151065,0.9269919250681199,0.7050256981285599,0.2824224245557351,0.40787524281022186,,,
0.2,0.1,0.1,0.15,0.2,0.3,0.9981844531148799,0.8855964750604426,0.8336716989439771,0.8941318315168029,0.6881159275834011,0.33598265718901454,0.49543184394776896,,,
0.2,0.3,0.15,0.2,0.15,0.6,0.9981194211707299,0.87597186049222,0.8460335204940038,0.9025485549500454,0.6746380886899919,0.3703175172859451,0.44371763342145315,,,
0.2,0.3,0.1,0.05,0.1,0.5,0.998115197325566,0.8395405942595003,0.8417347726865939,0.9188233542234332,0.7074512864117168,0.3017359017770598,0.4286230563165906,,,
0.4,0.1,0.1,0.1,0.2,0.3,0.9980873028535137,0.8464800120017357,0.8303128272776088,0.9135396693914624,0.7174611065907242,0.281494472374798,0.4496160765841544,,,
0.2,0.3,0.1,0.05,0.15,0.3,0.9980745303502309,0.7841585102473498,0.8293318043672812,0.9333655040871935,0.7186698763222131,0.22700004071082389,0.3952009704397981,,,
0.4,0.1,0.15,0.1,0.2,0.4,0.9979939644210272,0.8527439769388134,0.8361829894397709,0.9106199809264305,0.7102017428803905,0.29999439289176094,0.4483048030120964,,,
0.4,0.3,0.1,0.15,0.15,0.5,0.9979797064720902,0.8430079982394149,0.8412143042777878,0.9175193019981834,0.7023021724979658,0.3101478042003231,0.4297281656653048,,,
0.2,0.2,0.05,0.05,0.1,0.3,0.997939771543813,0.834898557312008,0.8349073087524611,0.9207036525885559,0.7152885174938975,0.282760281098546,0.4328018907313947,,,
0.3,0.2,0.05,0.2,0.1,0.3,0.9979259137863058,0.8630403159134585,0.84524854698407,0.9089923437783833,0.6755350179007323,0.36199239483037154,0.427459571897781,,,
0.3,0.3,0.15,0.1,0.1,0.4,0.9978361185221526,0.7949768613973095,0.8478500384821908,0.9301421916439602,0.7014840935720098,0.27092773828756056,0.39385117920371704,,,
0.3,0.3,0.15,0.15,0.05,0.4,0.9977894104007763,0.7992365354162793,0.8558946218006085,0.9271952920072661,0.6825569707078926,0.30214591082390957,0.3856783761916206,,,
0.3,0.2,0.15,0.15,0.05,0.3,0.9977270013986655,0.7956501311264026,0.8581970005369608,0.9258213878292462,0.6751778714401953,0.3064514739903069,0.38149568356965474,,,
0.2,0.3,0.1,0.2,0.1,0.5,0.9976330953824216,0.8713415833116359,0.848443414712726,0.905421610808356,0.6698230235964199,0.3780261621970921,0.43075492686053035,,,
0.3,0.3,0.1,0.15,0.1,0.5,0.9976303456863114,0.8494282754199988,0.8464612793986038,0.9148357388737511,0.6907288991049634,0.33450600387722135,0.42506232267884325,,,
0.2,0.1,0.1,0.05,0.1,0.3,0.997607988094028,0.8521281197941852,0.8410698775729372,0.9113721044504995,0.7050694182262002,0.3114381525040388,0.4412921345830329,,,
0.4,0.2,0.15,0.1,0.15,0.4,0.9976003471370396,0.8200445504184489,0.8428916973330948,0.9232851217075386,0.7087340691619203,0.28182033408723745,0.4178921707922775,,,
0.2,0.3,0.05,0.15,0.05,0.4,0.99757723532791,0.8515527717810426,0.849291181492751,0.9151171852861035,0.679272786004882,0.35444458804523427,0.4163571061443563,,,
0.2,0.2,0.1,0.15,0.1,0.4,0.9974982841862494,0.8699993193478396,0.8469285056380883,0.9052679332425068,0.6768415451586656,0.36622144814216484,0.4359278104622286,,,
0.4,0.2,0.1,0.15,0.15,0.4,0.9974658923054865,0.8475396055297254,0.8407696141041705,0.9148343369663943,0.7006940968266884,0.3148705802907916,0.43385539389569816,,,
0.3,0.1,0.15,0.1,0.15,0.4,0.9973415954109308,0.861200497179344,0.8419994365491319,0.9069800236148956,0.6981987127746135,0.32691584426494347,0.44586577713690617,,,
0.2,0.2,0.05,0.2,0.1,0.3,0.9973265904455054,0.8790899423718306,0.8460824759262574,0.901658070390554,0.6618575988608625,0.3895514132471729,0.43925249459264604,,,
0.3,0.3,0.0,0.1,0.15,0.3,0.9973233312791925,0.8269429976814828,0.82627929246465,0.9238762874659401,0.7208115866558177,0.2635966591276252,0.4319972522630778,,,
0.4,0.1,0.15,0.2,0.2,0.4,0.9973147461167706,0.8724852504122497,0.841616604259889,0.9022366094459583,0.6873649934906427,0.34712271728594507,0.4527174981975487,,,
0.3,0.2,0.15,0.2,0.05,0.4,0.9973094300931388,0.8434392733246543,0.8594221002326831,0.9124719373297003,0.6590381716842961,0.3745085822294023,0.3993653120243531,,,
0.4,0.3,0.15,0.2,0.15,0.6,0.9972844175344345,0.8563346266939433,0.8460168539466618,0.9109197484105359,0.6883714564686737,0.3416296924071083,0.43043872386445564,,,
0.2,0.3,0.15,0.05,0.1,0.6,0.9972563281625387,0.8458754632446841,0.8458102181850724,0.9152025944595822,0.7015421985353947,0.3173970817447496,0.4295532186173196,,,
0.2,0.1,0.1,0.1,0.1,0.3,0.997178569524217,0.8677726144194408,0.844489617862896,0.9049134314259765,0.6870918454027665,0.34848972536348954,0.44351925258351355,,,
0.4,0.3,0.15,0.1,0.15,0.5,0.9969242989496703,0.8190028068439651,0.8429127415428674,0.9245125213442326,0.7094226606997559,0.28220850468497577,0.41640230281182405,,,
0.2,0.0,0.15,0.05,0.15,0.3,0.9969233366125051,0.8740200380633563,0.8380795765169142,0.8992061498637602,0.7028642229454841,0.3225328775444265,0.4715288371385084,,,
0.2,0.3,0.05,0.05,0.1,0.4,0.9969135069800305,0.8306038531275185,0.8363167581886523,0.9228293719346049,0.7148617982099268,0.2832453324717286,0.4274854277016743,,,
0.2,0.3,0.15,0.15,0.1,0.6,0.9967698338209557,0.8648185652966339,0.849339970109182,0.907200708900999,0.6795406061838893,0.3624963547657512,0.4304530768244813,,,
0.4,0.3,0.15,0.15,0.15,0.6,0.9967588873211018,0.8479549951769884,0.8446326749597278,0.9145969350590372,0.697698032546786,0.32326233473344107,0.4303933971000561,,,
0.3,0.3,0.1,0.2,0.1,0.5,0.9966149175782035,0.8593716885252,0.848219888670127,0.9102669545867393,0.6788687062652563,0.35942537189014545,0.42488413330128977,,,
0.2,0.2,0.15,0.05,0.1,0.5,0.9966098024157911,0.8511787031926105,0.8463061712904959,0.9119621226158038,0.699596572009764,0.3238149486268174,0.43404478218376996,,,
0.2,0.3,0.1,0.1,0.05,0.3,0.9965979641983284,0.7778582617568657,0.85093250438518,0.9341745658492279,0.6931319332790887,0.26818055831987075,0.3772501805655692,,,
0.3,0.3,0.15,0.05,0.15,0.6,0.9964574219276628,0.8397673937139669,0.8407940660461787,0.9177706180744777,0.7111743962571195,0.2974197525040388,0.43341388608507575,,,
0.3,0.2,0.15,0.05,0.15,0.5,0.9963590989941424,0.843794642712789,0.8404194156076606,0.9152852584014532,0.7109565061025224,0.29951226429725364,0.43795306913402227,,,
0.3,0.3,0.15,0.15,0.05,0.5,0.9962778853279508,0.8278612187961067,0.8556731931269017,0.9200413537693006,0.6817692026037429,0.33350039353796446,0.40302409997596733,,,
0.4,0.0,0.15,0.1,0.2,0.3,0.9962484279216953,0.8594453766040543,0.8349203368534097,0.9061672588555858,0.7105051212367779,0.3034950578352181,0.4582293882880718,,,
0.2,0.2,0.15,0.1,0.1,0.5,0.996205830432309,0.8622435698716757,0.8482389164131019,0.9072441603088102,0.6869296330349879,0.3499325266558966,0.4348007281903388,,,
0.4,0.3,0.0,0.15,0.15,0.3,0.996205270393795,0.8272060378897774,0.8314050347234652,0.9244880708446866,0.7146169145646867,0.2773793111470113,0.42799507746535287,,,
0.3,0.3,0.1,0.15,0.05,0.4,0.9961891378824063,0.8179051343376107,0.853009162699123,0.924248623524069,0.6858931082180635,0.318249481098546,0.39947975759032284,,,
0.4,0.3,0.15,0.15,0.1,0.5,0.9961188569771158,0.8232043565309033,0.8500347809199928,0.9223312647593097,0.694782393002441,0.3095594138933764,0.40984953616919007,,,
0.4,0.2,0.15,0.15,0.1,0.4,0.9961174402848924,0.8246903797656685,0.8510177193484875,0.920583282924614,0.6913782839707079,0.3141281447495961,0.41030907522230237,,,
0.4,0.0,0.15,0.15,0.2,0.3,0.9959810934617194,0.8710638884384105,0.8385102149633077,0.901136083106267,0.6971974328722539,0.3308242074313409,0.4616176164383562,,,
0.2,0.2,0.1,0.2,0.15,0.4,0.995969693899567,0.8830176070671377,0.8433213819581171,0.8983123910081744,0.6703005695687551,0.3770765143780291,0.458128319955139,,,
0.4,0.3,0.15,0.15,0.15,0.3,0.9959134021158492,0.7728289292418326,0.8441405931626991,0.9355950603996367,0.7031080203417412,0.24631012859450727,0.38300062276696306,,,
0.2,0.3,0.0,0.05,0.2,0.3,0.9959131595125754,0.8310600665550802,0.8105001159835332,0.9173777098092643,0.7306407868185517,0.23786137382875608,0.45148831386685895,,,
0.3,0.2,0.1,0.15,0.05,0.3,0.995820133417235,0.8184821064038187,0.8549004345802758,0.9223133823796549,0.6791386045565501,0.3266507211631664,0.3977907668028519,,,
0.4,0.1,0.1,0.15,0.15,0.3,0.9958190896782293,0.853509496819788,0.8401014505101128,0.9109298941871027,0.698703739625712,0.32177029079159936,0.4398689904670352,,,
0.4,0.3,0.05,0.1,0.2,0.4,0.9956345324363323,0.830145055508028,0.8286123552890639,0.9220304645776567,0.7220627445077299,0.26777447366720514,0.43659570696146754,,,
0.3,0.1,0.15,0.05,0.15,0.4,0.9956171274073193,0.849086675271217,0.8397234191873993,0.9118651684831971,0.7108503490642799,0.30250048529886914,0.44441909797324364,,,
0.4,0.3,0.0,0.2,0.1,0.3,0.9955987820110755,0.8335884447585395,0.8406661397887953,0.9226000363306085,0.6961732611879577,0.31406190694668823,0.4188725469838981,,,
0.3,0.2,0.1,0.15,0.1,0.4,0.9955708356220626,0.8553065943090944,0.846847143905495,0.9112246598546776,0.6866607388120424,0.3457366649434572,0.4288637756949451,,,
0.3,0.3,0.15,0.1,0.15,0.3,0.9955520608678087,0.768139423098382,0.8402001981385359,0.9365621303360582,0.7086399406021155,0.23323798642972537,0.38124076231675075,,,
0.4,0.2,0.15,0.15,0.15,0.5,0.9955366805929231,0.8524980805405741,0.8446426652944334,0.9117270640326975,0.6956264776240846,0.3297463987075929,0.4342318303292477,,,
0.3,0.2,0.1,0.05,0.15,0.4,0.995469757090259,0.836371741615523,0.8353893914444246,0.9189423169845595,0.7180904816924328,0.28257825525040386,0.4379758183129055,,,
0.2,0.3,0.05,0.1,0.05,0.4,0.9954446662346195,0.8375088096956171,0.8469141041703956,0.9206764336966394,0.695100409275834,0.32422550500807756,0.417595663061764,,,
0.4,0.2,0.05,0.1,0.2,0.3,0.9954255919448199,0.8330804860207055,0.825989390370503,0.9200644455040873,0.7238533368592351,0.264805540549273,0.44250816951053434,,,
0.4,0.1,0.15,0.15,0.1,0.3,0.9953498929671053,0.8265158660963363,0.8519754782530875,0.9178186630336058,0.6865250772986168,0.3207614151857835,0.41097746134743246,,,
0.3,0.2,0.15,0.15,0.05,0.4,0.9953114680744072,0.8301030619552414,0.8576921118668337,0.9173739391462308,0.675123067534581,0.3441776730210016,0.4022059796523272,,,
0.3,0.3,0.1,0.05,0.15,0.5,0.99526249415093,0.8328512692331536,0.8365519232146054,0.9209578605812898,0.7173129658258747,0.28295547980613894,0.43300616438356165,,,
0.2,0.1,0.1,0.15,0.15,0.3,0.9952450097007243,0.8841242107990825,0.8405957648111687,0.8962833310626702,0.6789434751830756,0.3625331799676898,0.4716536941440359,,,
0.3,0.2,0.15,0.2,0.15,0.5,0.9951990941912098,0.8728053034777756,0.8465222625738321,0.9030396603088102,0.677278476810415,0.36883300613893377,0.44165239477689655,,,
0.2,0.3,0.0,0.1,0.05,0.3,0.9951707794942691,0.8263042477961688,0.8414219488097369,0.9258672747502271,0.7025320781122865,0.30274657253634896,0.41467900841143956,,,
0.2,0.3,0.0,0.05,0.15,0.3,0.9951677247712608,0.8255376080094229,0.8192753935922679,0.9217930976385105,0.7275888917819365,0.2490230746365105,0.4378202484979572,,,
0.3,0.1,0.1,0.05,0.15,0.3,0.9950576922403023,0.8412150745521045,0.8335521886522284,0.9157666643960036,0.7194180870626526,0.2820877531502423,0.4453575485059681,,,
0.2,0.3,0.05,0.2,0.05,0.4,0.9949396328827457,0.8637229061558489,0.8516455926257382,0.9091724818346957,0.6629916265256306,0.38875871211631663,0.41553728654970756,,,
0.4,0.1,0.1,0.2,0.15,0.3,0.9949042440733076,0.865568474638894,0.842912194916771,0.9054932025431427,0.6843826216436126,0.35163039870759294,0.44082854121605386,,,
0.3,0.3,0.15,0.15,0.1,0.6,0.9949035645294845,0.8537187053499473,0.8495323143010561,0.9117422506811989,0.68675160455655,0.34760507140549274,0.4263079008251222,,,
0.4,0.3,0.05,0.2,0.1,0.4,0.9947868160693559,0.8415191330481682,0.8450998761410418,0.9186268206176204,0.6909023026851099,0.33089985783521814,0.42078734022270287,,,
0.3,0.3,0.05,0.05,0.2,0.4,0.9947805940977548,0.8295964744901123,0.8236882280293539,0.9207689686648501,0.7274593230268511,0.25657861647819064,0.44117927180966116,,,
0.4,0.2,0.15,0.2,0.15,0.5,0.9947687421629638,0.8616240561155538,0.8462932922856632,0.9075788723887376,0.6849462904800651,0.35205824749596126,0.4345844277817832,,,
0.3,0.1,0.15,0.15,0.15,0.4,0.9946738662521877,0.8717639016799951,0.8446717712546984,0.9023228978201635,0.6849029585028478,0.3561909893376414,0.44821558503564846,,,
0.3,0.3,0.1,0.1,0.1,0.5,0.9946610952000874,0.8383537918541938,0.844741699122964,0.9190837247956404,0.7025013547599674,0.313383695638126,0.42557698325722987,,,
0.2,0.2,0.05,0.1,0.05,0.3,0.994546874462746,0.84329633213068,0.8479247458385538,0.9175548841961852,0.6902062107404393,0.3357390138933764,0.4203324154450052,,,
0.4,0.3,0.15,0.15,0.1,0.4,0.9945015057311226,0.7963944909305065,0.8502201512439591,0.9289704300635786,0.6965022237591537,0.2830783993537965,0.3947155307217816,,,
0.2,0.1,0.15,0.05,0.1,0.4,0.9943856940988924,0.8582903208480566,0.8467389846071236,0.9072482638510445,0.6970887713588283,0.3335004329563812,0.4408425373708243,,,
0.3,0.3,0.0,0.2,0.05,0.3,0.9943707808526053,0.841277396441634,0.8475456108824057,0.9199779623069937,0.6785037526444264,0.350142071082391,0.41045648722262273,,,
0.3,0.3,0.0,0.15,0.2,0.4,0.9943082131344483,0.8654970797346724,0.8276078288884912,0.9078309695731154,0.7110532945484134,0.3061582856219709,0.4705730266762797,,,
0.4,0.3,0.1,0.15,0.1,0.4,0.9942545827042917,0.8131920440394272,0.8469690112761767,0.9261709741144414,0.699765751017087,0.2949065712439418,0.4074157034366738,,,
0.3,0.2,0.05,0.1,0.1,0.3,0.9941880674694624,0.8338426435310893,0.8398382319670663,0.9209947247956403,0.7079472229454842,0.2993793641357027,0.42816766386285343,,,
0.4,0.2,0.15,0.15,0.1,0.3,0.9941788062260801,0.79290688557436,0.8515090150349024,0.928307032243415,0.6929881781936533,0.2831591340872375,0.3926547504606265,,,
0.3,0.3,0.05,0.1,0.1,0.4,0.9941722536961738,0.8301606558799826,0.8404164698407016,0.9230005731153497,0.7088710878763222,0.29672452730210014,0.4243202013938957,,,
0.4,0.2,0.1,0.15,0.1,0.3,0.9941713259921046,0.8129999143016552,0.8475913109003043,0.9249922034514079,0.696900641985354,0.2970176814216478,0.40750695778258433,,,
0.2,0.2,0.15,0.2,0.2,0.5,0.9941126238730362,0.8852141160498418,0.841307539108645,0.8957029713896458,0.6757742156224573,0.36893291502423264,0.47152821244893056,,,
0.3,0.2,0.05,0.05,0.2,0.3,0.9941102174146549,0.832495405418139,0.819979284768212,0.9185318864668482,0.7303917005695687,0.25141970791599355,0.44890390531122326,,,
0.3,0.2,0.1,0.1,0.1,0.4,0.9940631888672908,0.8427865353170914,0.844992688383748,0.9165065549500454,0.7004731773799837,0.3192762785137318,0.42919601794440443,,,
0.4,0.3,0.15,0.05,0.2,0.6,0.994058408853965,0.8342562033103962,0.8366287064614283,0.919663514986376,0.7188706037428804,0.2828099605815832,0.4365354466073861,,,
0.2,0.2,0.15,0.05,0.05,0.4,0.9940203035029783,0.8158012859959085,0.8538551013066047,0.9224063514986376,0.6964322034174125,0.30478750953150247,0.40519417992469764,,,
0.4,0.3,0.15,0.1,0.15,0.6,0.9939395679550013,0.8388190339098629,0.8433148720243422,0.918043719346049,0.7070347282343369,0.3068433596122779,0.4305938883281263,,,
0.2,0.3,0.15,0.05,0.05,0.5,0.9939388910881268,0.8153201108424772,0.8519603406121354,0.9242707792915531,0.6995820040683483,0.30120789337641357,0.4054837176960666,,,
0.3,0.3,0.15,0.1,0.1,0.6,0.9939105015130115,0.8443220859711116,0.8480954557007339,0.9156641298819255,0.6973062392188771,0.32726727625201935,0.4266253176319795,,,
0.4,0.2,0.15,0.05,0.2,0.5,0.9939004963403716,0.837214735180708,0.8356442294612494,0.9177990354223434,0.7197300634662327,0.2825065861066236,0.4410004804934711,,,
0.2,0.3,0.1,0.1,0.05,0.5,0.9938586722840042,0.8449789140412869,0.8508483540361553,0.9161879872842871,0.6894294499593165,0.340987498546042,0.4198613887687255,,,
0.4,0.3,0.0,0.2,0.2,0.4,0.9936360194992203,0.8640656006695183,0.831459729192769,0.909114459582198,0.706050081366965,0.317503157996769,0.46056341584555,,,
0.3,0.3,0.05,0.15,0.05,0.3,0.9935888481558006,0.8036013339036637,0.8496110082333991,0.929328476839237,0.6911078950366152,0.29980311082390954,0.39510948746294966,,,
0.2,0.1,0.15,0.05,0.05,0.3,0.993458769705083,0.8162463034405802,0.8562765085018794,0.9193935068119891,0.6914775199349065,0.3104529835218094,0.4048421586157174,,,
0.4,0.2,0.15,0.1,0.15,0.5,0.9933899344623576,0.8423889004525448,0.8432424333273671,0.9158375367847411,0.706160530512612,0.3103572025848142,0.4342411662260675,,,
0.3,0.0,0.15,0.05,0.15,0.3,0.9933598742855919,0.8563286006571198,0.8385832767138,0.9067764441416893,0.7111211611065907,0.30706452665589656,0.45438499911880154,,,
0.2,0.3,0.15,0.2,0.1,0.6,0.9933468640191859,0.8727896848552475,0.851012428315733,0.9034316580381471,0.6679192530512612,0.3879123192245557,0.43170371689497716,,,
0.4,0.2,0.15,0.05,0.2,0.4,0.9933240629296839,0.8142797681730829,0.8345300204045104,0.9251352556766576,0.7233864019528071,0.2580515030694669,0.42518134134422814,,,
0.3,0.2,0.1,0.05,0.15,0.3,0.9933112710279872,0.8058163255098878,0.8337712813674603,0.9281617388737512,0.7225874304312448,0.2515235605815832,0.41764017912360807,,,
0.4,0.3,0.15,0.05,0.2,0.5,0.9932965725472565,0.8140083666976629,0.8356116511544657,0.9259416462306993,0.7220744328722539,0.26134727625201937,0.42274964431627016,,,
0.2,0.2,0.05,0.15,0.05,0.3,0.9932601920022943,0.8596923570516397,0.8505843742616789,0.9101954545867393,0.6701940968266884,0.37706599095315024,0.4190382539453657,,,
0.4,0.3,0.1,0.1,0.15,0.5,0.9932409980207761,0.8323616953443681,0.8397391528548416,0.9211319554950046,0.7124934971521562,0.2934438132471729,0.43005331907394057,,,
0.2,0.3,0.1,0.15,0.05,0.5,0.9932348785863722,0.8564108154237183,0.8526855779488098,0.9111953792007266,0.6757216484947112,0.3692359366720517,0.41906257486181203,,,
0.3,0.1,0.1,0.2,0.15,0.3,0.9932339491479453,0.8802015605480132,0.8439608734562376,0.8985706639418711,0.6736543995117982,0.37558541195476575,0.4544903138668589,,,
0.4,0.1,0.15,0.05,0.2,0.4,0.9932244301111601,0.8410132045874403,0.834216119384285,0.9151539223433243,0.7210064825061026,0.2821565867528271,0.4471001563726668,,,
0.4,0.3,0.1,0.2,0.1,0.5,0.9931928671762926,0.8472112379889654,0.8484822657955969,0.9152439777475022,0.6866702058584215,0.34449966074313415,0.4223479349515341,,,
0.3,0.3,0.1,0.05,0.15,0.4,0.9931789875262373,0.806933469270349,0.835107067657061,0.928507408719346,0.7211191008950366,0.2566418126009693,0.4159192854281823,,,
0.3,0.1,0.15,0.2,0.2,0.4,0.9930879529579367,0.8836283267001426,0.8419385183461607,0.8960839241598547,0.679064544344996,0.36653886009693054,0.46895041720740205,,,
0.4,0.1,0.15,0.05,0.2,0.3,0.9930580677704164,0.8145701574607899,0.8328902729550743,0.923888851044505,0.7251991350691619,0.253596405815832,0.42853463270047265,,,
0.3,0.3,0.05,0.15,0.2,0.5,0.99305584973239,0.8686137118591531,0.8329688947556828,0.9065129968210718,0.705309888527258,0.32224968788368336,0.46663361643835616,,,
0.3,0.0,0.15,0.1,0.15,0.3,0.9930360960074628,0.8700344997830265,0.8417904378020404,0.9010920962761126,0.6956564125305126,0.33888484781906303,0.45747999279019463,,,
0.3,0.3,0.05,0.1,0.2,0.5,0.9930114971351978,0.8598012095964293,0.8298449983891176,0.9100061961852861,0.7149321253051261,0.3022179508885299,0.4628435041256108,,,
0.2,0.1,0.15,0.15,0.2,0.4,0.9930105965172994,0.8863355516458992,0.8387691970646143,0.8936318169845595,0.6836103685923515,0.3558196865912762,0.48515042089241367,,,
0.4,0.2,0.1,0.1,0.15,0.4,0.9929810826669829,0.8354884401215051,0.8391188004295685,0.9192314868301543,0.7124140781122864,0.29488251308562197,0.433992143715453,,,
0.3,0.1,0.15,0.2,0.05,0.3,0.9929617285216168,0.8484299836587937,0.8616364370860926,0.9063532043596729,0.6447124328722539,0.39931278061389336,0.39712298742289515,,,
0.4,0.1,0.15,0.15,0.15,0.4,0.9929576068076565,0.858253704122497,0.8445677145158403,0.9077825930971843,0.6930064434499593,0.3389137059773829,0.4396216233277257,,,
0.4,0.2,0.05,0.2,0.1,0.3,0.9929343563976625,0.846384049172401,0.8451639284052265,0.9156685967302453,0.6863284727420668,0.34158899127625203,0.4235623608107026,,,
0.3,0.3,0.1,0.15,0.05,0.3,0.9929192513562973,0.7816351487198562,0.8537917748344371,0.9324621889191643,0.6872099267697315,0.2843043547657512,0.38011640422975246,,,
0.2,0.3,0.0,0.1,0.2,0.4,0.9928456098056063,0.8662536851280144,0.8223532436012171,0.9059576866485014,0.716361572009764,0.29419775961227784,0.48307110790675317,,,
0.3,0.3,0.15,0.2,0.1,0.6,0.9928344403952535,0.8622244979976442,0.8509401555396455,0.9076716430517712,0.6761239422294548,0.3708581260096931,0.4263026937434911,,,
0.2,0.3,0.05,0.1,0.2,0.5,0.9928341989341858,0.8698987264521728,0.8290874027206013,0.905018583106267,0.7099492742066721,0.31196132859450726,0.4771278271248898,,,
0.2,0.3,0.1,0.05,0.2,0.6,0.9927410541954997,0.8643500439898332,0.831274831931269,0.90738070208901,0.7137281529698942,0.3071754138933764,0.46816932083633744,,,
0.3,0.3,0.0,0.1,0.2,0.4,0.9926567655589056,0.8550595658297688,0.8236795165562913,0.9117678156221617,0.7215322709519935,0.2853290126009693,0.4660013977409277,,,
0.4,0.3,0.0,0.15,0.2,0.4,0.9926472562702664,0.8542858425392101,0.828152073205656,0.913030921435059,0.7161553653376729,0.296905295638126,0.4575628521989906,,,
0.3,0.2,0.15,0.1,0.1,0.5,0.9925461255439749,0.8489203642427624,0.8487685185251477,0.912686706630336,0.6946764353132628,0.3351209079159935,0.43004952671633423,,,
0.2,0.3,0.05,0.05,0.2,0.5,0.9925120689696818,0.8605435985369784,0.8255094560587077,0.9087183732970027,0.7199048755085435,0.2915951056542811,0.4718691790434991,,,
0.3,0.2,0.1,0.2,0.1,0.4,0.9924280705729855,0.8662554609137685,0.8490214739574011,0.9060618828337874,0.6723994882017901,0.3771799295638126,0.4290786583353361,,,
0.4,0.3,0.1,0.1,0.15,0.4,0.9923852999015618,0.8082290393156035,0.8390125944156076,0.9281803478655767,0.7155352237591538,0.2681990494345719,0.4145770164223344,,,
0.3,0.3,0.1,0.1,0.2,0.6,0.9923764819634099,0.8631941452110842,0.8345995366028279,0.9084194005449592,0.7093674654190399,0.31646739321486267,0.46033868332932787,,,
0.2,0.2,0.15,0.15,0.1,0.5,0.9922996055889065,0.8719291577955489,0.8502276819402184,0.9028946162579473,0.6736843254678601,0.3797480846526656,0.43630990338860853,,,
0.2,0.3,0.15,0.05,0.15,0.3,0.9922939624676279,0.7619482265203645,0.8346447537139788,0.9369828887375113,0.7147512156224574,0.21991664232633282,0.37959549435231915,,,
0.4,0.2,0.1,0.1,0.15,0.3,0.9921900177153071,0.8073522919843779,0.8383756831931268,0.927649899636694,0.7158855744507729,0.26548673150242325,0.4159177659216534,,,
0.3,0.3,0.0,0.2,0.2,0.4,0.9921040331587806,0.8746443371892629,0.8314787223912654,0.9037885449591281,0.7000474564686737,0.3305890552504039,0.4764289359929504,,,
0.4,0.3,0.05,0.15,0.2,0.5,0.9920950252246623,0.8585611917922014,0.833231593520673,0.9109984909173479,0.7102519601301872,0.31230661970920837,0.4555602079628295,,,
0.3,0.1,0.15,0.15,0.05,0.3,0.9920753977549611,0.832882337090075,0.8598726031859675,0.9128140549500454,0.6651258942229454,0.36084696478190625,0.4010026903789153,,,
0.4,0.1,0.1,0.1,0.15,0.3,0.9920753269212271,0.8396624905585519,0.8380097103991409,0.9164686435059037,0.7124321684296175,0.2969572859450727,0.4396023475126172,,,
0.2,0.3,0.0,0.1,0.15,0.4,0.9920348344630325,0.864091401351435,0.8287413508143905,0.9089220395095369,0.7118108470301058,0.30941685105008077,0.46768430938075783,,,
0.3,0.1,0.1,0.1,0.1,0.3,0.9920164326087532,0.8488724850784205,0.8449745738321102,0.912474927338783,0.6977189585028478,0.3282368549273021,0.4346369055515501,,,
0.3,0.3,0.15,0.05,0.15,0.4,0.9919872242529353,0.7895727261794061,0.8392215962054771,0.9317888138056313,0.7177048462164362,0.24780466688206787,0.40165171657454135,,,
0.4,0.1,0.15,0.1,0.15,0.4,0.9919709503282034,0.8469754826855124,0.8428985715052801,0.9126780617620346,0.7051382912937347,0.31521247431340876,0.4392604769686774,,,
0.4,0.3,0.15,0.2,0.05,0.4,0.9918792989288641,0.7996698289752651,0.8572127580096653,0.9259215794732062,0.6783976859235151,0.3146417996768982,0.38728886725947287,,,
0.3,0.0,0.15,0.15,0.2,0.3,0.9918481688945946,0.8846212677205381,0.8391117470914624,0.8937028646684833,0.6885514312449146,0.351119242003231,0.48312487959625094,,,
0.4,0.3,0.05,0.2,0.2,0.5,0.9918430481526448,0.8669105133469716,0.8358972342938965,0.9075608982742961,0.7009607689178193,0.3319450843295638,0.4580740961307378,,,
0.2,0.3,0.05,0.05,0.1,0.3,0.9917845181145271,0.7948031549190999,0.8340986898156434,0.93220613760218,0.7195052685109845,0.24924491890145395,0.40506613233998234,,,
0.4,0.3,0.05,0.1,0.2,0.3,0.9917392780264728,0.8028481214555825,0.8262184771791659,0.9297888492279746,0.725833032546786,0.24179231470113086,0.4190145939277417,,,
0.3,0.2,0.15,0.15,0.1,0.5,0.9916290088313408,0.8592857450375054,0.8502313790943262,0.9079743015440509,0.682546111472742,0.36040928465266564,0.42995291756789233,,,
0.2,0.3,0.1,0.1,0.2,0.6,0.9916234124771176,0.8723469786870003,0.834102674601754,0.9039565068119891,0.7045712945484134,0.32687109919224555,0.4725565279179684,,,
0.3,0.3,0.05,0.1,0.1,0.3,0.9915249866303065,0.7976638205442936,0.8395214718095579,0.9317273138056312,0.7123055467860049,0.2645341861066236,0.4045925803092206,,,
0.4,0.0,0.15,0.05,0.2,0.3,0.9915223382504826,0.8460573408964107,0.832105598890281,0.9113362266121707,0.7231021806346624,0.2817648665589661,0.45593042009132423,,,
0.4,0.3,0.15,0.1,0.15,0.4,0.9914991379959421,0.7919804263095902,0.8427544036155361,0.9311097329700273,0.7122403336045566,0.2593276465266559,0.40170697524633503,,,
0.3,0.2,0.15,0.05,0.15,0.3,0.9914125272302104,0.7847750146426137,0.8389830302487918,0.9321363669391463,0.7184325947925142,0.2415337324717286,0.4006375744612673,,,
0.3,0.3,0.0,0.15,0.15,0.4,0.9913733562951624,0.8625352575537784,0.8330913347055664,0.9102850731153497,0.706151267697315,0.32183397544426495,0.45715576912601136,,,
0.2,0.2,0.1,0.2,0.1,0.4,0.9913659319332502,0.8798599345359865,0.84934452013603,0.8997873819255222,0.6606606639544345,0.40118356122778676,0.43899093679403994,,,
0.2,0.3,0.15,0.1,0.05,0.6,0.9913233743023495,0.850271348310706,0.8537436117773403,0.9125131121707538,0.6850090537021969,0.35485323489499193,0.4216961807257871,,,
0.3,0.3,0.1,0.05,0.2,0.6,0.991216065978618,0.8547702336122992,0.8322634535528907,0.9115914287011807,0.7179496924328723,0.2994496568659128,0.45784482848674196,,,
0.3,0.3,0.05,0.2,0.05,0.4,0.9911997799133886,0.8483758568966586,0.8514497685698944,0.9155494877384196,0.6748071733116355,0.3663075431340872,0.413801409597052,,,
0.2,0.2,0.15,0.2,0.15,0.5,0.9911827235266273,0.8833342498791147,0.8463883821371041,0.8972077629427793,0.6682445362082994,0.38885650920840065,0.4547985735800689,,,
0.2,0.2,0.1,0.1,0.05,0.4,0.9911813501400317,0.8509641438224537,0.8523679230356185,0.9123927620345141,0.6840480968266883,0.3555399773828756,0.4227630418969799,,,
0.3,0.3,0.05,0.05,0.15,0.4,0.9911771407786387,0.823432194656252,0.8310527712546985,0.9244210576748411,0.7247158779495524,0.2671263786752827,0.4325779778899303,,,
0.3,0.3,0.1,0.15,0.2,0.6,0.9911699243173202,0.8708056424276238,0.8371076942903168,0.9052294382379655,0.7004993108218063,0.33585365751211627,0.46352060145798285,,,
0.2,0.0,0.15,0.1,0.2,0.3,0.9910654637972293,0.8876580704482052,0.8350233993198497,0.8907026298819256,0.6948073897477623,0.3370841111470113,0.5048073344548586,,,
0.4,0.3,0.1,0.15,0.2,0.6,0.9910179016242466,0.8617154825367306,0.837279561124038,0.9091794373297003,0.705283820992677,0.32523249628432954,0.45393440711367455,,,
0.2,0.3,0.0,0.05,0.1,0.3,0.9909924735411246,0.8173355736160188,0.8288281548236978,0.9271925776566757,0.7242007786818552,0.26228211373182553,0.426138797564688,,,
0.2,0.1,0.15,0.1,0.1,0.4,0.990971714253486,0.8705894818920092,0.8490338109897978,0.9020162988192553,0.6816716411716843,0.3678456684975767,0.4427293426259713,,,
0.4,0.3,0.1,0.05,0.2,0.5,0.9909576746035689,0.8269856742421424,0.8322993091104349,0.9224995935513169,0.7249847632221318,0.2700939676898223,0.43648919474485304,,,
0.2,0.3,0.05,0.1,0.15,0.5,0.990927437189221,0.8676880193168434,0.8346883583318417,0.9072292706630336,0.7052789894222945,0.32687627140549275,0.4637345644476488,,,
0.4,0.3,0.15,0.2,0.1,0.6,0.9908912873692579,0.8514760712665055,0.8511022131734384,0.9122384209809263,0.6832521033360455,0.35612194054927304,0.42366844941119924,,,
0.3,0.3,0.15,0.05,0.1,0.5,0.9908862912259864,0.8108620613229186,0.8464243216395203,0.9260467211625795,0.7108289739625712,0.2830990210016155,0.4122654685572379,,,
0.4,0.2,0.15,0.1,0.15,0.3,0.9908387199203116,0.7879586920835658,0.8429814882763559,0.9311267384196185,0.7119190829943043,0.25532656995153474,0.4008592091644637,,,
0.2,0.3,0.05,0.05,0.15,0.5,0.9907355261829969,0.8577219610935466,0.8315019210667621,0.911087025431426,0.7160239381611067,0.3045628801292407,0.4599153515981735,,,
0.3,0.2,0.05,0.05,0.15,0.3,0.9906882149587576,0.825639276697043,0.828638766959012,0.9229908142597638,0.727044176566314,0.26373055121163164,0.43809049731635025,,,
0.4,0.3,0.1,0.15,0.1,0.5,0.9906687660812014,0.8368696797718678,0.8470934134598175,0.9190110326975477,0.6979233824247355,0.3239908924071082,0.4232569906272531,,,
0.2,0.3,0.1,0.2,0.05,0.5,0.9906528188123496,0.866459251974459,0.854374276355826,0.9061523324250681,0.661652969894223,0.3983596394184168,0.41870457710486264,,,
0.3,0.2,0.15,0.05,0.1,0.4,0.9906380561109647,0.8105613248279709,0.8471834945408986,0.9249492079927338,0.7102562481692433,0.28285919095315026,0.413214933589682,,,
0.2,0.3,0.0,0.15,0.2,0.4,0.9906248481022543,0.8759814015994049,0.8268197334884553,0.9017081012715713,0.7049144784377542,0.31935040000000003,0.49122346439157255,,,
0.3,0.1,0.1,0.15,0.1,0.3,0.9906114549591659,0.8631813793813155,0.8472693237873635,0.9059073047229791,0.6808304450772986,0.36352995928917603,0.4347867443723464,,,
0.4,0.3,0.1,0.1,0.2,0.3,0.9904981411323588,0.7852541966152129,0.8307993112582782,0.9335500313351499,0.7222314222945484,0.2338973169628433,0.403982449731635,,,
0.4,0.3,0.15,0.2,0.05,0.5,0.9904433162339009,0.8263222896782592,0.8568646067657062,0.9194477906448684,0.6780902270138324,0.34369014474959614,0.40293476391892974,,,
0.2,0.3,0.15,0.1,0.05,0.3,0.9904126661264353,0.7538159956853264,0.855166306246644,0.9366044659400544,0.6894697298616762,0.2564374093699515,0.3632566591364256,,,
0.3,0.3,0.05,0.05,0.2,0.5,0.9903910234417714,0.8499887434133035,0.8269948451763021,0.9136453010899183,0.724198623270952,0.2848025266558966,0.45992607305936073,,,
0.4,0.2,0.1,0.05,0.2,0.4,0.9903747326484799,0.8292176223172772,0.830539888849114,0.9209817497729338,0.7268465915378356,0.2679450294022617,0.44139099719618685,,,
0.4,0.3,0.05,0.1,0.15,0.4,0.9903713251750647,0.8237483278656004,0.8352766296760337,0.9245748469573115,0.7190000943856795,0.27872098610662355,0.4294218774333093,,,
0.2,0.3,0.0,0.05,0.2,0.4,0.9903629288172763,0.8550412926910917,0.8177606737068194,0.9099856598546775,0.7272252896663954,0.2733335121163166,0.4766357415685332,,,
0.2,0.3,0.1,0.05,0.15,0.6,0.9903372472504465,0.8616617282995475,0.8366588317522821,0.9090724005449592,0.7097552074857607,0.3198350733441034,0.45753656268525195,,,
0.3,0.3,0.0,0.1,0.1,0.3,0.9903325599886761,0.818401717909615,0.8346921231430106,0.9274093910081744,0.7167970545158665,0.2777265247172859,0.42277739453656976,,,
0.4,0.3,0.1,0.1,0.2,0.6,0.9902751736870075,0.8537202396627612,0.8353278124216933,0.912361161671208,0.7135862864117168,0.3084951760904685,0.4522745817511816,,,
0.4,0.3,0.05,0.15,0.1,0.4,0.9902458096560748,0.8291996738205939,0.8435167465545015,0.9226615049954587,0.7033766745321399,0.3092155030694669,0.42197846447168147,,,
0.4,0.3,0.05,0.1,0.2,0.5,0.9902262586320929,0.8493192944516769,0.8308837406479327,0.9146125958219801,0.7192294312449146,0.2948945466882068,0.4536627163342145,,,
0.4,0.2,0.15,0.2,0.05,0.3,0.9902228642316278,0.7963996130184118,0.8591731603722929,0.9242998237965485,0.6707146688364524,0.32124399418416805,0.3838886365457021,,,
0.4,0.3,0.15,0.15,0.1,0.6,0.9901863906089741,0.842601111524394,0.8499300544120278,0.9158452797456857,0.6934267737998373,0.33628778222940225,0.4243469069935112,,,
0.4,0.2,0.1,0.2,0.1,0.4,0.9901655856343458,0.8521577349947307,0.8489618202971183,0.9118834504995459,0.6819875296989423,0.35704720581583194,0.42511525979331893,,,
0.4,0.1,0.15,0.2,0.15,0.4,0.9901501180344919,0.8682110061372512,0.8466282896008591,0.9031953705722071,0.6803652262001627,0.366997349273021,0.4405538096611391,,,
0.3,0.3,0.0,0.1,0.15,0.4,0.9900501160759142,0.8513507542495816,0.8297764963307679,0.914730974568574,0.7175008633034988,0.29885872762520194,0.4543030297204198,,,
0.3,0.3,0.15,0.05,0.1,0.6,0.9900320371087233,0.8340178531027215,0.8466801995704314,0.9192284736603088,0.70781060455655,0.3094264801292407,0.42718816278138266,,,
0.4,0.0,0.15,0.2,0.2,0.3,0.9899528999429407,0.8809217260182257,0.842079146411312,0.8958116680290645,0.6830545882831571,0.36385379127625206,0.466638137627173,,,
0.4,0.3,0.1,0.2,0.05,0.4,0.9898904256684603,0.8169142856611493,0.8546276941113299,0.9232744877384196,0.6814516200162735,0.3304891689822294,0.3997753895698149,,,
0.4,0.2,0.0,0.15,0.2,0.3,0.9898556079202898,0.8605691747566796,0.8264049473778414,0.9093148832879201,0.7175496427990236,0.299679898546042,0.46977716622606747,,,
0.3,0.3,0.05,0.1,0.15,0.5,0.9898413926381179,0.8564154292976256,0.8353025983533202,0.9121419881925522,0.710784623270952,0.31548425525040386,0.45248925514699995,,,
0.3,0.1,0.15,0.05,0.1,0.3,0.9898150023803544,0.8099687352798959,0.8480708969035261,0.9232145812897365,0.7094125630593978,0.2826698610662359,0.4146409329488104,,,
0.3,0.2,0.05,0.1,0.2,0.4,0.9897965954304954,0.8663004792263345,0.8284587972078038,0.9062756657584015,0.7159966859235151,0.3060499573505654,0.4762641262517023,,,
0.2,0.3,0.0,0.05,0.15,0.4,0.9897869873906424,0.8520441897712479,0.8246426923214606,0.9133360059037239,0.7236524401952806,0.28611232439418416,0.46297926748377793,,,
0.4,0.3,0.0,0.1,0.2,0.3,0.9897357994563422,0.819590371433885,0.8219312793986039,0.9252615467756584,0.7296785565500407,0.25150195024232636,0.43660313995033245,,,
0.3,0.3,0.05,0.15,0.05,0.4,0.989719354551716,0.8354998705597918,0.8496281390728477,0.9203334895549501,0.6896617607811228,0.3373548646203554,0.4155321659857406,,,
0.2,0.2,0.05,0.2,0.05,0.3,0.989717785954565,0.8732350938441511,0.8532523316627887,0.9031590567665758,0.6487304589096826,0.4189538520193861,0.4186395605223104,,,
0.4,0.2,0.05,0.1,0.15,0.3,0.9897124943761704,0.8257994592523712,0.8337492437802041,0.9232002861035423,0.7201289202603743,0.2776594151857835,0.43371969446447173,,,
0.4,0.3,0.1,0.2,0.2,0.6,0.9896975128545421,0.86899042254045,0.839438566672633,0.9061240154405087,0.6967005402766476,0.3442484168012924,0.45608932932788593,,,
0.2,0.3,0.15,0.15,0.05,0.6,0.989593966602045,0.859868033376728,0.8551805557544299,0.9078994772933697,0.6729872026037429,0.3802995735056543,0.4212131510053673,,,
0.2,0.3,0.15,0.05,0.05,0.6,0.9895555416216383,0.8395804362035831,0.8520396867728656,0.9166295694822888,0.697079479251424,0.3320706785137318,0.42246947688856845,,,
0.2,0.3,0.1,0.05,0.05,0.5,0.9895473948635438,0.8321369588246235,0.8489125643458028,0.9206608147138965,0.7029674589096827,0.3173212348949919,0.42096099719618685,,,
0.3,0.3,0.05,0.2,0.2,0.5,0.989544273855631,0.8764142234703367,0.8359750630034007,0.9027917366030881,0.6953021733116355,0.34567784426494347,0.4713860430986141,,,
0.3,0.3,0.05,0.15,0.15,0.5,0.9895185197204213,0.8657928970305624,0.837915845355289,0.9083049491371481,0.7004798901545972,0.33737769951534735,0.454859826804454,,,
0.2,0.1,0.15,0.15,0.15,0.4,0.9894401760018185,0.8844569227450251,0.8446503654913191,0.8952031843778383,0.6751455191212368,0.3793456911147011,0.46527997180165026,,,
0.2,0.3,0.1,0.05,0.05,0.4,0.9893435846223289,0.8013116908561155,0.8486136230535171,0.9288907752043597,0.7063789544344996,0.283738059450727,0.4021098926540095,,,
0.3,0.3,0.15,0.1,0.05,0.5,0.9893073459496071,0.8150945888289629,0.8539331152675855,0.9233505731153496,0.6946282823433686,0.3131374823909532,0.40531243627333174,,,
0.2,0.3,0.0,0.15,0.15,0.4,0.9892981895169038,0.8745000099435868,0.8328513715768748,0.9043973088101726,0.6993798665581774,0.3374364762520194,0.47397780613634544,,,
0.3,0.1,0.15,0.1,0.1,0.4,0.9892818728517397,0.8549130748000744,0.8493354397708968,0.9082933206176204,0.6912289031733116,0.3466738778675283,0.43497186990306813,,,
0.3,0.2,0.0,0.1,0.2,0.3,0.9892756071924252,0.8616875585394582,0.8210262996241274,0.9076036507720254,0.7239502123677787,0.2859315676898223,0.48228018232796604,,,
0.4,0.2,0.0,0.2,0.2,0.3,0.9892347303178783,0.8713014137251256,0.8307861166994809,0.9048322075386013,0.7056858226200162,0.3251868646203554,0.47499274084755266,,,
0.3,0.3,0.0,0.15,0.05,0.3,0.989233108293607,0.8251832583968757,0.8453384972257026,0.9251884250681199,0.6956026240846216,0.31941707399030694,0.4128746604181687,,,
0.3,0.3,0.05,0.05,0.2,0.3,0.9892117438853749,0.7999274473746203,0.8199576042598891,0.9293368310626703,0.7318512188771359,0.2293863379644588,0.4217212578707042,,,
0.4,0.3,0.0,0.2,0.15,0.4,0.9892047078307391,0.8604518874961254,0.836355463397172,0.9112968782924614,0.7009567811228641,0.3332005001615509,0.4491717657614356,,,
0.3,0.2,0.15,0.05,0.1,0.5,0.9891404683966577,0.8373340132663816,0.8472723730087705,0.9169596439600364,0.7068367062652563,0.3136968704361874,0.4305280562364816,,,
0.4,0.2,0.05,0.15,0.2,0.4,0.9891305683841689,0.864612111140041,0.8323015192410954,0.9075929822888283,0.7105321692432872,0.3176526261712439,0.4658349398381799,,,
0.4,0.3,0.05,0.15,0.1,0.3,0.9891232290724412,0.7993294422664435,0.8432929162341148,0.9307355222524978,0.7058854532139951,0.2786397699515347,0.40450531378675,,,
0.2,0.3,0.05,0.15,0.2,0.5,0.9890830173337778,0.8780816911784761,0.832491970109182,0.9010253138056313,0.6995646013018715,0.3360458397415186,0.4837301538091805,,,
0.4,0.1,0.1,0.05,0.2,0.3,0.9890714177988922,0.8321536595871304,0.8279550472525505,0.9186922720254315,0.7295220439381611,0.2650509479806139,0.4482961371465193,,,
0.4,0.2,0.1,0.15,0.1,0.4,0.9890425786102506,0.8405362211642179,0.8475482425272955,0.9165918710263397,0.6951736135069162,0.3315459121163167,0.4260768739886245,,,
0.3,0.3,0.15,0.15,0.05,0.3,0.9890361845371619,0.7603859968755812,0.8576322983712189,0.9346888524069029,0.6839125150528885,0.27199333117932145,0.3673807224224946,,,
0.3,0.2,0.1,0.1,0.2,0.5,0.9889921678494726,0.869339666827847,0.8339181669948094,0.9049250603996366,0.7094770610252238,0.3224460413570275,0.47166178819194104,,,
0.3,0.2,0.0,0.15,0.2,0.3,0.9889665244891992,0.873216809794805,0.8261626883837481,0.9029060522252498,0.7116262872253865,0.3120104323101777,0.49011822863093807,,,
0.2,0.1,0.1,0.15,0.1,0.3,0.9889484831675428,0.8805142504990391,0.8478621850724897,0.8980574000908265,0.6676543881204231,0.39287182100161555,0.44785181414724023,,,
0.4,0.2,0.05,0.15,0.1,0.3,0.9889456524395589,0.8321298688983944,0.8434023454447825,0.9207173174386921,0.7013518763222132,0.3144843676898223,0.42492163534406796,,,
0.2,0.3,0.1,0.1,0.15,0.6,0.9889299212863901,0.8701362443493893,0.839146097547879,0.9056459364214351,0.6999417087062653,0.34147025525040386,0.4607142356805255,,,
0.3,0.2,0.1,0.05,0.2,0.5,0.9888871117961913,0.8602049918045999,0.8309202598890281,0.9085540631244323,0.7192595166802279,0.30213764394184167,0.4677297415685332,,,
0.3,0.3,0.1,0.1,0.15,0.6,0.9888402615411205,0.8600627930072532,0.8395907084302846,0.9098349291553134,0.7052546623270952,0.3292569163166397,0.4510429524953937,,,
0.4,0.0,0.15,0.1,0.15,0.3,0.9888239299444647,0.8530640443369909,0.842165642026132,0.9079596548592189,0.703977590724166,0.3223733221324717,0.4466123572859088,,,
0.3,0.3,0.1,0.1,0.1,0.3,0.9887658477875666,0.7762690336122993,0.8443581639520316,0.9350762347865575,0.7082429585028479,0.25373856542810985,0.38936376768405034,,,
0.4,0.3,0.15,0.05,0.15,0.6,0.9887396699960487,0.8289347656561898,0.842130110971899,0.9211302120799274,0.7162612823433686,0.29257901453957996,0.4310002823039334,,,
0.2,0.2,0.1,0.05,0.2,0.5,0.988711365126663,0.8708580151261546,0.8300421915160193,0.903329423705722,0.7145242506102523,0.3119360180936995,0.4825728475526716,,,
0.3,0.3,0.0,0.2,0.15,0.4,0.9887082143558733,0.8723136591903788,0.836635141041704,0.9060252320617621,0.6942208633034987,0.34899687302100163,0.46114295666105903,,,
0.3,0.3,0.1,0.15,0.05,0.5,0.9886810809438155,0.8426522922571447,0.8528246115983533,0.9162722774750227,0.68501888364524,0.3517305654281098,0.4176890769846992,,,
0.3,0.2,0.15,0.05,0.2,0.6,0.9886232354296959,0.863584144640754,0.8357481866833721,0.9068819237057221,0.713085344182262,0.3166028743134087,0.46472961531683094,,,
0.2,0.0,0.15,0.05,0.1,0.3,0.9885742646601833,0.8682553019651603,0.846994243959191,0.9004093619436876,0.6934804003254679,0.34987207560581585,0.45230817319554595,,,
0.2,0.2,0.1,0.05,0.05,0.3,0.9885552748281404,0.7983725449135205,0.8503104329693932,0.9282171857402362,0.704425528071603,0.28362946558966073,0.4010572098053352,,,
0.4,0.3,0.0,0.15,0.15,0.4,0.9885205310736794,0.8499863260058272,0.8336910766064077,0.915812957311535,0.7119000675345809,0.3108078436187399,0.44761427925979336,,,
0.4,0.3,0.0,0.1,0.2,0.4,0.9884624116501525,0.8433947385282996,0.8253094589224987,0.9170193619436875,0.7259580333604556,0.2796977983844911,0.45535836513658573,,,
0.3,0.3,0.1,0.05,0.1,0.5,0.9884514050997765,0.8261549849606349,0.8432081829246465,0.9228004341507721,0.7140215614320586,0.2951232549273021,0.4263462414483698,,,
0.2,0.3,0.0,0.1,0.1,0.4,0.988394763963058,0.8604348467422975,0.8353885663146591,0.9116831167120799,0.7063032831570383,0.32723998449111474,0.45305579444043903,,,
0.3,0.2,0.15,0.2,0.1,0.5,0.9883106248956872,0.868467728795487,0.851827122069089,0.9036173356039964,0.6699784564686737,0.38811142875605814,0.43031258655771853,,,
0.2,0.2,0.1,0.05,0.05,0.4,0.9882384559467259,0.8360746454404562,0.8502740696259173,0.9179984922797456,0.7005551480878763,0.32486139515347334,0.4239229576223664,,,
0.2,0.2,0.05,0.05,0.2,0.4,0.9882325255189729,0.8673142873473436,0.8231885668516199,0.9043133378746594,0.7218575549227013,0.29377664426494343,0.48928043419049905,,,
0.4,0.3,0.1,0.2,0.05,0.3,0.9881483157274601,0.784248089492282,0.8556500925362448,0.9306900018165304,0.68213216273393,0.2988807599353796,0.3825191010173836,,,
0.2,0.2,0.1,0.15,0.05,0.4,0.988120572553766,0.8637993255718802,0.8541980297118311,0.9060753778383288,0.6673731903986981,0.3910446100161551,0.42212213714651925,,,
0.3,0.3,0.1,0.2,0.05,0.5,0.9881200456102063,0.853320757770752,0.8542616486486487,0.9117878210717529,0.6719843661513426,0.3784367702746365,0.4164377345189458,,,
0.4,0.2,0.15,0.15,0.1,0.5,0.9880605345269416,0.846508235844027,0.8506723833900125,0.9130879913714804,0.6902817925142392,0.3452506681744749,0.4270558614115197,,,
0.4,0.2,0.15,0.05,0.15,0.5,0.9880532535213986,0.8312890784204328,0.8419874299266153,0.9194563683015441,0.7166734206672092,0.2937049053311793,0.4345541305775855,,,
0.4,0.2,0.05,0.1,0.2,0.4,0.9880307243441739,0.8544472412621661,0.8291856142831573,0.9116135036330609,0.7207777729861676,0.29679231922455573,0.46271344676760395,,,
0.4,0.3,0.15,0.1,0.1,0.5,0.9880122150649209,0.8111650705349948,0.8487132811884733,0.9252816653042688,0.7058491895850285,0.2938246248788368,0.4116273004886646,,,
0.4,0.2,0.1,0.1,0.2,0.5,0.9879763546803111,0.8587711486454653,0.8343722674064793,0.9094721307901907,0.7141895817737999,0.3124155489499192,0.46016245854361937,,,
0.3,0.2,0.05,0.05,0.2,0.4,0.9879231594363911,0.8554318697414915,0.8246474778951137,0.9103592584014533,0.7266617917005697,0.28501779386106624,0.4714891776015381,,,
0.3,0.1,0.15,0.2,0.15,0.4,0.9879168434956127,0.8807835935279895,0.8471610497583676,0.8972207193460491,0.6708108974776241,0.3889224872374798,0.4518653488744693,,,
0.4,0.3,0.05,0.15,0.15,0.5,0.987904432475814,0.8547164366003348,0.838296235367818,0.9129879950045413,0.7059871562245729,0.3255901111470113,0.4465953266041817,,,
0.2,0.2,0.15,0.05,0.2,0.6,0.9879032760753768,0.873189740623644,0.8351114233040988,0.9022764255222525,0.7084443010577706,0.32706749531502427,0.47739909621084675,,,
0.3,0.3,0.1,0.05,0.15,0.6,0.987881048349076,0.8511425348955428,0.8377369650975479,0.9134326326067211,0.7144452904800651,0.31099094410339256,0.4495367378034127,,,
0.3,0.2,0.15,0.1,0.05,0.4,0.9878600907885708,0.8151709579319323,0.8557251610882406,0.9214142838328793,0.6906920024410089,0.3189540180936995,0.40507921445165423,,,
0.2,0.3,0.1,0.05,0.1,0.3,0.9878273129079504,0.77118908491724,0.8395414197243601,0.9359563619436875,0.7151317827502034,0.23876258998384492,0.38792095249539377,,,
0.4,0.3,0.1,0.05,0.2,0.6,0.9877908603222698,0.8449965610563511,0.8336351831036335,0.9157666884650318,0.7217862986167616,0.2935417673667205,0.45101463670592,,,
0.4,0.2,0.1,0.15,0.2,0.5,0.9877677688897177,0.8674109046928274,0.8368333101843565,0.9059977216167121,0.7047681082180635,0.33232522455573504,0.4627723636946247,,,
0.4,0.0,0.15,0.15,0.15,0.3,0.9877668457319042,0.8657467070361416,0.844390311616252,0.902217772479564,0.6894136053702197,0.3528281809369952,0.44774572074020663,,,
0.4,0.2,0.15,0.2,0.05,0.4,0.9877445190897818,0.8278269061806459,0.8585282185430464,0.9167077788374206,0.6712222563059398,0.35566821777059776,0.40219132724505324,,,
0.3,0.2,0.1,0.05,0.1,0.4,0.9876801736395875,0.8286750832558427,0.8433065378557366,0.9210468583106267,0.7141066965012205,0.29702528077544427,0.4299356377473364,,,
0.2,0.2,0.15,0.05,0.05,0.5,0.9876060317070732,0.8440146008554956,0.853651029711831,0.9134414632152589,0.6938396965012205,0.34181252730210016,0.42536962108467513,,,
0.4,0.3,0.1,0.15,0.1,0.3,0.9875144138103852,0.7799996814084681,0.8476651392518346,0.9337484336966394,0.7021750016273393,0.26764924200323104,0.3907597076023392,,,
0.2,0.3,0.05,0.05,0.05,0.4,0.9874999558039957,0.8216131688549996,0.8447228895650618,0.9252498101725705,0.7103967355573637,0.29937720516962846,0.4191311417127293,,,
0.3,0.2,0.05,0.15,0.2,0.4,0.9874925203990963,0.8757871772859712,0.8323353746196528,0.9019763637602181,0.704856734743694,0.330919301453958,0.48241974845790275,,,
0.3,0.2,0.15,0.1,0.2,0.6,0.9874522317336604,0.8714452001487819,0.8381076796133883,0.9035949223433243,0.704063176566314,0.33621669273021004,0.46803141248097413,,,
0.4,0.3,0.0,0.15,0.1,0.3,0.9874280811006446,0.8184848997582295,0.8389507574727044,0.9269259818346958,0.7100953555736371,0.29215380549273023,0.4204534949931907,,,
0.3,0.3,0.05,0.05,0.15,0.5,0.987371280128745,0.8459501789349699,0.8330250264900663,0.9161872506811989,0.7208584613506916,0.29644457641357025,0.45076654409997596,,,
0.2,0.3,0.15,0.2,0.05,0.6,0.987348719328681,0.8684082313805715,0.856430663683551,0.9036702211625794,0.6605942839707079,0.4053996827140549,0.42112479964752064,,,
0.3,0.1,0.15,0.05,0.1,0.4,0.9873443001690762,0.8417219286591037,0.8478429554322534,0.913733793369664,0.7055212017900733,0.31980785977382875,0.4352361565328847,,,
0.2,0.2,0.15,0.1,0.05,0.5,0.9873134674178712,0.8560190172958898,0.8553382155002686,0.9082550990009083,0.6796299406021155,0.37060725234248787,0.4246467278699031,,,
0.3,0.3,0.1,0.05,0.2,0.3,0.9873060536006976,0.7811182364391545,0.8249185126185788,0.9336168560399637,0.7281526240846217,0.2221566662358643,0.4049001981895378,,,
0.4,0.2,0.1,0.2,0.05,0.3,0.9872995117899083,0.8167844393775959,0.856216669411133,0.9211301603088101,0.674258476810415,0.3409981382875606,0.3983669116398302,,,
0.4,0.3,0.05,0.2,0.05,0.3,0.9872602179691238,0.8037665525013948,0.851920398424915,0.9278323024523161,0.6856111700569569,0.3146278733441034,0.39599433934150446,,,
0.3,0.3,0.1,0.15,0.15,0.6,0.9872508058969378,0.8681156822515653,0.8416748167173795,0.9065303269754769,0.695818899918633,0.35039572924071083,0.45308096194824965,,,
0.4,0.2,0.15,0.1,0.2,0.6,0.987249537190226,0.8619357946066579,0.8384540604975838,0.9075869282470481,0.7086897982099268,0.32551395799676897,0.4580912610750621,,,
0.3,0.3,0.0,0.05,0.2,0.4,0.987173083799592,0.843392432558428,0.8202243110792912,0.915712482742961,0.7316369829129374,0.2685337602584814,0.46255789489706,,,
0.2,0.2,0.15,0.2,0.1,0.5,0.9871537802339456,0.8802611799640443,0.8518305933416861,0.8981045340599455,0.6596800992676973,0.4091247651050081,0.43888804710406154,,,
0.4,0.3,0.05,0.2,0.15,0.5,0.9871229288334145,0.863589288475606,0.8404180844818329,0.909072419164396,0.6960652855980473,0.3469788568659128,0.44795181462789396,,,
0.2,0.2,0.05,0.05,0.15,0.4,0.9870349168512366,0.8649246121381192,0.8299216330767853,0.9071879881925522,0.7173325858421481,0.3093306953150242,0.4739960317231434,,,
0.2,0.3,0.1,0.15,0.2,0.6,0.9870125394922872,0.8794060207054739,0.8367383162699122,0.9002773419618528,0.695085462978031,0.34982833925686596,0.47795753184330686,,,
0.4,0.2,0.15,0.2,0.1,0.5,0.9870078677888208,0.8562700527927594,0.8517823713978879,0.9086570177111717,0.6786161391375102,0.3695979450726979,0.4263908895297605,,,
0.3,0.3,0.1,0.2,0.2,0.6,0.9869925690270198,0.8776053254230983,0.8394717016287812,0.901814151226158,0.6913311806346624,0.3580404723747981,0.4675077633581671,,,
0.4,0.2,0.15,0.1,0.1,0.4,0.9869221948045455,0.8107219147975947,0.8495956910685519,0.9240319768392371,0.7044231196094385,0.2954400381260097,0.4124501648642153,,,
0.2,0.0,0.15,0.1,0.15,0.3,0.9869169831439424,0.8859668562395387,0.8419922820834078,0.892030987284287,0.685349853539463,0.36469727495961224,0.4809264662340783,,,
0.4,0.2,0.05,0.2,0.2,0.4,0.9869051089639549,0.8735855725993429,0.8356671716484697,0.9035660227066303,0.6997859853539463,0.3418582462035541,0.4700108039734038,,,
0.2,0.3,0.05,0.05,0.1,0.5,0.9868610749290031,0.8535818064100179,0.838102124753893,0.9134091271571299,0.7115187982099267,0.319319152180937,0.4489228195145398,,,
0.4,0.1,0.15,0.05,0.15,0.4,0.9868304844987361,0.8343333731076807,0.8416240477895114,0.9171394623069936,0.7172585207485761,0.2952507644588045,0.43936836097092047,,,
0.4,0.3,0.15,0.1,0.1,0.6,0.9868203157500436,0.8329396307234518,0.8487370347234652,0.9190799359673024,0.7034701952807161,0.318872471082391,0.4251837098453897,,,
0.3,0.2,0.05,0.15,0.05,0.3,0.9867859519533005,0.8398800017605852,0.8508245480579917,0.9174182039055404,0.6838092587469488,0.35134980032310176,0.41738361932227824,,,
0.3,0.2,0.0,0.1,0.15,0.3,0.9867465685653193,0.8582288683652595,0.8276885942366207,0.9109068415077203,0.719221148901546,0.3024136704361874,0.4669053131458784,,,
0.3,0.3,0.15,0.15,0.05,0.6,0.9867389747648563,0.8478714402826856,0.8551879829962412,0.9128664750227066,0.6813259877949552,0.3637791651050081,0.41949093999839787,,,
0.3,0.3,0.0,0.05,0.2,0.3,0.9867187518389521,0.8176591578699398,0.815245539466619,0.9237685222524977,0.7359094849471115,0.23888837609046848,0.4418631455579588,,,
0.4,0.3,0.1,0.15,0.15,0.6,0.9866999122268084,0.8582199524146054,0.8419501748702345,0.9105412152588557,0.7011193344182262,0.33798557673667207,0.44578567587919565,,,
0.2,0.3,0.05,0.15,0.15,0.5,0.9866841031154111,0.8764002495567541,0.8377606597458386,0.9031434200726611,0.6941080740439382,0.3534585615508885,0.46874353376592165,,,
0.4,0.3,0.15,0.1,0.2,0.3,0.9866252317403659,0.7673532059512739,0.8353994163236084,0.9367342611262488,0.7189079902359642,0.22778747657512116,0.391125649122807,,,
0.4,0.3,0.15,0.05,0.15,0.5,0.9865768829006042,0.8068516890459364,0.8417619088956506,0.9272656035422343,0.7195402880390561,0.2705864491114701,0.4177056268525194,,,
0.2,0.2,0.1,0.05,0.15,0.5,0.9864817345709187,0.8684311850970182,0.835976839806694,0.90541769164396,0.7098278738812043,0.32714047689822295,0.469242559480894,,,
0.2,0.2,0.05,0.05,0.05,0.3,0.986472668912228,0.8239599203273201,0.8454441374619652,0.9236402302452316,0.7095259690805533,0.30313047366720514,0.4221357934791316,,,
0.2,0.3,0.05,0.1,0.1,0.5,0.9864574645628648,0.8642770634678569,0.8406201759441562,0.9090525994550408,0.6998759357200977,0.34410552245557346,0.45109690330849955,,,
0.2,0.3,0.15,0.05,0.05,0.4,0.9864416585037371,0.7802110137251255,0.8522880436728119,0.9314719659400544,0.7027120968266883,0.27140300872374795,0.3876639309460867,,,
0.4,0.2,0.15,0.05,0.2,0.6,0.98643979780986,0.85367867041101,0.8367086831931269,0.9108295458673933,0.7171265679414158,0.308584239095315,0.4563735071697509,,,
0.3,0.2,0.05,0.1,0.15,0.4,0.9863851612787966,0.8630435383051268,0.8343021082870951,0.9085431126248865,0.7110685215622458,0.3220663851373183,0.46296345622045987,,,
0.4,0.3,0.1,0.05,0.2,0.4,0.9863459350949552,0.8024132616700763,0.8308210807231072,0.9292651171662125,0.7288929625711961,0.24772441163166398,0.42161910117760154,,,
0.2,0.3,0.0,0.05,0.1,0.4,0.9863370664045585,0.8473808919471825,0.8321130211204583,0.9166494118982743,0.7193834654190399,0.3012959185783522,0.45045765777457336,,,
0.4,0.3,0.15,0.2,0.05,0.3,0.9862406886377897,0.7653878874713285,0.8590812530875247,0.932854121253406,0.6791706566314076,0.2860963625201939,0.3708535388928943,,,
0.4,0.3,0.1,0.1,0.15,0.6,0.9862051826085094,0.8497642934721964,0.8404379232146053,0.9142037016348774,0.7100228096013018,0.32006431599353796,0.4449572221421133,,,
0.3,0.1,0.1,0.05,0.1,0.3,0.9861134182672313,0.8321724021325397,0.8432214433506354,0.9183834913714805,0.714265921074044,0.29987113731825527,0.4352154379556196,,,
0.4,0.3,0.05,0.1,0.15,0.5,0.9861115234065546,0.8448848574297935,0.836488306246644,0.9170819927338782,0.7157576655817738,0.3068731831987076,0.44570035456220464,,,
0.4,0.2,0.0,0.1,0.2,0.3,0.9860924053428011,0.8482776340958403,0.8224607320565598,0.9140126521344233,0.7287796704637917,0.27884624038772216,0.46594019386365454,,,
0.2,0.3,0.1,0.05,0.1,0.6,0.9860528417003115,0.8579102665426819,0.8426009776266333,0.9105174246139872,0.7052664857607811,0.33406424426494347,0.44774742962428904,,,
0.3,0.2,0.0,0.15,0.15,0.3,0.9860351143523439,0.870705792573306,0.8322975621979596,0.905757121253406,0.7056775321399512,0.33175197867528267,0.4722922980052872,,,
0.4,0.2,0.1,0.05,0.2,0.5,0.9859577188696862,0.8491884752092245,0.8322569386074816,0.9132184432334242,0.723312918633035,0.2948922791599354,0.4581866125130177,,,
0.4,0.2,0.15,0.15,0.2,0.6,0.9859465963427329,0.8694359218399355,0.8404302260604976,0.9045015758401453,0.6999885516680228,0.34475621130856215,0.46033619979171675,,,
0.3,0.3,0.0,0.15,0.1,0.4,0.9859143514624517,0.8580873599900812,0.8390504829067479,0.9127631071752952,0.70044318633035,0.33970164717285944,0.4450189233357366,,,
0.2,0.2,0.05,0.1,0.2,0.4,0.9858223500252228,0.8774080191928585,0.8276979378915339,0.8996938451407811,0.7102810366151342,0.31940064297253634,0.49789507794600657,,,
0.3,0.1,0.15,0.15,0.1,0.4,0.9858022086692417,0.866391577335565,0.8509715425093968,0.9028895476839237,0.6766943669650122,0.3789803411954766,0.43534629127613556,,,
0.3,0.2,0.05,0.2,0.05,0.3,0.9857850356039684,0.8547813796788791,0.852665029711831,0.9110702788374205,0.6652372123677787,0.3892832646203554,0.41522676936633823,,,
0.3,0.3,0.05,0.2,0.15,0.5,0.9856975324142461,0.8740936568594632,0.8406033984249149,0.90449708537693,0.6897146606997558,0.3629452484652666,0.4581365538732676,,,
0.4,0.3,0.05,0.05,0.2,0.5,0.9856826338765605,0.8391983611183437,0.8289353189547163,0.9183620399636694,0.7281226908055329,0.28036051050080774,0.45224947913161895,,,
0.2,0.2,0.0,0.05,0.15,0.3,0.985672349762915,0.8593439821957721,0.8213332554143548,0.9090054455040872,0.7267658925956062,0.2870038151857835,0.4804109279820556,,,
0.3,0.3,0.1,0.1,0.05,0.4,0.985628239413969,0.8023732843593081,0.8513447599785217,0.9277047129881926,0.7002830138323841,0.29750872439418413,0.4023441438756709,,,
0.4,0.1,0.1,0.15,0.1,0.3,0.9856198877176858,0.8453509270596987,0.8478132915697154,0.9128402629427793,0.6913691456468674,0.3426491657512116,0.43011609965553155,,,
0.4,0.2,0.15,0.05,0.15,0.4,0.9855041534577019,0.805913039786746,0.8417212856631466,0.9266082997275205,0.7204741383238406,0.2686495689822294,0.41939165553152286,,,
0.4,0.3,0.1,0.1,0.1,0.5,0.9854709610595286,0.8255632562395389,0.8458222335779488,0.9223847216167121,0.7088995736371033,0.30589455444264946,0.4243134211327405,,,
0.2,0.2,0.0,0.1,0.15,0.3,0.9854615701603557,0.8729125047176244,0.8269657929121174,0.9035693237965485,0.7125672367778682,0.3171388394184168,0.489124687815429,,,
0.3,0.3,0.15,0.2,0.05,0.6,0.9854578489585968,0.8569418198995722,0.8563476185788437,0.9085957920072661,0.6698132351505289,0.38757488659127626,0.4185742808619723,,,
0.3,0.3,0.15,0.1,0.05,0.6,0.985426449633873,0.8378687647139048,0.8537963474136387,0.9165835063578565,0.6927838576078112,0.3417112355411955,0.42057610958904107,,,
0.4,0.3,0.1,0.05,0.15,0.5,0.985425261492041,0.8208427497613291,0.8384457798460712,0.9243303619436876,0.7224744450772986,0.27979596575121163,0.43059723111431547,,,
0.3,0.2,0.1,0.15,0.2,0.5,0.9853317240432033,0.877393162655756,0.8368736760336496,0.90100840417802,0.6993359365337674,0.3462963599353796,0.4766428464311464,,,
0.3,0.0,0.15,0.15,0.15,0.3,0.9852988629736167,0.8814125942595004,0.8452106346876678,0.894860906448683,0.6791493352318958,0.37799873473344103,0.4625277740927662,,,
0.3,0.2,0.1,0.05,0.15,0.5,0.9852391614315905,0.8565125987725498,0.8368921949167711,0.9103209105358765,0.7150807078925956,0.3156841525040388,0.4575067153729071,,,
0.2,0.1,0.1,0.05,0.05,0.3,0.9851955541055063,0.8417317371520674,0.8519623438339002,0.9137300921889191,0.6967998681855166,0.3369338210016155,0.42856731138348153,,,
0.3,0.3,0.1,0.1,0.05,0.5,0.9851851767563703,0.8308050135019528,0.8512592174691247,0.9202437515894641,0.6977859991863303,0.32880828562197095,0.41911878827204996,,,
0.4,0.2,0.15,0.1,0.1,0.5,0.9851821952072589,0.8357149490546153,0.8494504290316806,0.9169554091734787,0.7018579308380797,0.3244923793214863,0.4279439870223504,,,
0.4,0.2,0.0,0.15,0.15,0.3,0.9851653149347033,0.8561766591779804,0.8322526824771792,0.912271502270663,0.7123480195280716,0.3166021253634895,0.45694194168068575,,,
0.4,0.3,0.05,0.05,0.2,0.4,0.9851568223722225,0.8173813974087161,0.8268798798997673,0.9255720962761127,0.7321540203417413,0.2562414662358643,0.4365237285908836,,,
0.4,0.3,0.15,0.05,0.2,0.4,0.9850883925466182,0.7867991683838572,0.8348593891175944,0.93229239373297,0.7258321350691619,0.240413253634895,0.4085765381719138,,,
0.2,0.2,0.1,0.2,0.05,0.4,0.9850784527350449,0.8746850638150145,0.8558387932700913,0.900326995458674,0.6496257306753458,0.42487446849757676,0.4222882622766963,,,
0.2,0.2,0.0,0.1,0.2,0.3,0.985071058472837,0.8741238193788357,0.8194431589403973,0.9001381058128974,0.7179471814483319,0.29859491567043617,0.5091109435231915,,,
0.3,0.2,0.1,0.1,0.15,0.5,0.9850400108392019,0.8662573027090694,0.8392148324682299,0.9064743374205269,0.704580490642799,0.337865642003231,0.45998807081631016,,,
0.2,0.3,0.0,0.15,0.1,0.4,0.9849957792480007,0.8716793576839627,0.8390083697870057,0.9068203837420526,0.6926817257933279,0.35879732924071084,0.45697862020347674,,,
0.3,0.1,0.1,0.2,0.1,0.3,0.9849191472635919,0.8752054040047115,0.8499084956148201,0.8996831316984559,0.6626862904800651,0.4031157382875606,0.43595585372106066,,,
0.4,0.2,0.1,0.05,0.2,0.3,0.9849117888680117,0.8004817298121629,0.828849666547342,0.9290825794732063,0.7315060260374288,0.24193804135702746,0.4241338989025074,,,
0.2,0.2,0.0,0.05,0.2,0.3,0.9849071351842678,0.8616280853511872,0.8133088596742438,0.9049978356039964,0.7307608820179008,0.2718284859450727,0.4982460951694304,,,
0.3,0.2,0.05,0.05,0.15,0.4,0.9849071258895739,0.851348077614531,0.8313118038303203,0.9131423587647592,0.722632453213995,0.2987765428109855,0.4599838867259473,,,
0.4,0.1,0.15,0.1,0.1,0.3,0.9849027975431869,0.809878105263158,0.8505096933953822,0.9221730399636694,0.7023620968266884,0.29780633473344104,0.4136643052150925,,,
0.4,0.3,0.1,0.2,0.15,0.6,0.9848694053569879,0.8659079269481122,0.843663476821192,0.9071425849227975,0.6920280756712774,0.3585521738287561,0.44699854522150123,,,
0.3,0.3,0.0,0.1,0.1,0.4,0.984867028785149,0.8460008287892877,0.8365377263289779,0.9179762593097184,0.7129850716029292,0.31447549983844914,0.4438640749819755,,,
0.2,0.2,0.15,0.05,0.15,0.6,0.9848424229567004,0.8707763137561217,0.8404807714336853,0.9037278006357856,0.7037711830756713,0.3419547922455573,0.46561109669150047,,,
0.3,0.1,0.1,0.05,0.2,0.4,0.9848244360991085,0.8670767918665923,0.8294066914265259,0.9043770049954587,0.7211539430431244,0.30600347980613896,0.48228683393415045,,,
0.3,0.3,0.05,0.1,0.1,0.5,0.984754690832198,0.851751784787056,0.8413755838553786,0.914386755222525,0.7061810618388934,0.3302942022617124,0.4431370165825523,,,
0.3,0.3,0.0,0.05,0.15,0.4,0.9847473919564558,0.8387821353418883,0.8270292246286021,0.9192149518619437,0.728611423108218,0.2799644562197092,0.4523008451494032,,,
0.3,0.1,0.15,0.1,0.05,0.3,0.9847337180232936,0.8149051579939248,0.8576953130481475,0.9182634659400545,0.6847731244914566,0.3277594649434572,0.40481745381719136,,,
0.2,0.2,0.1,0.1,0.2,0.5,0.9847270919476585,0.8793041158762631,0.8334209505996062,0.8990338932788374,0.7040179446704639,0.3364586022617124,0.4894970093727469,,,
0.3,0.2,0.15,0.05,0.15,0.6,0.9846625582092952,0.8601925744963115,0.8411685072489707,0.9079365676657584,0.7089315785191213,0.329626597092084,0.4555419503324521,,,
0.3,0.2,0.1,0.15,0.05,0.4,0.9846473621610622,0.8474531235757238,0.8543117367102202,0.9127944196185287,0.679087260374288,0.3676270998384491,0.41975291756789235,,,
0.4,0.3,0.0,0.1,0.15,0.4,0.9845631726417263,0.838314625206125,0.8315716984070164,0.9202342384196185,0.7226645646867372,0.29164895831987075,0.44663351486020986,,,
0.4,0.3,0.15,0.15,0.05,0.5,0.9845229402934614,0.8145278060132664,0.8553503001610883,0.9224883701180745,0.6902189552481692,0.3238800678513732,0.4052148868060563,,,
0.3,0.1,0.15,0.05,0.2,0.5,0.9844885196429017,0.8700268590911908,0.8349600442097727,0.902972457311535,0.7137892294548414,0.32272793537964456,0.4769592822238244,,,
0.2,0.2,0.15,0.15,0.05,0.5,0.9844423070931456,0.8665179594569462,0.8567064845176302,0.9030101530426885,0.665295013832384,0.40060350436187403,0.4244240948489947,,,
0.4,0.2,0.1,0.2,0.2,0.5,0.9843890176203582,0.8751196429979543,0.8394255840343654,0.9023376980018165,0.6949697672904801,0.3554448678513732,0.46622316638628536,,,
0.4,0.0,0.15,0.05,0.15,0.3,0.9843782553258464,0.8384145409460046,0.8407573411490962,0.9136181457765667,0.718225332790887,0.2975142074313409,0.44627266202034765,,,
0.2,0.1,0.1,0.1,0.05,0.3,0.984263480345085,0.8593295627053499,0.8539633862538035,0.9060017016348774,0.6759358006509357,0.379466143457189,0.42746974236962265,,,
0.4,0.2,0.1,0.05,0.15,0.4,0.9842259210098634,0.8222321045936395,0.8377272641847145,0.9231160817438693,0.7239521741253051,0.27908269079159936,0.4344602371224866,,,
0.4,0.1,0.05,0.1,0.2,0.3,0.984216607870623,0.8610657809931188,0.8272228424914981,0.9074905118074478,0.7231426346623271,0.29960075993537966,0.47613810093727466,,,
0.4,0.2,0.05,0.15,0.15,0.4,0.9841944155851601,0.8606691388506602,0.8376206887417219,0.9095171712079927,0.705370146460537,0.33369944426494347,0.4545866274132821,,,
0.4,0.1,0.1,0.1,0.2,0.4,0.9841871302061158,0.865096844336991,0.8332747032396635,0.905727542688465,0.7151733783563873,0.3178776155088853,0.47139158263238007,,,
0.2,0.2,0.05,0.1,0.15,0.4,0.9841837543811687,0.8757819599032918,0.8339699235725792,0.9023478110808356,0.7046829397884459,0.3379325822294022,0.4806439541776817,,,
0.3,0.3,0.1,0.05,0.1,0.4,0.9841543444150062,0.7973597962680553,0.8427899516735278,0.9301511294277929,0.7178983165174938,0.2680785253634895,0.4100292641192021,,,
0.3,0.3,0.15,0.1,0.05,0.4,0.9841508520490794,0.7832582141466741,0.8546598833005191,0.9300429831970936,0.6969127632221318,0.2847280336025848,0.3892581435552351,,,
0.4,0.3,0.05,0.1,0.15,0.3,0.9841353138737859,0.793474008902114,0.8342953747986397,0.9323384573115349,0.7229506248982913,0.25243480710823907,0.4124786176399904,,,
0.2,0.3,0.1,0.15,0.15,0.6,0.9841312640542009,0.8776276426755936,0.8414811530338285,0.9019197039055404,0.6898034361269324,0.36616712180937,0.4648375477048787,,,
0.2,0.3,0.1,0.1,0.1,0.6,0.9841245185842661,0.8669372791271465,0.8445590767853947,0.9068236326067212,0.6947565793327909,0.35779129046849756,0.4496118785548346,,,
0.4,0.1,0.1,0.2,0.1,0.3,0.9840832960606681,0.8585597473932179,0.8493586137461965,0.9068548805631244,0.6753780854353133,0.37602965298869145,0.42913307858687816,,,
0.2,0.2,0.15,0.05,0.05,0.3,0.9840674280451049,0.7722105772983696,0.8548476627886165,0.9310683346957311,0.6999297054515867,0.269023360904685,0.38376334006248497,,,
0.2,0.1,0.15,0.15,0.1,0.4,0.9839974351346616,0.880895195090199,0.8510846364775371,0.8962290435967303,0.665263167615948,0.40422629660743137,0.4461395175839141,,,
0.4,0.2,0.0,0.2,0.15,0.3,0.9839840789110799,0.86778799303205,0.8358886950062646,0.9071690622161671,0.6994003515052889,0.34500944038772213,0.4598513785147801,,,
0.4,0.3,0.05,0.2,0.05,0.4,0.9839277761937615,0.8333068702498295,0.8516675802756398,0.9198566026339692,0.6848759422294548,0.3488488142164782,0.4140780650484659,,,
0.3,0.3,0.05,0.05,0.1,0.4,0.9839215060668611,0.8154100278470027,0.8386889314480044,0.9267777729336967,0.7215656940602115,0.2792312672051696,0.42536711351437956,,,
0.4,0.3,0.0,0.1,0.15,0.3,0.983888774235817,0.8118420335751039,0.8295917852156793,0.928458565849228,0.726882016273393,0.2626067857835218,0.42872852006729156,,,
0.3,0.2,0.0,0.05,0.2,0.3,0.98388740521023,0.8483672885499969,0.8161547823518883,0.9123309396003634,0.7356462896663954,0.265573504361874,0.4764079298245614,,,
0.4,0.2,0.1,0.1,0.1,0.4,0.9838565885344129,0.8275968860702994,0.8461989176660104,0.9206575222524976,0.7080612563059397,0.3096831483037157,0.42725274597452534,,,
0.4,0.1,0.15,0.15,0.1,0.4,0.9837978384427879,0.8514554521108425,0.8513045466260963,0.9089714096276112,0.6861155085435313,0.3581571735056543,0.43080742129295846,,,
0.4,0.3,0.15,0.15,0.1,0.3,0.983779403038744,0.7611366660963362,0.8516812783246823,0.9360602515894642,0.6989527038242473,0.2583660038772213,0.3788438311303373,,,
0.3,0.3,0.05,0.15,0.1,0.5,0.9837581605485306,0.8617945038993242,0.8433370746375515,0.909860340599455,0.6950123864930838,0.3543824730210016,0.44417873347752945,,,
0.3,0.3,0.1,0.1,0.1,0.6,0.9837385059365922,0.8558988111338417,0.8450996626096295,0.9114042175295186,0.7007204849471115,0.3434310442649434,0.44258638628534813,,,
0.4,0.1,0.15,0.05,0.15,0.3,0.9836323128515094,0.8044855384787056,0.8415269787005549,0.9255526180744778,0.7217701529698942,0.2661011560581583,0.4217534780100938,,,
0.3,0.2,0.05,0.15,0.15,0.4,0.9836132427832022,0.8732337429545595,0.8376882822623948,0.9040839146230699,0.698951802278275,0.3497891211631664,0.46718537466955057,,,
0.4,0.1,0.05,0.15,0.2,0.3,0.9835918527473942,0.8722713618250574,0.831511625917308,0.9027348792007266,0.7111117404393816,0.32555911211631666,0.48162661107105664,,,
0.4,0.2,0.05,0.05,0.2,0.4,0.9835278555812782,0.8430928122001117,0.8266439565061751,0.9159148183469573,0.730757216436127,0.27972245105008076,0.46040023455900025,,,
0.4,0.3,0.1,0.05,0.15,0.6,0.9835022124681062,0.8405314292480318,0.8391066422051191,0.9177374309718438,0.7189941196094386,0.30401650791599355,0.444470228791156,,,
0.4,0.2,0.05,0.1,0.15,0.4,0.9834954600644361,0.8497523003657553,0.8353039085376768,0.9142383101725704,0.7165008893409276,0.3109597156704362,0.4529174286629816,,,
0.2,0.1,0.1,0.2,0.2,0.3,0.983478179849669,0.8936892771681855,0.8368444864864865,0.888743270208901,0.6706761537835638,0.3785037693053312,0.5098134260994953,,,
0.3,0.1,0.05,0.05,0.2,0.3,0.9834701794122743,0.862510267385779,0.8218110921782709,0.9057151362397821,0.7302837583401139,0.2855231922455574,0.48923940158615714,,,
0.4,0.3,0.1,0.2,0.05,0.5,0.9834534888947546,0.8402640547517203,0.8543257451226061,0.9161769382379655,0.6810877225386494,0.36128198578352183,0.4160832221421133,,,
0.3,0.3,0.15,0.1,0.1,0.3,0.9834288561276269,0.7553799124914761,0.8487492938965455,0.9375779477747502,0.7047443637103336,0.24494824620355413,0.37635058014900263,,,
0.4,0.1,0.15,0.05,0.2,0.5,0.9834282081010617,0.8588970445725621,0.8356969663504565,0.9075750204359674,0.7182892489829129,0.31258593861066236,0.4649988023712248,,,
0.4,0.2,0.05,0.05,0.2,0.3,0.983386505937982,0.8181328269791085,0.8239358877751924,0.9245381121707539,0.7354373222131815,0.25162093634894994,0.441985404950733,,,
0.4,0.2,0.1,0.1,0.15,0.5,0.9833802422470198,0.8546064407910234,0.8398841215321282,0.9112719091734787,0.7098791049633849,0.32597758966074314,0.4513268743090603,,,
0.3,0.3,0.05,0.1,0.05,0.4,0.9833461990604162,0.8210940485772736,0.8479098736352245,0.9244691067211626,0.7039872375915379,0.3132011308562197,0.4174095698149483,,,
0.3,0.2,0.1,0.1,0.05,0.3,0.9833210918518324,0.7995945479635485,0.8530995577232862,0.9265212129881926,0.6970587461350691,0.30058106946688207,0.4015523673796363,,,
0.4,0.1,0.15,0.1,0.2,0.5,0.983276601003614,0.8678493584526688,0.8378925314122069,0.9040664782016349,0.7087053962571196,0.33276714765751214,0.46771251734358726,,,
0.3,0.1,0.05,0.1,0.2,0.3,0.9832063274646966,0.8745614496559418,0.8269566012171111,0.9006801621253405,0.7177498193653377,0.31205605686591276,0.4975096268525195,,,
0.3,0.0,0.15,0.05,0.1,0.3,0.9831808996583891,0.8477767339656562,0.8481229226776444,0.9083835199818346,0.7037738852725793,0.32921517350565427,0.44238026596170793,,,
0.2,0.1,0.15,0.05,0.05,0.4,0.9831718375644671,0.8499869409708015,0.8555134394129228,0.9084102801998184,0.6891656680227828,0.35683164781906296,0.4296794805735801,,,
0.3,0.2,0.15,0.1,0.15,0.6,0.983107635344652,0.8685239770380013,0.8429961294075533,0.9046113356039964,0.6993281749389748,0.35104707528271406,0.4576741304173676,,,
0.3,0.3,0.1,0.2,0.15,0.6,0.9830905121746013,0.8753266255532826,0.8437248301413998,0.9030641880108992,0.6860325524816925,0.3739329938610662,0.45584463526395896,,,
0.3,0.2,0.15,0.15,0.2,0.6,0.9830411774800216,0.8784413211084248,0.8403859887238232,0.9000145317892825,0.6947762367778682,0.3588720019386107,0.4721923598493952,,,
0.2,0.2,0.15,0.1,0.2,0.6,0.9829636040304601,0.8804477153803236,0.8376706833721138,0.8983232752043597,0.6988450610252238,0.3505181557350565,0.4830366657053593,,,
0.4,0.1,0.1,0.05,0.2,0.4,0.9829062587701165,0.8545123771619861,0.8304538662967604,0.9098027079927339,0.7255992310821806,0.29679781389337645,0.4681469794120003,,,
0.4,0.3,0.0,0.2,0.05,0.3,0.9828574752436501,0.8235659428181763,0.8481382733130481,0.9242031230699363,0.6896263222131814,0.3337757621970921,0.41167207594328287,,,
0.2,0.3,0.0,0.2,0.2,0.4,0.9828455274430199,0.8841693483603001,0.8306310168247718,0.89727480835604,0.6927402742066721,0.3497254688206785,0.5011127768965793,,,
0.4,0.2,0.15,0.05,0.2,0.3,0.9828220900408747,0.7819825648006943,0.8338720608555575,0.9327367715712989,0.727862425549227,0.23431245880452342,0.4088645963310102,,,
0.3,0.3,0.1,0.05,0.1,0.6,0.9827598688712532,0.8463989071973219,0.8435987955969214,0.9153942570390554,0.710805471928397,0.32371671922455575,0.4420378261635825,,,
0.2,0.2,0.05,0.05,0.1,0.4,0.982727852676117,0.8608406020705474,0.8372466325398247,0.9095331089918256,0.7117715931651749,0.32761389983844913,0.4595443438276055,,,
0.3,0.3,0.05,0.05,0.15,0.3,0.9827103433816023,0.790376768458248,0.8289255929837122,0.9326218528610354,0.7295955191212368,0.23933024361873992,0.4138171974685572,,,
0.3,0.3,0.0,0.05,0.15,0.3,0.9826760450095818,0.8100941971111525,0.8238215743690711,0.9282146580381472,0.7337121838893409,0.24944286462035542,0.432196800608828,,,
0.4,0.3,0.1,0.1,0.1,0.4,0.9826183378929091,0.7988537122807018,0.8458437087882585,0.9292232361489555,0.7119260382424736,0.2799228575121163,0.40958777377233035,,,
0.4,0.2,0.1,0.15,0.15,0.5,0.9826032528330673,0.8638126994730643,0.8417256520494003,0.9071892951861944,0.6998038055329536,0.3476153873990307,0.4527696588960987,,,
0.4,0.3,0.0,0.2,0.1,0.4,0.9825850590816446,0.8553987171533073,0.8418565457311616,0.9136952338782924,0.6952049267697314,0.3507729886914378,0.43909812176560126,,,
0.4,0.2,0.15,0.1,0.15,0.6,0.9825681394710499,0.8581708554460357,0.8434868186862359,0.9087422375113533,0.704489606997559,0.33847937382875604,0.4500527249859809,,,
0.3,0.2,0.1,0.2,0.05,0.4,0.9825658369064423,0.8593958802058149,0.8556055826024701,0.9069654718437784,0.6634027550854353,0.3997842610662359,0.41832482560281986,,,
0.3,0.3,0.0,0.2,0.1,0.4,0.9825643922411987,0.8686447895356766,0.8419676846250225,0.9079491112624886,0.6874781928397071,0.36979952697899837,0.44695720996555316,,,
0.3,0.2,0.1,0.1,0.05,0.4,0.9825482542893074,0.8338562349017419,0.8526760204045105,0.9177090485921889,0.6944629471114727,0.3382701932148627,0.4214328869662741,,,
0.2,0.2,0.0,0.05,0.1,0.3,0.9824780886389863,0.854861975475792,0.8298375920887775,0.9129329032697547,0.7214686924328723,0.3059858164781906,0.46337707442121284,,,
0.3,0.1,0.1,0.1,0.2,0.4,0.9824540503846575,0.8769302889591469,0.8332248841954537,0.8998056017257039,0.709813397884459,0.3313107806138934,0.4887404670351678,,,
0.3,0.2,0.15,0.1,0.05,0.5,0.9824001120229312,0.841485459500341,0.8553550415249687,0.9135775744777475,0.6889792367778682,0.35272508562197097,0.4228655489866218,,,
0.3,0.3,0.15,0.05,0.2,0.3,0.9823937965220291,0.761779223631517,0.829977742616789,0.9370454223433243,0.7247390358014646,0.216599994184168,0.3906569233357366,,,
0.3,0.2,0.0,0.2,0.2,0.3,0.9823623792907773,0.8828576769450128,0.830667289779846,0.8981903360581289,0.6984236786004883,0.34398404588045234,0.5002309481695105,,,
0.3,0.2,0.05,0.05,0.1,0.3,0.9822556804475217,0.81608737196702,0.8379612580991587,0.9258703165304268,0.7232873775427177,0.2781729654281099,0.4292490816310182,,,
0.4,0.1,0.15,0.1,0.1,0.4,0.982243936135392,0.8392497450870994,0.8501260504743154,0.9138144754768392,0.6997013653376729,0.33233609499192246,0.43172518897700873,,,
0.3,0.2,0.1,0.05,0.1,0.3,0.9821668208672704,0.7939784888971545,0.8431558759620549,0.9300137742960944,0.7187477184703011,0.26514349919224556,0.41069607289914284,,,
0.4,0.1,0.1,0.05,0.15,0.3,0.9821635222079428,0.8240621061806459,0.8365536175049221,0.9212754936421436,0.7260368860862491,0.27820966655896606,0.43987240823519985,,,
0.4,0.3,0.15,0.2,0.05,0.6,0.9821491893636647,0.8454648437666604,0.8563319205298013,0.9129814577656676,0.678026346623271,0.37171716704361873,0.41780011904189696,,,
0.2,0.3,0.05,0.15,0.1,0.5,0.9821064321603724,0.8736295584898642,0.8432511483801683,0.9048702111716621,0.6877588462164361,0.3729601525040388,0.45427011247296323,,,
0.3,0.2,0.15,0.15,0.05,0.5,0.9820701808770108,0.8526619373132478,0.856672414354752,0.9089144918256131,0.6755747778681854,0.3799386210016155,0.4216691180004807,,,
0.3,0.3,0.05,0.05,0.1,0.5,0.9820157858630747,0.8405286286777014,0.8396242641847145,0.9187570195277022,0.7173673458096013,0.30967431211631663,0.4426001043018505,,,
0.2,0.2,0.1,0.1,0.15,0.5,0.982015669003684,0.8774670665178848,0.8389260665831395,0.9010920790190736,0.6984551285598047,0.3543160252019386,0.47451948233597696,,,
0.3,0.0,0.15,0.1,0.1,0.3,0.982014939430512,0.8629909548819045,0.8496407331304815,0.9016797752043597,0.6863586574450773,0.3652564135702746,0.44269478971401105,,,
0.4,0.2,0.15,0.2,0.2,0.6,0.9819905080555408,0.8761909160746388,0.8424345920887776,0.9011630313351499,0.691000097640358,0.3665700516962843,0.46326567331570934,,,
0.4,0.1,0.15,0.2,0.05,0.3,0.9819738239914042,0.8294110550368855,0.8601148070520852,0.9121096376021798,0.6612340553295362,0.37371965040387717,0.4011712924777697,,,
0.4,0.2,0.0,0.1,0.15,0.3,0.9819233484744997,0.8428405021139421,0.8293256325398246,0.917719951407811,0.7247888820179007,0.29302686785137316,0.4549636633821998,,,
0.4,0.3,0.05,0.1,0.1,0.4,0.9819195537606373,0.8156849683218647,0.8421656831931269,0.9262075558583106,0.7154269528071603,0.2913474197092084,0.4233229156452776,,,
0.4,0.2,0.15,0.05,0.15,0.6,0.9819118763298103,0.8494177752650177,0.842205698943977,0.9124573042688465,0.7136056305939787,0.32037840064620354,0.4491772364015061,,,
0.4,0.1,0.1,0.15,0.2,0.4,0.9818763327901479,0.8744142391420247,0.8364991686056917,0.9014845949137148,0.7042679283970709,0.3424961040387722,0.47577369959144433,,,
0.4,0.3,0.05,0.15,0.1,0.5,0.9818195354675249,0.8496567925361106,0.8439420807231072,0.9150218932788374,0.7014055508543532,0.34024251567043623,0.4386711473203557,,,
0.4,0.3,0.0,0.15,0.1,0.4,0.9818162143640854,0.8441545322670635,0.8399519257204224,0.9183780290644868,0.707320672091131,0.3264000465266559,0.4389463806777217,,,
0.3,0.2,0.0,0.05,0.15,0.3,0.9818005469322261,0.8437168134895543,0.8238171918739932,0.9163295163487739,0.7321486672091131,0.27903332213247173,0.46318071905791874,,,
0.2,0.2,0.15,0.2,0.05,0.5,0.9817439666527717,0.8756133349451367,0.8577559142652587,0.8981102057220708,0.650165065093572,0.4289736865912762,0.4248652907153729,,,
0.4,0.2,0.15,0.15,0.05,0.4,0.9816859794263094,0.8141912545037505,0.8568833107213174,0.9204574259763851,0.6857373409275834,0.33135625072697905,0.4050234874629496,,,
0.2,0.2,0.0,0.1,0.1,0.3,0.9816466066664611,0.8697749216787551,0.8345334125648828,0.9068328356039964,0.7056178096013019,0.3405092697899838,0.4688230683329328,,,
0.4,0.3,0.1,0.1,0.15,0.3,0.9816140707504413,0.7746860752588184,0.8390100166457849,0.9356159986376021,0.7193050789259561,0.2439641221324717,0.3986326850917247,,,
0.4,0.0,0.15,0.2,0.15,0.3,0.981525025872796,0.8765610116669765,0.847094945945946,0.8965561026339691,0.6738719576891782,0.38904147592891763,0.4499108672594729,,,
0.3,0.3,0.1,0.15,0.1,0.6,0.9814844206292519,0.8644711754261979,0.8466534653660283,0.9074119523160763,0.6906484442636289,0.36631472051696284,0.4435457740927662,,,
0.4,0.2,0.05,0.2,0.15,0.4,0.9814280075144224,0.8702936846816688,0.8403490449257205,0.9052279277929155,0.6937793474369406,0.36040399483037155,0.45699446687494993,,,
0.2,0.2,0.1,0.05,0.1,0.5,0.9814196383838801,0.8646562754199989,0.8424894209772688,0.9067750676657584,0.7043560122050447,0.34472983780290795,0.45674517247456536,,,
0.2,0.3,0.0,0.1,0.05,0.4,0.9813667630261589,0.8547660905337549,0.8428471612672275,0.9146008914623069,0.6998873775427177,0.3480293563812601,0.44016691708723865,,,
0.3,0.3,0.15,0.05,0.1,0.4,0.9813566830902993,0.7787752061744467,0.8466782715231788,0.9327527143505903,0.7144695305126119,0.25868015315024234,0.396818035568373,,,
0.4,0.2,0.1,0.05,0.15,0.5,0.9813549775984591,0.8443845455582418,0.8383912024342223,0.9154041653042689,0.7199293653376729,0.3070321660743134,0.45037838548425857,,,
0.3,0.2,0.15,0.1,0.05,0.3,0.9813349067161523,0.7766521846630711,0.8570394480042957,0.9292490949137149,0.6930473669650122,0.28529281744749596,0.38619331923415845,,,
0.4,0.3,0.05,0.05,0.15,0.5,0.9812950026564374,0.834111519409832,0.83502121424736,0.9207458773841962,0.7255432107404394,0.290844811631664,0.44521213858848036,,,
0.2,0.3,0.05,0.2,0.2,0.5,0.9811635475490017,0.885079779852458,0.8353723749776266,0.8968383310626703,0.6886739641985354,0.36387448400646205,0.4916860187454939,,,
0.4,0.3,0.15,0.15,0.05,0.6,0.981142291361789,0.8360591916434195,0.8551371823876857,0.9163977543142597,0.6889082123677787,0.35044828239095316,0.41909839093166706,,,
0.4,0.3,0.1,0.15,0.05,0.4,0.9811202248751536,0.8027768058024921,0.853268953821371,0.9264298751135331,0.6949534507729862,0.31005161744749593,0.4025817406072258,,,
0.3,0.1,0.15,0.2,0.1,0.4,0.9810929424994499,0.8762644242514414,0.8526824123858958,0.8976059255222525,0.6612630480065094,0.41151530662358643,0.4365255800688937,,,
0.4,0.3,0.15,0.05,0.1,0.6,0.9810929221794094,0.8225030867274192,0.847508149096116,0.9219542920072661,0.7133548877135883,0.3034965531502423,0.42616322278298485,,,
0.3,0.2,0.1,0.15,0.15,0.5,0.981010785355986,0.8748630974645093,0.841717222480759,0.9025063110808357,0.6936554865744509,0.36399404523424883,0.46344015092525837,,,
0.2,0.3,0.0,0.2,0.15,0.4,0.9809834883016171,0.8832396976752837,0.8363132314301056,0.8995744809264304,0.6861407591537835,0.3704519121163166,0.4821705750220299,,,
0.4,0.1,0.1,0.1,0.1,0.3,0.9809792388154079,0.8302440476349886,0.846433352246286,0.9180567384196185,0.7068903864930838,0.31519251373182555,0.43142999134823357,,,
0.4,0.3,0.15,0.15,0.05,0.4,0.9809559777044052,0.785488246630711,0.8562676643994988,0.9286569155313352,0.6918767428803906,0.29697640000000003,0.3906522017143315,,,
0.4,0.3,0.0,0.05,0.2,0.4,0.980955658295352,0.8314574891575228,0.8230550039377125,0.9210721584922797,0.7356159357200976,0.2661333479806139,0.4537925173435873,,,
0.4,0.3,0.1,0.15,0.1,0.6,0.9809086295035299,0.8537388159444548,0.847090170753535,0.9120490658492281,0.6966074003254679,0.35193433861066237,0.43850197628775134,,,
0.2,0.1,0.1,0.2,0.15,0.3,0.9808752979731941,0.8928961691401649,0.842995485054591,0.8895486112624886,0.6597369959316518,0.4064589518578352,0.48364246799647526,,,
0.3,0.2,0.0,0.1,0.1,0.3,0.9808377923943236,0.8525777472692331,0.8351571315553964,0.9144526680290644,0.7133776786004882,0.32191972859450724,0.4531277457341985,,,
0.3,0.3,0.15,0.05,0.05,0.6,0.9808059226167678,0.826923134139235,0.8522863842849472,0.9198731911898274,0.7040899780309194,0.32266024814216476,0.4218366402307138,,,
0.3,0.1,0.1,0.05,0.15,0.4,0.9807695634416823,0.863451633451119,0.835775794344013,0.9062747697547684,0.7162186167615947,0.32242287948303716,0.46914312665224706,,,
0.4,0.1,0.15,0.2,0.1,0.4,0.9807561642113312,0.8622415709875395,0.8524301820297119,0.9037761162579473,0.6723044312449146,0.3882776562197092,0.43023482528238405,,,
0.3,0.1,0.15,0.1,0.2,0.5,0.9807164273262442,0.8783535080032236,0.8378066722749239,0.8988452443233423,0.7034681131000814,0.3469681615508885,0.48216868461107104,,,
0.4,0.3,0.15,0.1,0.1,0.4,0.9806907084032797,0.7817972516768954,0.8493861204582066,0.9316087547683923,0.7087294100895037,0.2703927515347334,0.3975173729071537,,,
0.4,0.2,0.15,0.15,0.15,0.6,0.9806693112344893,0.8661154068563636,0.8449578063361374,0.9052024495912806,0.6952674719283971,0.3593195476575121,0.4513422193383001,,,
0.4,0.3,0.05,0.2,0.1,0.5,0.9806446417076046,0.8591285279771868,0.8454622450331126,0.9106848192552226,0.6905845728234337,0.3635481712439418,0.43893191796843706,,,
0.4,0.3,0.1,0.15,0.05,0.5,0.9805909060226261,0.8292625237369041,0.8529783792733131,0.9197275408719346,0.693153146460537,0.3390856213247173,0.4177207776976688,,,
0.3,0.2,0.05,0.1,0.05,0.3,0.98057389553577,0.8226965519558614,0.8489103216395203,0.9226548928247048,0.7016133677786819,0.3201540859450727,0.41973414131218456,,,
0.2,0.3,0.0,0.05,0.05,0.3,0.9805126583115885,0.8058717981774224,0.8389387823518883,0.9304332375113534,0.7199601855166802,0.2784229964458804,0.4168809846991909,,,
0.2,0.1,0.1,0.05,0.2,0.4,0.9804663564873133,0.8788683553902424,0.8286229937354573,0.8972143251589465,0.7159025874694874,0.31952771308562194,0.5049635219097973,,,
0.2,0.1,0.15,0.2,0.2,0.4,0.9803586934442382,0.893241478172463,0.8410656493645964,0.888583144414169,0.6688796289666396,0.3918812736672052,0.4961314568613314,,,
0.3,0.2,0.05,0.1,0.1,0.4,0.9803038275224749,0.8581292923439341,0.8409341161625202,0.910688644414169,0.7052787323026851,0.3403630817447496,0.45102575887206603,,,
0.3,0.1,0.05,0.05,0.15,0.3,0.9802778181127719,0.8586207451986857,0.8289984077322355,0.9087448950953678,0.7255837851912124,0.30236708432956383,0.4740938373788352,,,
0.2,0.3,0.05,0.05,0.05,0.5,0.9802304302510519,0.8477389432769202,0.8453083801682476,0.9159569178019982,0.7067008112286411,0.3360480704361874,0.4392505465032444,,,
0.2,0.3,0.15,0.05,0.1,0.3,0.9802134599117301,0.7478766843965036,0.8443828231609092,0.938514465485922,0.7113559015459723,0.23084771567043616,0.3736831332211808,,,
0.4,0.2,0.1,0.1,0.1,0.3,0.9801734605528245,0.7958672882524332,0.8465148290674781,0.9286792198001816,0.7115060097640358,0.2793589214862682,0.41021328895297604,,,
0.2,0.1,0.15,0.1,0.05,0.4,0.9801488790468555,0.8635538425144133,0.8570659072847682,0.9019492048138057,0.6719201407648495,0.3935177098546042,0.4292037782584315,,,
0.3,0.2,0.05,0.2,0.2,0.4,0.9801481960314335,0.8838619144008432,0.8356473545731162,0.8975601802906449,0.6930811920260375,0.36050401486268174,0.49025543603300487,,,
0.4,0.3,0.1,0.1,0.1,0.6,0.980127412464384,0.8447694715516706,0.8458749548952926,0.9156892161671207,0.7063846672091131,0.3327164504038772,0.43848913562444924,,,
0.3,0.2,0.15,0.2,0.05,0.5,0.9800737769309129,0.8625751266505487,0.8577097651691427,0.9038396366939146,0.6620136175752644,0.4072411793214863,0.420726625971321,,,
0.3,0.1,0.15,0.05,0.15,0.5,0.9799948499800938,0.8666276184241521,0.840718203508144,0.9041183646684832,0.7088645972335231,0.338434191276252,0.46541494816951057,,,
0.2,0.1,0.15,0.05,0.2,0.5,0.9799266496928132,0.8805302853883826,0.8343777145158403,0.8966367742960945,0.7086221505288852,0.3369237298869143,0.4955697649603461,,,
0.3,0.3,0.05,0.2,0.1,0.5,0.9799140787375542,0.8706838992498915,0.8455218723823161,0.9057831830154405,0.6834339869812857,0.38161419192245555,0.445867765120564,,,
0.4,0.1,0.05,0.05,0.2,0.3,0.979912030068302,0.84818492877069,0.8235863814211561,0.9123735249772933,0.7345857030105777,0.27892685492730207,0.47212565537130496,,,
0.4,0.1,0.15,0.15,0.2,0.5,0.9797850655704701,0.8758184793751163,0.8403259180239843,0.9002598088101725,0.69876639544345,0.356266924717286,0.4713157359609068,,,
0.2,0.2,0.15,0.1,0.15,0.6,0.9797436460994429,0.8785125175872543,0.8426519389654555,0.8998194822888284,0.693468997558991,0.36725092665589665,0.4699303335736602,,,
0.2,0.3,0.1,0.15,0.1,0.6,0.9796822454437235,0.8749369963176492,0.8464960880615715,0.9030761235240691,0.6838703254678601,0.38367186817447496,0.4522757338780741,,,
0.3,0.1,0.05,0.1,0.15,0.3,0.9796361295425283,0.8717504022317278,0.8333181027385,0.9033406471389646,0.7117579764035801,0.33228562067851375,0.4797887775374509,,,
0.2,0.1,0.1,0.15,0.05,0.3,0.9796253590405021,0.8737313544107619,0.8557932779667085,0.8984083237965487,0.654078427990236,0.4233254907915993,0.42745954193703434,,,
0.4,0.2,0.05,0.1,0.1,0.3,0.9796235313295841,0.8161350533010973,0.8419786697691068,0.9250968655767484,0.7157791000813669,0.2927076284329564,0.42647306496835696,,,
0.2,0.3,0.1,0.05,0.05,0.6,0.9795967026910433,0.8528238388196641,0.8489802647216752,0.9122232606721162,0.7004271285598047,0.3499947928917609,0.4390235195065289,,,
0.3,0.2,0.1,0.05,0.1,0.5,0.9795296823991629,0.8514028469902672,0.8435553987828889,0.9122900445049954,0.7105040431244914,0.3308427295638126,0.44832859921493234,,,
0.2,0.3,0.1,0.2,0.2,0.6,0.9795022376481433,0.8855325933668092,0.8389384941829247,0.8963368310626703,0.6852152229454841,0.3750536678513732,0.48445391155972123,,,
0.2,0.2,0.15,0.05,0.1,0.6,0.9794522439786363,0.8672648810861076,0.8463609545373189,0.904462672116258,0.698528737184703,0.3586386862681745,0.45461408491548505,,,
0.4,0.3,0.05,0.1,0.1,0.5,0.9794445519876913,0.839174389188519,0.8425407034186505,0.9188836448683015,0.7121638934092758,0.3201747961227787,0.4387731726347833,,,
0.3,0.3,0.05,0.05,0.2,0.6,0.9794415632919261,0.8642942983572004,0.8298477080723108,0.9075934132606721,0.721725774613507,0.31383706300484654,0.4777546028999439,,,
0.4,0.3,0.05,0.1,0.2,0.6,0.9794371337239044,0.8630173220755069,0.8329773633434759,0.9085285485921889,0.7172011318144833,0.32237863715670434,0.46992064359528957,,,
0.2,0.3,0.05,0.1,0.05,0.5,0.9794221551418865,0.8593239727481248,0.8472612808304993,0.9108112320617621,0.6937232758340114,0.3635013150242326,0.4398479346310983,,,
0.2,0.3,0.0,0.05,0.05,0.4,0.9792642692846202,0.8404725474676089,0.8403854086271701,0.9202966067211626,0.714733506916192,0.3190873098546042,0.43961749915885606,,,
0.3,0.3,0.0,0.05,0.1,0.4,0.9792517590410553,0.8324065190998697,0.8345063774834438,0.9225009046321526,0.7254332587469488,0.293242334733441,0.4433423045742209,,,
0.2,0.2,0.05,0.1,0.1,0.4,0.9792455570711603,0.8726403622342074,0.8405201102559514,0.9045522942779292,0.6978547526444264,0.35993959935379644,0.46372076183609706,,,
0.3,0.2,0.0,0.15,0.1,0.3,0.9792111816747813,0.8662690017977808,0.8386090903884016,0.9082721648501362,0.6983542180634662,0.35508026752827143,0.4556860972522631,,,
0.2,0.0,0.15,0.1,0.1,0.3,0.9791284832964551,0.881743513508152,0.849769094684088,0.8930866076294278,0.6736733311635476,0.39641743392568657,0.457152026275735,,,
0.4,0.2,0.05,0.2,0.05,0.3,0.9791242089542251,0.836462470671378,0.852800086450689,0.9169078732970027,0.6783933515052888,0.36450655379644586,0.4154123808379396,,,
0.4,0.2,0.15,0.05,0.1,0.5,0.9791215734483946,0.8238856334759158,0.848146075711473,0.920291204359673,0.7132697624084621,0.3063795851373183,0.42902910886806056,,,
0.4,0.3,0.05,0.05,0.15,0.4,0.9790687458875322,0.8100976131423966,0.8339039248254877,0.9278497161671208,0.7298569943043124,0.26606538222940224,0.4301799831771209,,,
0.3,0.2,0.15,0.05,0.1,0.6,0.9790586426671001,0.8556660907569277,0.8471077304456776,0.9092317366030881,0.7043736200162733,0.34404662035541195,0.447224748057358,,,
0.3,0.3,0.1,0.05,0.15,0.3,0.9790544575322288,0.769936860975761,0.8341747175586183,0.9362564173478655,0.7258507908868999,0.2314784775444265,0.3983724989185292,,,
0.3,0.3,0.15,0.05,0.05,0.5,0.9789955531927839,0.8012396645465253,0.8523839165920887,0.9261224545867394,0.7071383034987795,0.29599886268174475,0.4076541043018505,,,
0.3,0.2,0.05,0.05,0.1,0.4,0.9789794305886163,0.8454370826607154,0.8388967868265617,0.9160347979109901,0.7182253563873068,0.3147520588045234,0.4497709343907715,,,
0.4,0.2,0.05,0.05,0.15,0.4,0.9789661301172697,0.8375438294712044,0.8335837103991408,0.9187544532243415,0.7276410935720098,0.2918607185783522,0.4518838319314267,,,
0.4,0.3,0.0,0.1,0.2,0.5,0.9789246331550263,0.8598255654082203,0.8283769778056201,0.9101586026339692,0.723181858421481,0.3094929809369951,0.4732487807418088,,,
0.4,0.2,0.1,0.2,0.15,0.5,0.9789218087185451,0.8720242018225776,0.8438148428494721,0.903455057674841,0.6893279202603744,0.37263889886914375,0.45482430297204196,,,
0.2,0.1,0.05,0.05,0.2,0.3,0.9789082524954422,0.8758305413923502,0.8202548514408449,0.8976166907356948,0.7249714133441822,0.29821367819063005,0.517560659937515,,,
0.2,0.1,0.05,0.05,0.15,0.3,0.9789030997800511,0.8744667138801067,0.8280355605870772,0.9009622924613987,0.7195542668836452,0.3172464859450727,0.4975929715613234,,,
0.2,0.3,0.05,0.2,0.15,0.5,0.9789020245139453,0.883850929787366,0.8402966882047611,0.898745695277021,0.6823293856794141,0.3827540684975767,0.4751449944724826,,,
0.4,0.1,0.05,0.1,0.15,0.3,0.978849511373458,0.8561840502138738,0.8336690780383031,0.9101630849227974,0.7179188755085436,0.31691438966074315,0.46353457277897947,,,
0.4,0.3,0.05,0.05,0.2,0.6,0.9788007994722355,0.8549620499163102,0.8308874707356363,0.9116757838328792,0.7251125402766477,0.30596397156704364,0.4674275912841464,,,
0.2,0.1,0.1,0.2,0.1,0.3,0.9787898011550649,0.8903548639513978,0.8494340128870593,0.890502193914623,0.6459397502034174,0.4351708245557351,0.45522393302891934,,,
0.4,0.3,0.1,0.05,0.15,0.4,0.9787698538349378,0.7938852274006571,0.8379745867191695,0.9309838528610355,0.7265709528071602,0.25718871793214865,0.41624483649763677,,,
0.4,0.3,0.1,0.2,0.1,0.6,0.9786963455260869,0.8619001652966339,0.8483066733488456,0.9081336930063578,0.6868433685923515,0.3739131592891761,0.4388312109268605,,,
0.3,0.2,0.1,0.1,0.1,0.5,0.9786831186133038,0.8618809748682661,0.8451798623590477,0.9076043483197094,0.6990517550854353,0.35521259192245563,0.4494614140831531,,,
0.3,0.2,0.15,0.15,0.15,0.6,0.9786794127167306,0.8759667823197569,0.8448665330230893,0.9010245653950953,0.689405414157852,0.37515650016155083,0.4605681413121846,,,
0.4,0.1,0.1,0.1,0.15,0.4,0.9786071522025884,0.8607600388072655,0.8391190855557543,0.907250717075386,0.7099605834011391,0.3343024329563813,0.46031499271008575,,,
0.4,0.0,0.15,0.05,0.2,0.4,0.9786062021116982,0.8654850939681359,0.8344144488992304,0.9033301698455949,0.7200339406021155,0.3181934630048465,0.4773001427541456,,,
0.4,0.3,0.05,0.15,0.05,0.4,0.9785987117198403,0.8201313275556382,0.8501787646321819,0.9235615081743869,0.6983398519121237,0.32555576090468497,0.41612789633902103,,,
0.3,0.2,0.0,0.2,0.15,0.3,0.9785419910775593,0.881132591631021,0.8365853674601754,0.9003807520435967,0.691231625711961,0.3675738229402261,0.47979168581270526,,,
0.2,0.3,0.05,0.05,0.05,0.3,0.9785352314498701,0.7808091638460108,0.8444228972614999,0.9342444255222525,0.7151637656631408,0.26416770726979,0.3980000211487623,,,
0.4,0.3,0.0,0.15,0.2,0.5,0.9785109678731416,0.868239436811109,0.8312237354573117,0.9067586539509537,0.7144160414971522,0.32867447108239095,0.4769286809260595,,,
0.2,0.1,0.1,0.05,0.15,0.4,0.9785038626938489,0.8770547905275557,0.8351672908537677,0.8997850694822888,0.7101732807160293,0.33850037996768984,0.48773620988544425,,,
0.3,0.2,0.15,0.05,0.1,0.3,0.9783391254381225,0.771569923352551,0.8480189223196707,0.9330274600363306,0.7146050846216436,0.25435429919224556,0.3951406657053593,,,
0.4,0.1,0.15,0.05,0.15,0.5,0.9782907194757777,0.854355162630959,0.8417164159656345,0.9090852406902815,0.7139632994304312,0.3264573886914378,0.45631725546743573,,,
0.4,0.2,0.1,0.2,0.05,0.4,0.9781915282079349,0.8440275882958279,0.8556725756219796,0.9127327879200726,0.6748116468673718,0.3779129680129241,0.4176191609388769,,,
0.3,0.3,0.05,0.1,0.2,0.6,0.9781906358777999,0.8719572709441449,0.8325259853230714,0.9044293873751136,0.7133083368592351,0.33268406074313406,0.48197032732516226,,,
0.3,0.0,0.15,0.2,0.2,0.3,0.9781708462878906,0.8927663511251627,0.8416614175765168,0.8877120685740236,0.6724532131814484,0.3910746365105008,0.49433583994232155,,,
0.3,0.3,0.0,0.05,0.2,0.5,0.9781428061150499,0.8607858772053809,0.8243832972972973,0.9089616398728428,0.7283374019528072,0.29974476445880455,0.4822167486982296,,,
0.3,0.3,0.0,0.1,0.05,0.3,0.9781124668936645,0.8070286040791024,0.8435808365849293,0.9295094309718438,0.7118346818551669,0.2946927004846526,0.41537218569254186,,,
0.4,0.3,0.05,0.15,0.2,0.6,0.978077317969022,0.8703365056599096,0.8353027785931626,0.9054954877384196,0.7090380024410089,0.3408837027463651,0.4730507039974365,,,
0.3,0.2,0.1,0.2,0.2,0.5,0.9780728319205807,0.8843533876883021,0.8393530660461787,0.8968953769300636,0.688718751017087,0.3732435651050081,0.48288277465352886,,,
0.3,0.3,0.1,0.05,0.05,0.5,0.9780563087377525,0.817786555303453,0.8495938247717916,0.9235968428701181,0.7102700659072417,0.3090264801292407,0.42071072979251783,,,
0.2,0.1,0.15,0.2,0.15,0.4,0.978037483553736,0.8919303861632881,0.8462506341507069,0.8891176943687557,0.6590847762408462,0.4152097744749596,0.4739306032203797,,,
0.3,0.2,0.15,0.05,0.05,0.5,0.9780047407248305,0.8290245787117971,0.8537030302487918,0.9174974945504087,0.7023097729861676,0.32953255121163166,0.4243208916125932,,,
0.3,0.3,0.0,0.1,0.2,0.5,0.9779694360650032,0.8696763945694624,0.8276993563629855,0.9054879445958219,0.7192711847030105,0.31935481873990307,0.48724480413362176,,,
0.3,0.1,0.1,0.1,0.15,0.4,0.9779502446899266,0.8740936219205258,0.8388561129407552,0.901642118982743,0.7038654849471115,0.3506486009693053,0.47358737979652327,,,
0.3,0.3,0.1,0.2,0.1,0.6,0.9778361157771001,0.8721401540388073,0.848307081439055,0.9038782193460491,0.6801924336859235,0.3905560872374798,0.4450421837699271,,,
0.4,0.0,0.1,0.05,0.2,0.3,0.9778100698830681,0.8614564501890769,0.8282114863074996,0.9051467597638511,0.7290566371033361,0.29966444458804525,0.4829416885364095,,,
0.4,0.1,0.1,0.05,0.15,0.4,0.9778018279756111,0.8493517987725498,0.8372389948093789,0.9121406752951862,0.7213719715215622,0.31122027786752826,0.4585571952255067,,,
0.4,0.2,0.15,0.1,0.1,0.3,0.9777390420327211,0.7758175406360424,0.8508263014139967,0.9314236230699364,0.707723851098454,0.26841868691437804,0.39618418617319556,,,
0.4,0.2,0.0,0.05,0.2,0.3,0.9776922480196326,0.8345094195276176,0.819384634150707,0.9188378814713897,0.7397800577705452,0.2630847534733441,0.46322739838179927,,,
0.3,0.3,0.05,0.1,0.05,0.3,0.9776734320493727,0.7845321895728721,0.8484302768927868,0.9329613633060853,0.7074616086248983,0.27990408400646205,0.39877891644636704,,,
0.4,0.1,0.05,0.15,0.15,0.3,0.9776160070527545,0.8683662110222552,0.8368937988186862,0.9048108333333333,0.7047599243287226,0.3458442746365105,0.4666426564127213,,,
0.4,0.2,0.15,0.15,0.05,0.3,0.9776034807218776,0.7798762527555638,0.8583514007517451,0.927634623524069,0.6872285223759154,0.29988554765751213,0.3881975900024033,,,
0.2,0.2,0.0,0.15,0.2,0.3,0.9775977373969301,0.8843898387948671,0.8249331104349382,0.8951876957311535,0.7041691033360455,0.33258762907915995,0.5225662454538171,,,
0.4,0.1,0.15,0.1,0.15,0.5,0.9775701446506943,0.8639248418076995,0.8432186541972436,0.9048588219800181,0.7036843116354761,0.3483426830371567,0.45784168469118003,,,
0.4,0.2,0.1,0.15,0.05,0.3,0.9775596583773734,0.8000796327816007,0.8548496695901199,0.9250335999091734,0.690809946297803,0.31557568917609047,0.401980097252263,,,
0.2,0.3,0.0,0.15,0.05,0.4,0.9774888048568001,0.8670690163040109,0.8455791911580455,0.9087573383287919,0.6848225402766477,0.38264446785137324,0.4415892173355764,,,
0.3,0.3,0.0,0.15,0.05,0.4,0.9774357306536974,0.851738938714277,0.845869948451763,0.9153751594005449,0.6940056965012205,0.3600004904684976,0.4346357881919411,,,
0.2,0.2,0.05,0.15,0.2,0.4,0.9773937452300687,0.8858361188023062,0.831658433327367,0.8950163065395095,0.6980887404393816,0.3507442177705977,0.5083932136505648,,,
0.2,0.3,0.1,0.1,0.05,0.6,0.9773810083819604,0.8625188564627116,0.850517447288348,0.9076682261580381,0.6889539552481693,0.37545337124394185,0.43964951550108144,,,
0.4,0.1,0.05,0.2,0.2,0.3,0.9773608128053619,0.8817746686008308,0.8355789054948989,0.8978220685740236,0.6983863474369406,0.3568565008077545,0.4889062236641833,,,
0.4,0.3,0.0,0.1,0.1,0.4,0.9773291891941702,0.8316281886801811,0.8383421804188294,0.9224762198001816,0.7191527770545159,0.30536330856219707,0.4391782465753425,,,
0.4,0.2,0.0,0.15,0.1,0.3,0.9773203973806213,0.8496927031678135,0.8390760843028459,0.9153280027247956,0.7063727941415785,0.33598379386106625,0.4458301518865657,,,
0.3,0.1,0.1,0.1,0.05,0.3,0.9772514881137145,0.8379204149773728,0.8542050587077143,0.9135448846503179,0.6894845305126118,0.3529091004846527,0.4248913812384843,,,
0.2,0.3,0.0,0.2,0.1,0.4,0.9772512127417946,0.8811372197631889,0.8421353892965813,0.9017315345140781,0.6782138380797397,0.3936941001615509,0.4626282624369142,,,
0.4,0.0,0.1,0.1,0.2,0.3,0.9772108725029814,0.8731857580311202,0.8322577150528012,0.9001039495912806,0.7167986452400326,0.3260489143780291,0.48869128430665704,,,
0.2,0.3,0.1,0.2,0.15,0.6,0.977157019558602,0.8841307780546773,0.8433584576695901,0.897885315168029,0.6792093474369406,0.39204813117932147,0.4700157656012176,,,
0.4,0.3,0.15,0.1,0.05,0.6,0.9771369919371078,0.8258423455706403,0.8537897198854484,0.9193638110808356,0.6996350382424735,0.33192480775444266,0.4205064321076665,,,
0.4,0.3,0.1,0.05,0.1,0.5,0.9771129090905679,0.8133341222986795,0.8445699396814033,0.9253439391462307,0.7196240113913751,0.29085117027463653,0.42551967748137465,,,
0.4,0.3,0.0,0.05,0.2,0.5,0.9770927571091349,0.8505123409832,0.8258660528011456,0.9137120790190736,0.7317039145646868,0.2925783056542811,0.4703292141312184,,,
0.4,0.3,0.15,0.05,0.1,0.5,0.9770832522333073,0.7983125619986361,0.8475939695722212,0.9277868374205267,0.7166690260374289,0.28094719806138935,0.41346816053833213,,,
0.4,0.2,0.15,0.15,0.05,0.5,0.9770473417881199,0.8389423549438969,0.8565200998747092,0.9134306671207992,0.6846978608624897,0.3624031108239095,0.4209711327405271,,,
0.2,0.3,0.05,0.05,0.2,0.6,0.9769590767878298,0.873243970640382,0.8289616500805442,0.9029024591280654,0.7178279576891782,0.3241215483037157,0.49257016069855003,,,
0.4,0.2,0.05,0.15,0.1,0.4,0.9769535025736533,0.8551377075940736,0.843733541972436,0.9116217693006358,0.6995703515052889,0.3516423108239095,0.4447006958263238,,,
0.4,0.2,0.15,0.2,0.05,0.5,0.9769008983222933,0.849395209844399,0.8576736081976016,0.9092185168029064,0.6720507331163548,0.3879398100161551,0.4194753820395738,,,
0.4,0.3,0.1,0.05,0.1,0.6,0.9768627643149052,0.8349804296323848,0.8447333074995524,0.9189934141689373,0.7160886305939789,0.31561583586429726,0.4387489641913002,,,
0.4,0.2,0.15,0.2,0.15,0.6,0.9768135990184986,0.8732728488004464,0.8465690778593162,0.9018602906448683,0.6857197917005696,0.3822502843295638,0.4531236395097332,,,
0.2,0.1,0.15,0.05,0.15,0.5,0.9768012965847135,0.8784962623767899,0.8401661344191873,0.8984946984559491,0.7029461008950366,0.35522676316639745,0.48061538892894334,,,
0.4,0.3,0.15,0.1,0.15,0.3,0.9767896727745673,0.756301652991135,0.8433668739931985,0.9379502366030882,0.7160795638730675,0.23722843554119546,0.3865998383401426,,,
0.2,0.2,0.1,0.1,0.1,0.5,0.9767792956679041,0.8744010225032546,0.8448124369071058,0.9024692034514078,0.6920003873067535,0.3744068006462036,0.46009774317071217,,,
0.3,0.3,0.05,0.1,0.05,0.5,0.9767778673507345,0.8455191155663009,0.8479443857168427,0.9162017888283379,0.7013271936533767,0.34675768142164787,0.4351004072738925,,,
0.3,0.2,0.15,0.1,0.1,0.6,0.9767612778335705,0.864558950368855,0.8483950780383033,0.9050994791099001,0.6941030854353133,0.3673111224555735,0.44825981398702236,,,
0.3,0.0,0.15,0.05,0.2,0.4,0.976729230756044,0.8780431306180646,0.8341202906747808,0.8970820740236148,0.7149900821806346,0.3318109395799677,0.4954502975246335,,,
0.3,0.2,0.05,0.15,0.1,0.4,0.9766876262087889,0.8691755875767155,0.8434409923035618,0.9056365799273388,0.692097083807974,0.37119706429725363,0.4531380072098053,,,
0.3,0.0,0.1,0.05,0.2,0.3,0.9766806357573525,0.8759044862934722,0.827746338822266,0.8978877547683924,0.7241664336859235,0.3122238151857835,0.5054259943923737,,,
0.4,0.2,0.1,0.15,0.05,0.4,0.9766412788094333,0.8315089187031183,0.8542697188115268,0.9171731816530427,0.689178118795769,0.3499751657512117,0.4195964364335496,,,
0.3,0.1,0.1,0.15,0.05,0.3,0.9766387275860383,0.8538196376170107,0.8557458845534277,0.9069372752043597,0.6702802131814483,0.3918637001615509,0.42286191236081067,,,
0.4,0.0,0.15,0.1,0.1,0.3,0.9765774835534786,0.8438819128634306,0.8504458426704851,0.9087750258855586,0.6967300943856795,0.3439669990306947,0.43721760314027075,,,
0.4,0.2,0.1,0.1,0.1,0.5,0.976561945392946,0.8491053008988904,0.8460434834437086,0.912910755222525,0.7053556533767291,0.34095677932148627,0.44357138989025074,,,
0.2,0.2,0.0,0.15,0.15,0.3,0.9765589522381349,0.8839567759717314,0.8319299563271881,0.8978170154405086,0.6973475126118795,0.3552941563812601,0.5008153714651926,,,
0.3,0.3,0.05,0.05,0.15,0.6,0.9764659448856531,0.8615486835534064,0.8348387277608735,0.9091880513169845,0.7182068746948739,0.3260554423263328,0.4681252456941441,,,
0.3,0.1,0.15,0.1,0.05,0.4,0.9764520695464689,0.8461351135825429,0.8570032153212815,0.9088329091734787,0.6836317632221318,0.3691494888529887,0.4261500829928703,,,
0.4,0.2,0.05,0.05,0.15,0.3,0.9764398240156363,0.8095876159692518,0.8323690492214069,0.9273185726612171,0.732860167615948,0.2630220103392569,0.4344237423696227,,,
0.4,0.1,0.15,0.15,0.05,0.3,0.9764274220998204,0.81321805499969,0.8584603144800429,0.9171103147138965,0.6791979007323027,0.3423377873990307,0.40484798910518305,,,
0.4,0.3,0.0,0.05,0.15,0.4,0.9764243697494155,0.8255138790155601,0.8298562579201718,0.9240150917347865,0.7333431733116355,0.2764983528271405,0.44615049987983657,,,
0.2,0.1,0.15,0.15,0.05,0.4,0.976417368988748,0.8750007542247846,0.8581737597995347,0.8958736980018165,0.6538977469487388,0.4286557873990307,0.4296280395738204,,,
0.3,0.3,0.1,0.1,0.05,0.6,0.9763816414939521,0.8504926371086726,0.8509466620726687,0.9127858156221617,0.6959349129373474,0.35900570726979,0.4351895275174237,,,
0.4,0.3,0.15,0.05,0.15,0.4,0.9762742264146953,0.7773109477899697,0.8419274163236083,0.933500866030881,0.723444655817738,0.2495248988691438,0.40408904349915886,,,
0.3,0.2,0.15,0.2,0.2,0.6,0.9762654992923011,0.8845667654578142,0.8422667741184894,0.8961872861035421,0.6851264833197722,0.38319097318255246,0.4772992213410238,,,
0.4,0.0,0.15,0.1,0.2,0.4,0.9762438626651088,0.8751762018969685,0.837385113656703,0.8989110399636694,0.7089370065093572,0.3432157705977383,0.4818583042537852,,,
0.2,0.2,0.1,0.15,0.2,0.5,0.9761973979052697,0.8864768250945384,0.8363445371397887,0.8946385499545868,0.6930767379983727,0.3651619321486268,0.49787102651606185,,,
0.4,0.2,0.15,0.1,0.1,0.6,0.9761786514126423,0.8533335896348646,0.8489909427241811,0.909905795640327,0.6999968030919447,0.3526711127625202,0.4429053834815349,,,
0.3,0.2,0.05,0.2,0.15,0.4,0.9761022718650276,0.8819219088959146,0.8407762530875246,0.8992870036330609,0.6862085158665582,0.3817086313408724,0.47295185083713853,,,
0.2,0.1,0.15,0.2,0.1,0.4,0.9760621810128711,0.8891853794557064,0.8519698285305173,0.8897917974568573,0.6474035622457283,0.4384198733441034,0.4516271450773051,,,
0.4,0.1,0.15,0.05,0.1,0.4,0.9760494026592431,0.8256088917488066,0.8487663824950779,0.9179090535876476,0.7131425703824248,0.31036425589660743,0.4329333363774734,,,
0.3,0.1,0.05,0.15,0.2,0.3,0.9760467187015378,0.8845591353542869,0.8315419983891176,0.8955544291553134,0.704443851098454,0.3449077770597738,0.5082797345189458,,,
0.3,0.3,0.05,0.15,0.05,0.5,0.9759992283003629,0.8563270689975823,0.8494557734025415,0.9116525726612171,0.6888527135882831,0.37303850662358645,0.4348936673876472,,,
0.3,0.2,0.0,0.05,0.1,0.3,0.9759465356950404,0.8366175385282997,0.8326205330230894,0.9204028256130791,0.7281684019528071,0.29511139256865915,0.4517084341904991,,,
0.4,0.2,0.05,0.1,0.1,0.4,0.9759143855023208,0.8433549556506107,0.8422491924109541,0.9163903274296095,0.7120206354759967,0.32695145525040387,0.44447559721220864,,,
0.4,0.2,0.1,0.05,0.15,0.3,0.975858439346683,0.7901974120389312,0.8374503452657956,0.931086295640327,0.7288955199349064,0.2528760213247173,0.4179033753104222,,,
0.3,0.3,0.0,0.1,0.05,0.4,0.9758328652051113,0.838631564664311,0.8439863762305351,0.9203033442325158,0.7081130545158666,0.33217703134087234,0.4350833360570376,,,
0.4,0.3,0.15,0.1,0.05,0.5,0.9758129204350042,0.8017937862004836,0.854066956864149,0.9250882811080835,0.702023972335232,0.3068120665589661,0.4075283425458624,,,
0.3,0.1,0.15,0.1,0.15,0.5,0.9758007474486068,0.875562852197632,0.8429519369965992,0.9000158219800182,0.6977408486574451,0.36510526849757674,0.4690211377072819,,,
0.4,0.1,0.1,0.15,0.15,0.4,0.9757318214901449,0.8707873903663752,0.8414967069983891,0.9027946553133516,0.698184409275834,0.3614779554119548,0.462868241127934,,,
0.3,0.2,0.15,0.05,0.05,0.4,0.9757000346515606,0.7987065511375612,0.8540360205834974,0.9246677656675749,0.7057607729861677,0.2982724581583199,0.40800769750861166,,,
0.4,0.3,0.05,0.1,0.15,0.6,0.9756263917791489,0.8598802297439713,0.8376576255593341,0.9100004227974569,0.7135196688364523,0.3346436109854604,0.46147443419049905,,,
0.2,0.1,0.1,0.2,0.05,0.3,0.9756243292117587,0.8851256307482488,0.8565690042956864,0.890596366030881,0.6296494491456468,0.46288968529886915,0.4294649167668029,,,
0.4,0.3,0.0,0.05,0.2,0.3,0.9756194626373234,0.8042771835100118,0.8200346853409701,0.9289182747502271,0.7406929007323027,0.2405087592891761,0.4367394655130978,,,
0.3,0.3,0.0,0.05,0.15,0.5,0.9755690941626337,0.8578731877750915,0.8298640792912118,0.9112550295186195,0.7249555939788446,0.3123422649434572,0.4715225988944965,,,
0.4,0.2,0.1,0.15,0.1,0.5,0.9755624545406781,0.8589647200049595,0.8472615886880258,0.9084910849227974,0.6942667518307567,0.3645260911147011,0.44389088280060884,,,
0.2,0.3,0.0,0.05,0.2,0.5,0.9755578682505186,0.8706068930630463,0.8230735940576338,0.9036683955495005,0.7244201017087063,0.3096887030694669,0.49964278330529516,,,
0.4,0.2,0.1,0.05,0.2,0.6,0.9755270250807653,0.8633142933730085,0.834005,0.9069920490463216,0.7208507477624084,0.32261505848142163,0.4742357333974205,,,
0.4,0.0,0.15,0.15,0.1,0.3,0.9755085694524683,0.8578621892505115,0.8516558976194738,0.9027840113533152,0.680222986167616,0.37801536801292407,0.43634050997356405,,,
0.2,0.3,0.05,0.15,0.05,0.5,0.9754628712112792,0.8694469240840618,0.8492304809378916,0.905928055404178,0.6805419153783564,0.3935607709208401,0.44113698469919094,,,
0.4,0.2,0.0,0.2,0.1,0.3,0.9754555544561999,0.8623701558985803,0.8415427469124754,0.9094445517711173,0.6920278641171684,0.36754766397415184,0.4465993451894577,,,
0.2,0.3,0.05,0.2,0.1,0.5,0.9754289553661967,0.8816500929638583,0.8454817229282262,0.9003171026339691,0.6750312449145647,0.40278821647819063,0.4587145506689097,,,
0.3,0.0,0.15,0.15,0.1,0.3,0.9753140152565257,0.875684800892691,0.8516285371397888,0.894998289736603,0.6679387973962572,0.4065495838449112,0.4441686447168149,,,
0.4,0.3,0.0,0.1,0.15,0.5,0.9752754512627253,0.8564148153989213,0.8334444488992304,0.9122912992733878,0.7195399991863304,0.3222509906300485,0.46393070111351437,,,
0.3,0.3,0.0,0.1,0.15,0.5,0.9751582691610625,0.8673310355464633,0.8326949101485591,0.907465721616712,0.715249818551668,0.3335850882067852,0.47526087879516143,,,
0.4,0.3,0.05,0.05,0.15,0.6,0.9751535311970915,0.851349636277974,0.8360271166994809,0.9136527715712989,0.7220476606997559,0.317149211631664,0.45985406296563325,,,
0.4,0.3,0.0,0.2,0.2,0.5,0.9750909052641905,0.8757435371892629,0.8341282802935385,0.9032886857402361,0.7053190455655004,0.35084045040387724,0.4815133453496756,,,
0.4,0.2,0.15,0.05,0.1,0.6,0.9750892965266582,0.8440136073647014,0.8479335860032218,0.9136233742052678,0.7100589300244101,0.3332938281098546,0.4428727906753185,,,
0.4,0.1,0.1,0.2,0.2,0.4,0.9750737360161401,0.8824494303390985,0.8395131807768033,0.8970128860127158,0.6928621594792514,0.3713771631663974,0.48148996186814064,,,
0.4,0.1,0.05,0.05,0.15,0.3,0.9750645078282412,0.8421388953939619,0.831368400930732,0.9157699173478656,0.7307412017900732,0.2933447806138934,0.46144140302811826,,,
0.4,0.3,0.05,0.15,0.05,0.3,0.975024216310417,0.7871289861508897,0.851087522999821,0.9312906103542234,0.7008577713588283,0.2942167786752827,0.399482850116158,,,
0.4,0.3,0.05,0.05,0.2,0.3,0.9750191328772585,0.7867778367119211,0.8249052591730803,0.9329589559491372,0.7370659764035802,0.2327445777059774,0.42047727645598015,,,
0.2,0.2,0.05,0.15,0.15,0.4,0.9749899731937158,0.8848234458124109,0.8374153424020047,0.897092550862852,0.691325725793328,0.37218057835218094,0.4893690457422094,,,
0.2,0.3,0.05,0.05,0.15,0.6,0.9749516018627239,0.871454132614221,0.8340407680329336,0.9048063910081744,0.7139618608624898,0.33780143715670435,0.4806897630377313,,,
0.3,0.3,0.1,0.05,0.05,0.6,0.9749371158471452,0.8403496459983881,0.8495917871845355,0.9165777570390554,0.7070108681855166,0.3376523185783522,0.4355633889289433,,,
0.2,0.2,0.15,0.15,0.2,0.6,0.9748917818604087,0.8867094938689479,0.8398628158224449,0.8941584486830154,0.6889434434499593,0.37646204846526654,0.4898413791556517,,,
0.3,0.3,0.05,0.1,0.15,0.6,0.9748754797690673,0.8696589194470274,0.8371060078754251,0.9059108024523161,0.7092452497965827,0.3465631347334411,0.4712682236641833,,,
0.3,0.2,0.1,0.05,0.05,0.4,0.9748232586168475,0.8185820709937388,0.8508201576874889,0.9217490059037239,0.7095092676973149,0.3138938371567044,0.4233444854602259,,,
0.2,0.2,0.05,0.05,0.05,0.4,0.9747794033327246,0.8544672262847933,0.8457094197243601,0.9119713192552226,0.7053357111472742,0.348941582552504,0.44692487511014983,,,
0.2,0.2,0.15,0.1,0.1,0.6,0.9747078908486069,0.8755555923377348,0.8480421011276177,0.9005998038147139,0.6874490504475183,0.385228118901454,0.45741846318993834,,,
0.4,0.2,0.05,0.05,0.2,0.5,0.9746239108440121,0.8601224636290372,0.8293226055127976,0.908660091280654,0.7273996680227828,0.3095277066235864,0.47802699222943207,,,
0.3,0.1,0.15,0.15,0.05,0.4,0.974550704157616,0.8587265244560164,0.8581672033291571,0.9029697452316077,0.6674677607811228,0.4022917311793215,0.4248384989185292,,,
0.4,0.3,0.1,0.1,0.05,0.5,0.974526552142257,0.8172553204885005,0.8515301764811168,0.9227821171662125,0.7049373124491457,0.3197842914378029,0.4194320166626612,,,
0.3,0.2,0.1,0.15,0.1,0.5,0.9745110061539582,0.8711211847498606,0.8470360977268659,0.903384542688465,0.687298788445891,0.38318768077544424,0.4512736984699191,,,
0.3,0.3,0.1,0.15,0.05,0.6,0.9745019243341105,0.8596506798586572,0.8521551931269017,0.9085227411444142,0.6848451261187958,0.38308269208400647,0.4351620961307378,,,
0.4,0.3,0.0,0.15,0.15,0.5,0.9744716124233269,0.8653572499163101,0.8357507064614283,0.9084388079019073,0.7101601773799837,0.3430259121163166,0.46637605126972687,,,
0.3,0.1,0.1,0.15,0.2,0.4,0.9744652019504827,0.8852576792511313,0.8365076643994988,0.8950034455040872,0.6979329576891782,0.36177526138933763,0.4970104937915565,,,
0.2,0.3,0.0,0.05,0.15,0.5,0.9744168889178132,0.868904456016366,0.8287374701986754,0.9061346044504995,0.7207092009764036,0.3235219625201939,0.4863010016822879,,,
0.4,0.3,0.0,0.1,0.1,0.3,0.9744130329329986,0.8019195889901432,0.8377379323429389,0.9306424196185287,0.7234568925956062,0.27542420872374795,0.4221768123047345,,,
0.3,0.3,0.0,0.05,0.1,0.3,0.9743540674763844,0.8000684331535552,0.8329515494898873,0.9312736444141689,0.7309396525630594,0.261759760904685,0.42425895057277896,,,
0.4,0.2,0.1,0.05,0.1,0.4,0.974344267959747,0.8133702229000062,0.8448781303024879,0.9241536248864669,0.7206255150528885,0.2919481150242326,0.4286226158775935,,,
0.3,0.3,0.0,0.15,0.2,0.5,0.9743059107214176,0.8775318663691029,0.8309467879004833,0.9017833574023615,0.7098901773799837,0.34212680775444265,0.4934298977809821,,,
0.4,0.2,0.05,0.15,0.05,0.3,0.9743006695110379,0.820969437877379,0.8512164574906032,0.9216159645776566,0.6948784475183076,0.334758411631664,0.41800309781302575,,,
0.3,0.2,0.1,0.05,0.2,0.6,0.9742950594994261,0.8726729560473622,0.83337965849293,0.9027970585831063,0.7171217518307567,0.3329870720516963,0.4866791369061924,,,
0.4,0.2,0.05,0.1,0.2,0.5,0.9742616725218584,0.868830014803794,0.8319944864864864,0.905207153496821,0.718490016273393,0.3289860620355412,0.48182649122807014,,,
0.2,0.2,0.0,0.05,0.05,0.3,0.9742503283208136,0.847198019713595,0.8397483692500447,0.9170701816530427,0.7151760089503661,0.3289541770597738,0.4486914192101258,,,
0.4,0.2,0.1,0.1,0.2,0.6,0.9742117248861719,0.8708624992870869,0.8361559874709146,0.9039144200726612,0.7125632359641986,0.34131290468497577,0.477456486902187,,,
0.2,0.1,0.05,0.05,0.1,0.3,0.9742117248861719,0.8708624992870869,0.8361559874709146,0.9039144200726612,0.7125632359641986,0.34131290468497577,0.477456486902187,,,
0.3,0.1,0.1,0.2,0.05,0.3,0.9741977442468541,0.8672343752774161,0.8569069819223197,0.8998267438692098,0.6502106436126932,0.4298978668820678,0.42124084386766003,,,
0.3,0.3,0.0,0.2,0.05,0.4,0.9741946037565156,0.8632287748806645,0.8478465550384823,0.9097526798365123,0.6796345874694874,0.39198256155088856,0.43470820892413686,,,
0.3,0.2,0.1,0.2,0.15,0.5,0.9741707526062743,0.8823187873287458,0.8439823785573654,0.89819479791099,0.682262102522376,0.39209489111470114,0.4680248288071778,,,
0.2,0.0,0.15,0.15,0.2,0.3,0.9741331351303132,0.8959249349203398,0.8383057896903526,0.8849773978201635,0.6774805801464606,0.3822385693053312,0.5205109148441881,,,
0.4,0.3,0.05,0.05,0.1,0.5,0.9741248857507598,0.8276934922323478,0.8412889307320566,0.9222850068119891,0.7227226598860862,0.3026967689822294,0.4391619029079548,,,
0.4,0.3,0.05,0.2,0.2,0.6,0.9740766203743214,0.8769212772673733,0.8376242504027206,0.9022982188919164,0.7006263270951993,0.3619611657512116,0.4768978737482977,,,
0.4,0.3,0.0,0.15,0.05,0.3,0.974035886641682,0.8072706821895729,0.8467618270986218,0.9282005930971844,0.7047985801464606,0.30943489822294024,0.41429052038772735,,,
0.3,0.3,0.1,0.1,0.05,0.3,0.974028608617711,0.7626574522348274,0.8529213880436728,0.9354941226158039,0.7036964426362897,0.2680619308562197,0.3846205990547144,,,
0.2,0.3,0.1,0.2,0.1,0.6,0.9740129555091631,0.8819053099249892,0.84810603794523,0.8989668923705721,0.6725163360455655,0.4094080691437803,0.45591370071296966,,,
0.4,0.2,0.15,0.05,0.1,0.4,0.973983855911539,0.7956683699956606,0.8484830796491856,0.926954976839237,0.7171089804719284,0.28064978933764134,0.4146716045822318,,,
0.4,0.2,0.15,0.15,0.1,0.6,0.9739583227184392,0.8617849457318207,0.8499872346518704,0.905900476839237,0.690033634662327,0.37502225718901455,0.4432856085876793,,,
0.2,0.3,0.1,0.15,0.05,0.6,0.9739173312747242,0.8711041081892008,0.8519722367997136,0.9035714277929155,0.6772236362896664,0.4015018617124394,0.440831613554434,,,
0.3,0.0,0.15,0.2,0.15,0.3,0.9739024641909654,0.8904366649060815,0.8472184456774656,0.8882343905540417,0.6612136842961758,0.41812086332794834,0.4701994981975487,,,
0.3,0.1,0.1,0.05,0.1,0.4,0.9738521647245634,0.8579659343128139,0.8432035251476643,0.9078877211625794,0.7103702318958504,0.3411819974151858,0.45744641736761993,,,
0.4,0.3,0.05,0.15,0.15,0.6,0.9738152535662535,0.8676124974025169,0.8395300633613747,0.9066783773841962,0.7048632587469487,0.3546702268174475,0.463583448209565,,,
0.4,0.2,0.1,0.05,0.1,0.5,0.9738046418528401,0.8381575613663134,0.8448865954895292,0.916817080835604,0.7164650203417413,0.32063889499192244,0.44365490010414166,,,
0.3,0.3,0.05,0.15,0.2,0.6,0.9737957762171242,0.8787879924369226,0.8350934789690352,0.9010060594913715,0.7046355231895851,0.3544604639741518,0.48710160153809184,,,
0.4,0.1,0.15,0.15,0.15,0.5,0.9736779720168632,0.8724354307358503,0.8450149015571863,0.9010000549500454,0.6930485516680228,0.37389931890145395,0.46000573227589525,,,
0.3,0.2,0.05,0.05,0.2,0.5,0.9736646857036902,0.8704805130742049,0.8284637606944693,0.9038935386012715,0.7237219292107404,0.3194993705977383,0.49251568405030843,,,
0.4,0.3,0.0,0.05,0.15,0.5,0.9735989625268682,0.8464840463703427,0.8315183180597816,0.9164027602179836,0.7288433751017087,0.3039670345718901,0.4620744489305455,,,
0.4,0.2,0.0,0.1,0.1,0.3,0.9735659366187945,0.8351701052383609,0.8372348695185251,0.9204543796548592,0.7204003124491456,0.3096888142164782,0.4457273700232316,,,
0.2,0.2,0.1,0.05,0.05,0.5,0.9735118943638736,0.8591540195896101,0.8498252495077859,0.9080370685740236,0.6981405142392189,0.3646487909531502,0.4456979099575422,,,
0.4,0.2,0.0,0.1,0.2,0.4,0.9734629776799691,0.8659663835844028,0.8267314893502774,0.9065486525885559,0.7255726916192026,0.3143944730210016,0.487285307538252,,,
0.4,0.2,0.15,0.1,0.05,0.5,0.9734519761135685,0.8274107836091996,0.855056073384643,0.9170181389645776,0.6972202701383238,0.3399821764135703,0.4226240599214932,,,
0.2,0.2,0.1,0.15,0.15,0.5,0.9734401223643429,0.8851403512739446,0.8413666042598891,0.896292772479564,0.6865867306753458,0.3846089441033925,0.481288888728671,,,
0.4,0.2,0.05,0.2,0.1,0.4,0.9733916221733323,0.86554002549129,0.8455811106139252,0.906506014986376,0.6869734149715216,0.38084505266558966,0.445478561083073,,,
0.3,0.1,0.05,0.05,0.1,0.3,0.9733503080370928,0.8522263352055048,0.8375324077322355,0.9118131348773842,0.7197671228641171,0.3224711166397415,0.46065337723303695,,,
0.3,0.1,0.15,0.05,0.05,0.4,0.9732741047940594,0.8317035301221251,0.8552244855915518,0.9139215949137148,0.6997482912937347,0.3394387353796446,0.42785482560281984,,,
0.3,0.3,0.05,0.05,0.05,0.5,0.9732231392766504,0.8334673657429793,0.846444368892071,0.9202472511353315,0.7136108584214809,0.3245254882067851,0.4356772758151085,,,
0.4,0.1,0.15,0.2,0.2,0.5,0.9731822784827768,0.8827855786250077,0.8425899443350636,0.8961962220708446,0.6884482750203418,0.3824505680129241,0.4759472617159337,,,
0.4,0.3,0.05,0.1,0.1,0.3,0.9731756649326635,0.7822233602876448,0.8425567143368533,0.9339278287920072,0.7194910089503662,0.26461331243941844,0.4072388993030522,,,
0.4,0.3,0.1,0.15,0.05,0.3,0.9730711904494527,0.7675984545037505,0.8551275144084483,0.9336379732061763,0.6974465777054516,0.28199947075928916,0.38664628502763754,,,
0.4,0.2,0.0,0.05,0.15,0.3,0.9729726343405263,0.8278761918541938,0.8272858113477717,0.9225286185286103,0.73714672091131,0.2751540226171244,0.4538124553392614,,,
0.4,0.3,0.05,0.15,0.05,0.5,0.9729545161769104,0.8431595364701506,0.8500037136209057,0.9162372920072661,0.6964600593978845,0.35635271340872376,0.43192124537370824,,,
0.3,0.1,0.15,0.05,0.1,0.5,0.9729029003452847,0.8617918907197321,0.8472725298013244,0.9047420871934605,0.7032761668022783,0.3561593789983845,0.4550625021228871,,,
0.4,0.3,0.0,0.2,0.05,0.4,0.9728932791553324,0.8485995070113446,0.8481895944156077,0.9155832089009991,0.6888309129373474,0.3704284529886914,0.4306775770247537,,,
0.4,0.3,0.1,0.15,0.05,0.6,0.9728694429497298,0.8481015889653463,0.8525293151959906,0.9130547988192552,0.6918513978844588,0.36711573441033923,0.4322107611952255,,,
0.3,0.1,0.15,0.15,0.2,0.5,0.9728227826155104,0.8855052549252992,0.8402046604617863,0.8943756153496821,0.6927656476810415,0.37471103134087236,0.4887059857406072,,,
0.2,0.3,0.1,0.05,0.05,0.3,0.9728223973741388,0.7560867029942346,0.8494330921782709,0.937015080835604,0.7110220724165989,0.2527218397415186,0.3822766467996475,,,
0.3,0.2,0.15,0.15,0.1,0.6,0.9728152331865909,0.8724957458558056,0.8497956538392698,0.9014410258855585,0.6835081708706264,0.39217593731825523,0.44985631755187055,,,
0.3,0.3,0.05,0.2,0.05,0.5,0.9727245318281493,0.8659185020891452,0.8509216350456417,0.9066738519527703,0.6762847331163548,0.40067630953150246,0.43514547640791473,,,
0.3,0.2,0.15,0.2,0.15,0.6,0.9726855254209134,0.8825007177980286,0.8465439923035618,0.8971326330608538,0.6791209959316518,0.39984884264943454,0.4643515254345911,,,
0.2,0.1,0.1,0.05,0.1,0.4,0.9726579464644513,0.8734893302089145,0.8422960236262753,0.9014802170753861,0.703279904800651,0.36120241550888527,0.47091960634462865,,,
0.2,0.1,0.15,0.2,0.05,0.4,0.9726505446350963,0.8843879961068749,0.8584232010023268,0.8895059346049047,0.6342517510170871,0.46112457447495964,0.4315567395658095,,,
0.2,0.0,0.15,0.05,0.05,0.3,0.9725708067504205,0.8583224764242762,0.8572964272418113,0.8996442797456857,0.6820898974776242,0.38218298416801294,0.43678173596090686,,,
0.3,0.3,0.15,0.05,0.15,0.3,0.9725597040769697,0.7497142630463084,0.838895653123322,0.9387181653042689,0.7224026094385679,0.22547184943457188,0.38528465400945283,,,
0.4,0.2,0.0,0.05,0.2,0.4,0.9725155440334535,0.8557087485214803,0.8233832004653661,0.9105261634877385,0.73518467453214,0.29414203037156705,0.4826872375230313,,,
0.4,0.2,0.15,0.05,0.15,0.3,0.9724290219212748,0.7706217235633253,0.8423495643458028,0.9340983742052679,0.7252268193653377,0.24459358513731827,0.40380890074501324,,,
0.2,0.2,0.0,0.1,0.05,0.3,0.9724036607803906,0.8638844563139296,0.8427979475568284,0.9095627956403269,0.6969294898291294,0.368760524717286,0.4505377460546343,,,
0.3,0.1,0.15,0.2,0.05,0.4,0.9723713172841011,0.8695615943462899,0.8589721997494183,0.8971232220708447,0.6507235028478437,0.4335191877221325,0.4239217071216855,,,
0.3,0.3,0.05,0.05,0.05,0.4,0.972318213134912,0.8052185058334883,0.8463173935922679,0.9278766435059037,0.7178462611879577,0.29347743004846527,0.4194335669310262,,,
0.3,0.3,0.05,0.05,0.1,0.3,0.9722712469184188,0.7784894039799144,0.8383140431358511,0.9349502606721163,0.7267844312449145,0.25104732665589663,0.4074524180084915,,,
0.4,0.0,0.15,0.05,0.15,0.4,0.9722131115740905,0.8606698215609696,0.840851534097011,0.9043498301544051,0.7148015541090318,0.33503894539579965,0.4664161018985821,,,
0.4,0.3,0.05,0.2,0.05,0.5,0.9722050072490658,0.8533001266629471,0.851176496151781,0.9121369645776567,0.684576490642799,0.3813675767366721,0.4312187962829448,,,
0.3,0.0,0.1,0.05,0.15,0.3,0.9721878278824901,0.8726907771619863,0.8344597728655808,0.9001353564940963,0.7182071749389748,0.33300578546042003,0.48785990931667067,,,
0.2,0.3,0.0,0.2,0.05,0.4,0.9721676924888585,0.8774591445539645,0.8481587433327367,0.9033836516802906,0.6687694401952807,0.4174173886914378,0.44428093807578306,,,
0.2,0.2,0.0,0.15,0.1,0.3,0.9721631270280755,0.8818954854875705,0.838994959548953,0.9005431594005449,0.6886594987794955,0.383197247819063,0.47702404502122886,,,
0.2,0.2,0.15,0.15,0.15,0.6,0.9720994095178536,0.8851896769450127,0.8444099570431358,0.8954289391462307,0.6828063816110659,0.3939239450726979,0.47536552303132257,,,
0.2,0.3,0.05,0.1,0.2,0.6,0.9720888354168175,0.8803506247845763,0.8318863853588688,0.8991214473206176,0.7089233083807974,0.346607701453958,0.49922457422094046,,,
0.3,0.3,0.05,0.05,0.1,0.6,0.9719945112334711,0.857812801041473,0.8403868514408448,0.9108539809264306,0.7142489747762408,0.33960561292407104,0.4593035707762557,,,
0.3,0.2,0.0,0.2,0.1,0.3,0.9719438330069907,0.8777235847746575,0.8423341603722928,0.9025056457765668,0.6823183319772173,0.3940933143780291,0.4598482678843227,,,
0.2,0.2,0.15,0.05,0.05,0.6,0.9718677371924291,0.8624024868390057,0.8527835632718812,0.9048312443233424,0.6926845573637103,0.376777718901454,0.4448067379636305,,,
0.4,0.3,0.0,0.15,0.05,0.4,0.9717867673973333,0.8365000195400161,0.8467309965992482,0.9199216103542235,0.7021569853539462,0.3437186765751212,0.43167501321797647,,,
0.4,0.2,0.15,0.1,0.05,0.4,0.9717806858034379,0.799329389622466,0.855562487918382,0.9235274795640327,0.6997757786818553,0.310903534733441,0.40788366450372504,,,
0.4,0.2,0.1,0.2,0.1,0.5,0.9717707818096448,0.8677673506416217,0.8486606198317523,0.9040913033605813,0.6830291830756713,0.3907093770597738,0.4446586746775615,,,
0.3,0.1,0.05,0.1,0.1,0.3,0.971757496660752,0.8667246269915071,0.8402789099695723,0.9053083424159856,0.7043387445077298,0.35628915864297256,0.4634082342385644,,,
0.4,0.3,0.1,0.1,0.05,0.6,0.9717490653611981,0.838572087384539,0.85138761822087,0.9164982465940054,0.7024289641985354,0.3464102901453958,0.4329132041977089,,,
0.3,0.2,0.0,0.05,0.2,0.4,0.9717445409061591,0.867255175475792,0.8220214712725972,0.9049069396003633,0.7316429609438568,0.3033576348949919,0.4998604675158215,,,
0.3,0.3,0.1,0.2,0.05,0.6,0.9716110184598364,0.867866383262042,0.8532891379989261,0.9042048987284287,0.6736505850284784,0.4071269279483037,0.4355144558199151,,,
0.4,0.3,0.1,0.05,0.2,0.3,0.9715607057716951,0.7687914756927655,0.8298505305172722,0.9363363169845595,0.733814095199349,0.22667453311793215,0.40646314219338303,,,
0.4,0.0,0.1,0.05,0.15,0.3,0.9715546185092081,0.855970849147604,0.8354329523894756,0.9072882624886467,0.7238358030919446,0.317382447819063,0.4706115547544661,,,
0.2,0.3,0.0,0.1,0.2,0.5,0.9715483087706405,0.8788681229434009,0.8268242527295507,0.8996295858310627,0.7147577030105777,0.33322905008077547,0.5076758594889049,,,
0.3,0.1,0.05,0.15,0.15,0.3,0.9715060646993311,0.8826370847932551,0.8375921036334348,0.8975472361489555,0.6970966932465419,0.36934401680129236,0.4877876662661219,,,
0.2,0.1,0.1,0.1,0.2,0.4,0.971486144198224,0.887542579877255,0.8327128446393413,0.8923489568574023,0.7036269544344996,0.3518027063004846,0.5160858783946166,,,
0.3,0.0,0.15,0.05,0.15,0.4,0.9714144852309341,0.8748431866344306,0.8401566939323429,0.8984359868301544,0.7090336126932466,0.3516321925686591,0.48041030713770727,,,
0.4,0.3,0.1,0.2,0.05,0.6,0.971378422831146,0.8567910646333147,0.8534584925720422,0.9091315694822888,0.6812089446704638,0.38977547140549273,0.43172695409757267,,,
0.4,0.2,0.1,0.05,0.15,0.6,0.9713442557170622,0.8599276270534995,0.839063983891176,0.9082212034514078,0.7171646037428804,0.3350858210016155,0.4658911521268926,,,
0.3,0.3,0.0,0.05,0.1,0.5,0.9711684441513936,0.8537325689169921,0.8359667930911044,0.9136957624886467,0.7211101065907242,0.32650290726979,0.46174347640791474,,,
0.3,0.3,0.0,0.15,0.15,0.5,0.9711009139656499,0.8756745165705783,0.8356556228745301,0.9036929241598546,0.7051668030919447,0.35854768465266557,0.48006810846751585,,,
0.3,0.3,0.1,0.05,0.05,0.4,0.971096101978751,0.7857850687248156,0.8501254440665832,0.9305071507720254,0.7141730048820178,0.28117681033925684,0.405244434350717,,,
0.2,0.3,0.05,0.2,0.05,0.5,0.9710691561853888,0.8781771133841672,0.8509674311795239,0.9012671162579473,0.6666059593165176,0.4226694474959612,0.4434366310982937,,,
0.4,0.2,0.0,0.15,0.2,0.4,0.971023526300008,0.8750027801128263,0.8303660397350994,0.9025574891008175,0.7155592733930024,0.337913737641357,0.4930626376672274,,,
0.2,0.3,0.0,0.05,0.1,0.5,0.9709346704849475,0.8660881634864547,0.8347158167173796,0.9081901607629428,0.7162662554922702,0.339590531825525,0.4733029867820236,,,
0.2,0.1,0.05,0.1,0.2,0.3,0.970909673698974,0.8864697115863865,0.8260628969035261,0.8924436970935513,0.7111645028478437,0.3332020988691438,0.5320043335736602,,,
0.2,0.3,0.05,0.05,0.1,0.6,0.9709002327676587,0.8687309416899138,0.8394698659387865,0.9062305667574932,0.7094855215622458,0.35337236575121167,0.46921384330689736,,,
0.4,0.1,0.05,0.2,0.15,0.3,0.970882117718465,0.8787185700576531,0.8404950510112761,0.8994652774750227,0.6908041204231081,0.38055239806138935,0.47125432556276536,,,
0.4,0.0,0.15,0.2,0.1,0.3,0.9708210195969507,0.8698087534560784,0.8529034195453732,0.8964800712988192,0.6630728828315704,0.41452074894991925,0.4360477766562525,,,
0.2,0.1,0.15,0.1,0.2,0.5,0.970790742307327,0.8878824724567603,0.8373262504027206,0.8920228941871026,0.6976136297803093,0.3664960297253635,0.5043673208363374,,,
0.4,0.2,0.05,0.15,0.2,0.5,0.9707843072236649,0.8765728071663258,0.8348444710936102,0.9015712325158945,0.7092606427990236,0.35146791082390955,0.48657394985179847,,,
0.3,0.2,0.05,0.1,0.05,0.4,0.9707469012314142,0.8510778715268736,0.8485896226955433,0.9127197279745686,0.698902783563873,0.36114734087237477,0.44089012529039495,,,
0.2,0.1,0.15,0.05,0.1,0.5,0.9707226118573292,0.8750556819044077,0.8465885863611956,0.899340848773842,0.6964249397884459,0.37594949725363486,0.4662790662501001,,,
0.4,0.3,0.0,0.2,0.15,0.5,0.9707075737105246,0.8733278100303763,0.8382971802398425,0.9048344100817439,0.7004353238405208,0.367083653634895,0.4696247530241128,,,
0.4,0.2,0.05,0.05,0.1,0.4,0.9706704050305465,0.8301886434566983,0.8409328312153214,0.9205135831062671,0.7243185842148088,0.3058477201938611,0.4447055632460146,,,
0.4,0.0,0.15,0.05,0.1,0.3,0.9706696938753981,0.8277914914884384,0.8490380012529086,0.9141034241598547,0.7129964426362897,0.31623483489499193,0.4385638338540415,,,
0.3,0.2,0.15,0.05,0.05,0.6,0.9706666696556797,0.8497729198189822,0.8531533828530516,0.9101158601271571,0.6997021920260375,0.35993814151857834,0.4400168967395658,,,
0.4,0.0,0.1,0.15,0.2,0.3,0.9706527450857629,0.883065641386151,0.8362955247896904,0.8948830145322434,0.7038881611065907,0.3581084226171244,0.4963714352319154,,,
0.4,0.3,0.15,0.05,0.05,0.6,0.9706277225247874,0.8148179854689729,0.8523866925004475,0.9219151094459582,0.710202820992677,0.3155554339256866,0.42200758567652,,,
0.3,0.2,0.1,0.05,0.15,0.6,0.9706185264123408,0.8701684214245863,0.8382600728476822,0.904061827883742,0.713051174125305,0.3470997486268174,0.4760455289593848,,,
0.2,0.2,0.05,0.15,0.1,0.4,0.9706005067003861,0.8824946685016427,0.8435001424735995,0.8990679609445958,0.6831974418226201,0.39628771437802907,0.4697816010574381,,,
0.4,0.2,0.05,0.05,0.15,0.5,0.9705683404504148,0.856414275147232,0.8348604868444603,0.9105884500454132,0.7237591562245728,0.3225555063004847,0.46883593751502045,,,
0.4,0.2,0.15,0.2,0.1,0.6,0.9705400074286872,0.8694047554150393,0.851083289779846,0.9020826058128973,0.6798651944670463,0.39820229014539577,0.44403486854121604,,,
0.2,0.2,0.05,0.1,0.05,0.4,0.9705383029629548,0.8674540355092678,0.8478483808841956,0.9057718851044505,0.6898785508543531,0.38465463521809373,0.448519295201474,,,
0.4,0.1,0.1,0.1,0.1,0.4,0.9704965152510237,0.8546531905027587,0.8459501077501342,0.9088436194368756,0.7041483946297803,0.35267131114701133,0.45065642698069375,,,
0.3,0.2,0.05,0.05,0.15,0.5,0.970461042073498,0.8679113902919844,0.8337751949167711,0.9056814323342416,0.7197184393816111,0.33398084911147013,0.48062921252903945,,,
0.4,0.1,0.15,0.05,0.1,0.5,0.970445438525816,0.8483285602380509,0.848272189905137,0.9101942951861943,0.7095534865744508,0.3417899192245557,0.4487816388688617,,,
0.4,0.3,0.05,0.1,0.1,0.6,0.9704208794956083,0.8557757362593764,0.8428362840522642,0.9116895758401453,0.7095545964198535,0.34808412407108236,0.4537585598013298,,,
0.3,0.2,0.1,0.05,0.05,0.5,0.9703935452868481,0.8445391258818423,0.8505476316448899,0.9135876099000908,0.7057859235150529,0.3476974138933764,0.44053450468637345,,,
0.4,0.2,0.1,0.1,0.05,0.4,0.9703358994570087,0.8175991086975389,0.8526934902452121,0.9208617665758401,0.7032007445077298,0.3263838991922456,0.42167105487462947,,,
0.3,0.3,0.05,0.15,0.15,0.6,0.9703182910221396,0.8768918110718492,0.8393986529443351,0.9024559432334242,0.7000001668022783,0.3699100516962843,0.4752370380517504,,,
0.2,0.0,0.15,0.15,0.15,0.3,0.9703057647110629,0.8949625717686441,0.8443566851619831,0.884848967756585,0.66623595362083,0.41122502229402264,0.49408738860850754,,,
0.3,0.2,0.05,0.2,0.1,0.4,0.9702992447685497,0.8786394106750977,0.845966225165563,0.900668974568574,0.6781560553295363,0.40414853441033927,0.4564458016502443,,,
0.4,0.0,0.1,0.1,0.15,0.3,0.9702894735551328,0.8687903343128137,0.8381017282978342,0.9016655122615804,0.7103998429617575,0.3468526138933764,0.47389724985980936,,,
0.3,0.3,0.0,0.1,0.1,0.5,0.9702481308916876,0.8638739789721654,0.8381242611419367,0.9092200004541326,0.7105444841334418,0.3497516491114701,0.46405074260994955,,,
0.2,0.3,0.1,0.2,0.05,0.6,0.9701684596584232,0.8786272360300044,0.8531740263110793,0.8994461112624887,0.6649341497152156,0.4264967915993538,0.44284718945766244,,,
0.3,0.1,0.15,0.05,0.05,0.3,0.9701626806237703,0.7947690032608021,0.8559569017361732,0.9223373769300636,0.7036924735557364,0.3017593331179322,0.40868373996635426,,,
0.4,0.2,0.1,0.15,0.2,0.6,0.9700659802204654,0.8776370823383548,0.8383905557544299,0.9005708133514987,0.7040336281529699,0.3627556387722133,0.4814255246335015,,,
0.3,0.1,0.1,0.1,0.1,0.4,0.9700466145360797,0.8695549656189944,0.8451669001252909,0.9025937965485922,0.6968962245728234,0.37270780096930534,0.45970104478090207,,,
0.4,0.1,0.1,0.05,0.1,0.3,0.9699950732625479,0.8132328966090138,0.8451059361016645,0.9223700358764759,0.7220422896663955,0.29361166138933764,0.43302018873668185,,,
0.2,0.3,0.0,0.1,0.15,0.5,0.9699950104897527,0.8776828525447895,0.8321316289600859,0.9020290158946412,0.7102643409275834,0.3493337505654281,0.4930096081070256,,,
0.3,0.2,0.1,0.1,0.05,0.5,0.969952816212102,0.8558694638398116,0.8518475430463576,0.9089072992733878,0.6929148087876322,0.37436241873990306,0.4403629577825843,,,
0.4,0.3,0.05,0.1,0.05,0.5,0.969948687035584,0.8319796471638461,0.8487347633792733,0.9198267761126249,0.7081236069975589,0.3348490074313409,0.43285430954097576,,,
0.3,0.2,0.0,0.1,0.05,0.3,0.9699470564465824,0.8439978189820843,0.8439906819402183,0.9173375599455041,0.706895246541904,0.34454732084006456,0.4417553692221421,,,
0.4,0.1,0.15,0.05,0.2,0.6,0.9699383422808233,0.8713363179220135,0.8371077674959728,0.9019864718437783,0.7162255215622457,0.34181330662358644,0.4820662510614436,,,
0.3,0.2,0.05,0.1,0.2,0.5,0.9699131910836437,0.8785862165271836,0.8316755324861286,0.8999761811989101,0.7141940504475184,0.34260955411954763,0.49893590883601696,,,
0.4,0.3,0.05,0.05,0.1,0.4,0.9698798673796639,0.8011008138367118,0.8410762176481117,0.9292005885558583,0.727168018714402,0.2772260168012924,0.42481433421453174,,,
0.4,0.1,0.05,0.1,0.1,0.3,0.9698585620485618,0.8489355720290125,0.8414855015213889,0.9126466203451408,0.7120023506916192,0.33689119159935377,0.4527290133781944,,,
0.4,0.3,0.0,0.1,0.1,0.5,0.969849860349488,0.8518173015932057,0.8391180205834974,0.9145748260672116,0.7156246183889341,0.33637390500807757,0.4554895231915405,,,
0.4,0.1,0.15,0.15,0.05,0.4,0.969847529425164,0.8424773871427685,0.857789601754072,0.9088334137148047,0.6789092384052074,0.37956431857835216,0.4235728677401266,,,
0.4,0.3,0.1,0.1,0.1,0.3,0.9698237184493365,0.7629911218647325,0.8470825729371756,0.9364665086285195,0.7160082750203417,0.2554586365105008,0.3942470279580229,,,
0.2,0.3,0.05,0.1,0.15,0.6,0.9698185699079411,0.8789781605356146,0.8366378990513692,0.9010726589464123,0.7043899886086249,0.3621583127625202,0.48615329824561404,,,
0.4,0.2,0.05,0.1,0.15,0.5,0.96981262578726,0.8656948607525883,0.8368895013424019,0.9066124259763851,0.7142176745321399,0.3435710048465267,0.4713694626291757,,,
0.3,0.1,0.1,0.15,0.15,0.4,0.9697695738597569,0.883110993540388,0.84181976123143,0.8965164854677565,0.6909382880390561,0.38369324329563814,0.4796764785708564,,,
0.4,0.3,0.05,0.2,0.15,0.6,0.9697640928684469,0.874577741491538,0.841518289958833,0.903449982742961,0.6959149609438569,0.3770300730210016,0.46632503789153246,,,
0.3,0.3,0.05,0.1,0.1,0.6,0.9697610505150722,0.8664454393404005,0.8421031596563452,0.9069801453224342,0.7046620675345809,0.36191611114701133,0.461277323079388,,,
0.4,0.1,0.15,0.1,0.1,0.5,0.9697584860537313,0.8586191058706837,0.8492489142652587,0.9056965068119891,0.6981171147274207,0.36562500807754444,0.44913398029319873,,,
0.3,0.2,0.1,0.1,0.2,0.6,0.9697458851598758,0.8796965770751968,0.8358679516735279,0.8992155095367848,0.7083129951179821,0.3551419075928917,0.49198216630617636,,,
0.4,0.3,0.05,0.05,0.1,0.6,0.9696443467434765,0.8467171130866035,0.8415686438160014,0.9153965245231608,0.7189649747762408,0.329387427463651,0.4529932855884002,,,
0.4,0.1,0.1,0.05,0.2,0.5,0.9695945542408249,0.8693672110098568,0.8328755385716842,0.9033239586739328,0.722734688364524,0.32935290597738287,0.4869739408795962,,,
0.4,0.3,0.05,0.1,0.05,0.4,0.9695886498139652,0.8056887438348521,0.8489009421872203,0.9267695027247956,0.7113577282343369,0.30585644588045235,0.4182493794760875,,,
0.4,0.2,0.1,0.1,0.15,0.6,0.9695354212044612,0.8679193784886243,0.8406934995525327,0.904801540417802,0.7083655768917819,0.35534258416801295,0.46806367427701673,,,
0.2,0.2,0.1,0.15,0.1,0.5,0.9694574655229997,0.8827124298307606,0.8468451897261501,0.8976355149863761,0.679119609438568,0.4052372626817447,0.4648362307137707,,,
0.4,0.3,0.1,0.1,0.05,0.4,0.969445967488126,0.7879691512987415,0.8523562820834079,0.9291606621253407,0.7079844263628966,0.29323460355411957,0.4053776047424497,,,
0.4,0.1,0.1,0.2,0.05,0.3,0.9694229916704239,0.8487387930816441,0.856845720780383,0.9072544741144414,0.6656818812042311,0.40165806849757674,0.41981352591524473,,,
0.4,0.1,0.1,0.15,0.05,0.3,0.9694213535497719,0.8342519081520055,0.8553865195990693,0.9129989900090827,0.6834057803091945,0.36623644975767367,0.4222945894416406,,,
0.3,0.3,0.0,0.05,0.05,0.4,0.9693607179787153,0.8239265924245243,0.8422970902094148,0.9244107379654859,0.7217775630593979,0.3087648542810985,0.43592468076584157,,,
0.3,0.1,0.1,0.05,0.05,0.3,0.9693070367221649,0.8194556492467918,0.8521692373366745,0.9188277098092643,0.7083400439381611,0.3212422701130856,0.42728894897060005,,,
0.4,0.2,0.0,0.1,0.15,0.4,0.9692493971938871,0.8626088375178228,0.8320534625022374,0.9086760013623979,0.7213560610252238,0.3296625344103392,0.47551502235039655,,,
0.4,0.0,0.15,0.1,0.15,0.4,0.9692473638739731,0.8711434301655198,0.8427871843565419,0.8996895467756585,0.7027958047192839,0.36267261583198707,0.46910196859729236,,,
0.4,0.1,0.15,0.05,0.1,0.3,0.9692306629271248,0.7918196723575723,0.8494981952747449,0.9257020699364215,0.7177199153783563,0.28035083037156705,0.4164393080189057,,,
0.2,0.2,0.1,0.1,0.05,0.5,0.9691797279025187,0.8697457740499658,0.8513893395382137,0.9028971793823797,0.6847031464605371,0.3956103056542811,0.447118428262437,,,
0.3,0.2,0.1,0.2,0.1,0.5,0.96915004561584,0.8791839471824439,0.8487873082155003,0.8989955744777475,0.6749725467860048,0.4112006662358643,0.45401460498277657,,,
0.3,0.2,0.0,0.1,0.2,0.4,0.9691319548949356,0.8768319535800632,0.8261960681940218,0.9006573633060854,0.7212866916192027,0.32761001486268176,0.5078590249138829,,,
0.4,0.1,0.15,0.2,0.05,0.4,0.9691185883629022,0.8541957520798462,0.8588809060318596,0.9037177811080835,0.6637399283970707,0.4095402856219709,0.42180854233757914,,,
0.2,0.1,0.05,0.1,0.15,0.3,0.9691041224739148,0.8859783387514722,0.8330813638804367,0.8945814168937329,0.704174872253865,0.35672655702746364,0.5101309914283425,,,
0.3,0.2,0.0,0.05,0.15,0.4,0.9690985180527647,0.8646372072159196,0.8279373185967425,0.9074258678474115,0.7278499707078926,0.3183588045234249,0.4864669060322038,,,
0.4,0.1,0.1,0.2,0.15,0.4,0.9690840408059518,0.8794772790775526,0.8440186257383211,0.8981257129881925,0.6858224849471115,0.39223440516962843,0.46655262340783465,,,
0.4,0.1,0.1,0.05,0.1,0.4,0.9690338367853955,0.8422623273944578,0.8448276108824057,0.9137393301544051,0.7170515931651749,0.3276407773828756,0.45040493903709045,,,
0.4,0.0,0.15,0.15,0.2,0.4,0.9690085344373404,0.8834888612981217,0.8402896191158046,0.8941821080835605,0.6973618681855167,0.37288239870759293,0.4878536577745734,,,
0.3,0.0,0.1,0.1,0.2,0.3,0.968950761098218,0.8862769017915815,0.8323548582423482,0.8922526898274296,0.7107320895036615,0.3458974365105008,0.5168580620043259,,,
0.3,0.2,0.15,0.1,0.05,0.6,0.968922762189927,0.8593076047114252,0.854262962233757,0.9057403251589464,0.6882932709519934,0.38449999095315024,0.4400209416005768,,,
0.3,0.0,0.15,0.2,0.1,0.3,0.9688234567822388,0.8859394434071044,0.853130016287811,0.8880644632152588,0.6477454540276648,0.4445643793214863,0.44761115741408314,,,
0.4,0.3,0.0,0.15,0.1,0.5,0.968703240858846,0.8613784247473809,0.8408052851261858,0.9102189636693915,0.7053664068348251,0.35893300032310177,0.45679847857085637,,,
0.4,0.2,0.0,0.05,0.15,0.4,0.9686904562645211,0.851580575909739,0.8294960837658851,0.9133559718437784,0.731802637103336,0.3075240665589661,0.4724922082832652,,,
0.4,0.3,0.0,0.05,0.1,0.4,0.9686764380722321,0.8178938022441261,0.8369817787721496,0.9259881621253405,0.7306994458909682,0.28840470888529884,0.43971296995914444,,,
0.4,0.3,0.0,0.05,0.15,0.3,0.9685940117405343,0.7953263507532081,0.8283273848219079,0.9317925803814713,0.738810051261188,0.2505033408723748,0.42980882063606507,,,
0.2,0.2,0.15,0.15,0.1,0.6,0.9685845025618698,0.8827438734858348,0.8494497707177376,0.8963327311534969,0.6759710406834826,0.41169529369951535,0.4612698436273332,,,
0.4,0.3,0.15,0.15,0.05,0.3,0.968571620482331,0.7485502910172959,0.8584197069983891,0.9351124073569483,0.6944372473555737,0.2718340336025848,0.37546428711047025,,,
0.3,0.2,0.05,0.05,0.05,0.4,0.9684691440299855,0.8372237823569524,0.8470460227313406,0.9177118292461398,0.7135613824247355,0.33297621130856225,0.44131372650805095,,,
0.3,0.1,0.15,0.1,0.1,0.5,0.9684594211235137,0.8714194762878928,0.8487170014318954,0.9003655454132607,0.6912932148087877,0.38483665977382875,0.4569878836818072,,,
0.3,0.1,0.15,0.15,0.15,0.5,0.9684042552462756,0.8832647936767715,0.845049731698586,0.8954785204359672,0.6861969861676159,0.39410421712439414,0.47384669694784903,,,
0.2,0.1,0.1,0.1,0.15,0.4,0.9683388927107135,0.8864146084929638,0.83853226794344,0.8939535054495913,0.6966813490642799,0.37398437221324715,0.4969917925178242,,,
0.3,0.2,0.15,0.2,0.1,0.6,0.9682896495944738,0.8795152120265327,0.8510462366207266,0.8975266376021799,0.6724656598860862,0.4164129441033926,0.45219856204438036,,,
0.4,0.3,0.1,0.05,0.1,0.4,0.9682765228387035,0.7838157508152005,0.8450224406658314,0.9317909087193461,0.7238266224572824,0.2678362978998385,0.4118437971641432,,,
0.3,0.2,0.0,0.15,0.05,0.3,0.9682627285503942,0.8591679603496374,0.8460182722391265,0.9108811539509537,0.6896422026037429,0.381812166720517,0.44170000704958745,,,
0.4,0.1,0.05,0.05,0.2,0.4,0.9682535904998261,0.866559864310954,0.8274832480758905,0.9046869150772024,0.7305694206672091,0.31454900226171245,0.49310860338059764,,,
0.2,0.2,0.15,0.1,0.05,0.6,0.9681660845857439,0.8713259216663567,0.8539729285842133,0.9005933392370572,0.6807556403580146,0.40349816284329565,0.4460985706961467,,,
0.4,0.1,0.05,0.15,0.1,0.3,0.9680817336848886,0.8623178469282747,0.8432671562555933,0.9065682652134424,0.6972461863303498,0.3690396381260097,0.4536422935191861,,,
0.4,0.3,0.05,0.15,0.1,0.6,0.9680722773085119,0.8639979495877502,0.8441868022194379,0.9077817624886467,0.7002659910496338,0.36966939127625204,0.4549334530161019,,,
0.3,0.0,0.15,0.1,0.2,0.4,0.9680694988501053,0.8866374963982393,0.8373300902094147,0.8918052288828338,0.7029968673718471,0.3631166274636511,0.5041469343907715,,,
0.2,0.2,0.1,0.05,0.2,0.6,0.9678451844930016,0.8814513146364145,0.8326758437444067,0.8971357679382379,0.7129671342554923,0.34715922714054925,0.5045482392053192,,,
0.4,0.1,0.15,0.2,0.15,0.5,0.9678215145512084,0.8799236084557683,0.8468173637014498,0.8968603065395095,0.6819702937347437,0.40068912051696287,0.46306147881118326,,,
0.4,0.3,0.1,0.05,0.05,0.6,0.9676648511500981,0.8282013055359246,0.8501058736352247,0.9195061544050862,0.7128934711147275,0.32830833021001615,0.4338072916766803,,,
0.4,0.3,0.0,0.05,0.1,0.5,0.9676336697638785,0.8412099019279647,0.8376873832110256,0.9185396153496821,0.7259371757526444,0.31674127625201937,0.4546751063045742,,,
0.3,0.3,0.15,0.05,0.05,0.4,0.9675554498751657,0.7668224159196577,0.853736918739932,0.932332586739328,0.7108928161106591,0.27100812277867525,0.39281728094208124,,,
0.3,0.2,0.05,0.05,0.05,0.3,0.967491442134463,0.803271109565433,0.8472436998389118,0.9269338442325159,0.7187126517493898,0.2955654281098546,0.42226867195385726,,,
0.3,0.3,0.15,0.1,0.05,0.3,0.9674661753974069,0.7413545600644721,0.856516791122248,0.936834980472298,0.7004051757526444,0.25833886526655897,0.37250775919250184,,,
0.4,0.1,0.15,0.1,0.05,0.4,0.9674652009058856,0.8292575093670573,0.856273170932522,0.9134818705722071,0.6938477257933279,0.3513376012924071,0.42555314924297044,,,
0.4,0.3,0.0,0.05,0.2,0.6,0.9673946258808653,0.8640852921455583,0.8284776706640415,0.907734315168029,0.7287357941415785,0.31987621066235866,0.4861667493391012,,,
0.2,0.0,0.15,0.1,0.05,0.3,0.967351385486375,0.8737165619738392,0.8584780191516019,0.8918199132606721,0.6595911912123678,0.42815113085621975,0.43710603428662986,,,
0.2,0.1,0.15,0.1,0.15,0.5,0.9673484961860761,0.8864050097328127,0.8424693236083766,0.8932133587647593,0.6909703295362083,0.3865763295638126,0.48774611695906434,,,
0.3,0.2,0.05,0.15,0.05,0.4,0.9672820838794264,0.863160625974831,0.8500520903884016,0.9068944368755677,0.6841443433685923,0.39409750565428114,0.4410878203957382,,,
0.3,0.3,0.1,0.05,0.1,0.3,0.967260263571661,0.7571788152005455,0.8432648120637193,0.9376494704813806,0.7230463539462978,0.24243737964458806,0.3932081057438116,,,
0.4,0.3,0.15,0.1,0.05,0.4,0.9672356890760225,0.7707520151509516,0.8556139851440845,0.930958929609446,0.7049574361269325,0.28276527237479804,0.39397112184571015,,,
0.4,0.2,0.15,0.1,0.05,0.6,0.9671052012652644,0.8472196681172898,0.8545173119742259,0.9104114704813806,0.6953267249796583,0.3681370772213247,0.4367813743491148,,,
0.2,0.0,0.15,0.15,0.1,0.3,0.9669516372562685,0.8919737084619677,0.8508903092894219,0.8847446285195277,0.6519034288039056,0.44088287302100165,0.4654543667387647,,,
0.3,0.3,0.0,0.2,0.2,0.5,0.9668965904176947,0.8843379304692827,0.8338082573832111,0.8979186521344232,0.7001003222131815,0.3682821712439418,0.500915658415445,,,
0.2,0.2,0.05,0.05,0.2,0.5,0.9668642863189363,0.8801443950406052,0.8275651512439591,0.8975715617620346,0.7195488055329536,0.33354240387722134,0.5137670992549868,,,
0.4,0.1,0.1,0.15,0.1,0.4,0.9667915313893569,0.8655360214741802,0.847280167889744,0.9035863124432334,0.6912603555736371,0.3825231541195476,0.45155161884162465,,,
0.3,0.3,0.05,0.2,0.2,0.6,0.9667758986301158,0.8847799947678383,0.8373184089851441,0.897388091280654,0.6956414808787632,0.3783481563812601,0.4932136372666827,,,
0.4,0.2,0.1,0.1,0.05,0.5,0.9665484603267143,0.8420024995102596,0.8523553588688025,0.9136515236148955,0.700519476810415,0.3574263864297254,0.43704211407514215,,,
0.3,0.2,0.1,0.15,0.05,0.5,0.9665202267713828,0.8658725721405989,0.8529788657597995,0.9038137234332425,0.6800505459723352,0.4027399444264943,0.4407066761195226,,,
0.4,0.3,0.05,0.05,0.15,0.3,0.9664756199561058,0.7764210109230674,0.8334446654734204,0.9353383419618528,0.7352268275020342,0.24219900032310177,0.41469059761275334,,,
0.4,0.3,0.0,0.1,0.05,0.4,0.9664238870755385,0.823065928212758,0.8453155774118489,0.9236719541326067,0.7150706086248982,0.32104369305331176,0.43289196459184487,,,
0.4,0.2,0.15,0.05,0.05,0.5,0.9663946837742422,0.8147949121567168,0.8535224619652766,0.9200094836512261,0.709544083807974,0.3205524297253635,0.42439836033004885,,,
0.4,0.2,0.0,0.15,0.15,0.4,0.9663286425524688,0.8722935290806522,0.8350844125648827,0.904446725249773,0.7105608039056143,0.3555387159935379,0.4796218561243291,,,
0.3,0.2,0.05,0.1,0.15,0.5,0.9663016986629265,0.876559532155477,0.8365964412027922,0.9017272779291553,0.7094486859235151,0.3593976549273021,0.4855999290234719,,,
0.3,0.2,0.0,0.1,0.15,0.4,0.9661911272072692,0.8749058132043891,0.8316851118668337,0.9030118623978202,0.7165959072416599,0.3451184193861066,0.4926573229191701,,,
0.4,0.2,0.05,0.15,0.05,0.4,0.9661866162052364,0.8476441640071912,0.850746221943798,0.9129609109900091,0.6932241822620017,0.3717527709208401,0.43649335255948085,,,
0.2,0.3,0.0,0.1,0.1,0.5,0.9661126905837171,0.8754951103093422,0.8376790218364059,0.9040484182561308,0.7049437900732303,0.36802129046849763,0.4783017008731876,,,
0.4,0.2,0.1,0.15,0.05,0.5,0.9661118212401351,0.8526047659785506,0.8534286028279936,0.9094054100817438,0.6882813572009764,0.38280760323101776,0.4363528795962509,,,
0.4,0.1,0.1,0.1,0.2,0.5,0.9660426376513817,0.8773705159754511,0.8355988439233936,0.8995106307901907,0.7133530431244914,0.35217291308562193,0.4918620376512057,,,
0.4,0.3,0.0,0.1,0.2,0.6,0.9660253688154572,0.8714464309714214,0.8309688199391444,0.9047226648501362,0.7209575728234338,0.33788454991922456,0.4901983404630297,,,
0.4,0.3,0.15,0.05,0.2,0.3,0.9659724630918758,0.7509587406856364,0.8343700502953285,0.9386193237965486,0.7307078844589097,0.22178986688206784,0.39437788432267884,,,
0.3,0.2,0.15,0.15,0.05,0.6,0.9659240986512274,0.8678227210960263,0.8551749493466976,0.9013759268846503,0.6768836200162733,0.40911243747980613,0.44045765200672915,,,
0.4,0.2,0.05,0.15,0.15,0.5,0.9659238753700945,0.8739444522224288,0.8392225969214248,0.90292796866485,0.7043418689991864,0.36809105460420033,0.4747424399583433,,,
0.3,0.3,0.0,0.15,0.1,0.5,0.9658687864900926,0.872805861459302,0.8405835648827636,0.9052170740236148,0.6996943694060211,0.3768082423263328,0.46722909444844984,,,
0.3,0.2,0.1,0.1,0.15,0.6,0.9658440522490754,0.8776355904779617,0.8403920966529443,0.9004657861035422,0.7036460870626525,0.37096937124394186,0.4801449496114716,,,
0.4,0.1,0.05,0.1,0.2,0.4,0.9657942918712313,0.8759384538838263,0.8310291379989261,0.9004731789282471,0.720382053702197,0.3384310416801292,0.4990938864055115,,,
0.2,0.3,0.05,0.1,0.1,0.6,0.9657917500135456,0.8767602938441511,0.8416824125648827,0.9024932652134423,0.6992058746948739,0.37934452407108243,0.4732817204197709,,,
0.4,0.2,0.15,0.15,0.05,0.6,0.9657853775334091,0.8562558062116421,0.8554090499373546,0.9064121194368755,0.6843919926769731,0.391238782552504,0.4363227305936073,,,
0.4,0.1,0.15,0.15,0.1,0.5,0.9657796786456408,0.86776824950716,0.8502888186862358,0.9012169309718437,0.6866600317331163,0.39243045492730205,0.4499991925018025,,,
0.4,0.1,0.15,0.1,0.2,0.6,0.9656738532210426,0.8783136410389931,0.8392017265079649,0.8985225903723887,0.7075618104149716,0.36360638578352183,0.4861458718256829,,,
0.3,0.2,0.1,0.05,0.05,0.3,0.9656705745976705,0.7796544760027276,0.8520084292106677,0.9299375749318801,0.714210283970708,0.28096578804523425,0.40530964223343746,,,
0.4,0.2,0.1,0.05,0.1,0.6,0.9655856798522644,0.8554850493831753,0.8446627240021478,0.9095886839237057,0.7132413637103335,0.34876775767366724,0.4583102276696307,,,
0.4,0.1,0.15,0.1,0.05,0.3,0.9655407201906269,0.7958079812286901,0.8572027064614283,0.9210025599455041,0.6965142839707079,0.3168252639741519,0.4085298666987103,,,
0.4,0.3,0.1,0.05,0.05,0.5,0.9655140476271947,0.8042808034715765,0.8502905120816181,0.9254007652134423,0.7164321838893409,0.3033424426494346,0.4212409297444525,,,
0.4,0.2,0.15,0.05,0.05,0.6,0.9653876613744464,0.8372822550368854,0.853329571863254,0.9138915653950953,0.7062856647681042,0.3473073822294023,0.4375167437314748,,,
0.3,0.3,0.05,0.15,0.1,0.6,0.9653799183814316,0.874142707606472,0.8439738158224449,0.903499163941871,0.6947789943043124,0.3864473718901454,0.4639629566610591,,,
0.3,0.3,0.05,0.05,0.05,0.6,0.9653065806752034,0.852852231950902,0.8463651637730446,0.912491002270663,0.7101990829943042,0.35461858610662356,0.4514018646158776,,,
0.4,0.2,0.1,0.15,0.15,0.6,0.9652980353677753,0.8751005247039861,0.8425061252908538,0.9014955912806539,0.6992935622457283,0.378172160904685,0.4709076021789634,,,
0.2,0.2,0.1,0.05,0.15,0.6,0.96528477698933,0.8799576377905896,0.8376178775729373,0.8989757048138056,0.7083546769731489,0.36307180872374795,0.4914747299527357,,,
0.4,0.1,0.05,0.05,0.1,0.3,0.9652692946813295,0.8335247639699958,0.8401793151959907,0.9178910463215258,0.726634002441009,0.310406268174475,0.4526062609949531,,,
0.3,0.1,0.15,0.05,0.2,0.6,0.9652665076008131,0.8805822198251814,0.8366607252550564,0.8970402334241598,0.7121119804719284,0.3558879308562197,0.4970811079067532,,,
0.4,0.1,0.0,0.05,0.2,0.3,0.9652285065020616,0.8623616468166884,0.8203605983533202,0.906058732061762,0.7401689275834011,0.2965749479806139,0.5009118633341344,,,
0.4,0.3,0.15,0.05,0.1,0.4,0.9651624781418499,0.7669140302027153,0.8487275172722392,0.9338051117166212,0.720759002441009,0.2596810642972536,0.40036132404069535,,,
0.4,0.2,0.05,0.05,0.1,0.3,0.9651496335832912,0.7986034499535056,0.8409716472167531,0.9288273773841962,0.7297638567941416,0.27620635411954764,0.4282276750781062,,,
0.2,0.2,0.05,0.05,0.15,0.5,0.965099675088309,0.8788488593391606,0.8330609593699659,0.8999581675749319,0.7149671480878763,0.350008453634895,0.49908657309941523,,,
0.3,0.1,0.1,0.05,0.2,0.5,0.9650810331482861,0.8796320027276672,0.8324155539645607,0.8977912397820164,0.7186387461350692,0.34315446526655896,0.5047129697989265,,,
0.2,0.2,0.15,0.2,0.2,0.6,0.9650772039644668,0.8920221186287273,0.8415561641310184,0.8901413306085377,0.6784970146460537,0.40342590694668823,0.49784699991989106,,,
0.3,0.2,0.05,0.05,0.1,0.5,0.9649886145095089,0.8641103584154732,0.8397729346697692,0.9070065304268846,0.7149906143205859,0.35047631922455574,0.46954110406152366,,,
0.3,0.2,0.1,0.05,0.1,0.6,0.9649468820632012,0.8666621990205196,0.8437019414712725,0.9047281307901908,0.7084445158665582,0.36278911470113084,0.4661584990787471,,,
0.4,0.2,0.0,0.15,0.05,0.3,0.9649238298061047,0.840594619155663,0.8470277001968857,0.9171099591280654,0.6996609056143206,0.3578285861066236,0.4368318828807178,,,
0.3,0.0,0.15,0.1,0.05,0.3,0.9648892720623169,0.8522264647696981,0.8582819522104886,0.9010051598546776,0.6756028755085435,0.3947900025848142,0.43122500024032684,,,
0.2,0.3,0.0,0.05,0.05,0.5,0.964850896071014,0.8618181651478519,0.8414013289779847,0.9101167279745686,0.7110469804719284,0.3580869906300485,0.4613767623167508,,,
0.2,0.0,0.15,0.05,0.2,0.4,0.9648424405825414,0.8892634505734301,0.8337401136567031,0.8890543646684832,0.7094081993490643,0.35295908691437805,0.5242663409436834,,,
0.4,0.1,0.15,0.05,0.15,0.6,0.9647986195041274,0.8681344105387142,0.8420099298371219,0.9025427079927338,0.7120067925142392,0.35610047043618737,0.4727651867339581,,,
0.2,0.2,0.1,0.2,0.2,0.5,0.9647446668857856,0.8924382933482115,0.8385565865401825,0.8903929995458674,0.6814062929210741,0.39612297705977384,0.5077489218937755,,,
0.2,0.2,0.0,0.15,0.05,0.3,0.9647425575555815,0.8774805671316099,0.8462452183640594,0.9026817820163487,0.67776211635476,0.41353071405492725,0.45425882672434514,,,
0.2,0.3,0.05,0.05,0.05,0.6,0.9647232513359866,0.8648460925175129,0.8454904469303741,0.9072278056312443,0.7044329170056957,0.37061924846526656,0.4586729287831451,,,
0.4,0.3,0.15,0.05,0.05,0.5,0.9646940534277644,0.7884650612609262,0.8531199552532666,0.9272756366939147,0.7134794271765663,0.2925619444264943,0.4098696294160058,,,
0.3,0.3,0.0,0.05,0.2,0.6,0.9646705298671052,0.8728441051143759,0.8276753341686057,0.9034468451407811,0.7255965890968267,0.330063313085622,0.5004696715533125,,,
0.4,0.1,0.1,0.05,0.15,0.5,0.9645973202617082,0.8659326650796604,0.8382198802577412,0.9043390681198911,0.7184660838079739,0.3442346306946688,0.476632902667628,,,
0.4,0.3,0.0,0.2,0.1,0.5,0.9645669673989862,0.8699072376170107,0.8427747027027026,0.9060257234332425,0.6949594296175753,0.38457389014539584,0.45867892718096615,,,
0.2,0.2,0.05,0.15,0.05,0.4,0.9645057777683987,0.8783504871117723,0.8500097877214964,0.9001489495912807,0.6736154052074858,0.4207620374798061,0.4514990523111432,,,
0.4,0.2,0.05,0.1,0.05,0.4,0.964441738927604,0.8349059548447089,0.8494709387864686,0.917380487284287,0.7070392082994305,0.3447592323101777,0.43747627701674274,,,
0.4,0.2,0.05,0.05,0.1,0.5,0.9644402790350861,0.8514041313247783,0.8410850823339896,0.9125084831970935,0.7199510707892596,0.33700217899838447,0.46057683409436834,,,
0.2,0.2,0.1,0.15,0.05,0.5,0.9642881864566145,0.8788347359246172,0.8527957839627708,0.8980584141689373,0.670597742066721,0.42565152568659126,0.4496200100937275,,,
0.4,0.1,0.0,0.1,0.2,0.3,0.9642845866597011,0.8736744832682413,0.8249883141220692,0.9013820118074478,0.7290547591537835,0.3218006481421648,0.508457902587519,,,
0.4,0.3,0.05,0.2,0.1,0.6,0.9641521638348296,0.8714005669580311,0.8457382529085377,0.9041751607629428,0.6907699804719284,0.3927695192245557,0.4565799049907875,,,
0.2,0.2,0.0,0.05,0.2,0.4,0.9641384164329375,0.8779333944330792,0.8205991215321281,0.8978716612170754,0.7274731114727421,0.3174183237479806,0.5255741233677802,,,
0.4,0.2,0.0,0.2,0.2,0.4,0.9641314351135011,0.8828109207116732,0.8337112580991587,0.8983907897366031,0.7051077876322213,0.3656060458804523,0.5002796201233678,,,
0.2,0.2,0.15,0.15,0.05,0.6,0.9640736966669875,0.8791177870187837,0.8549144105960266,0.8963564709355132,0.6683135101708706,0.4291881260096931,0.4482561315388929,,,
0.3,0.3,0.0,0.05,0.05,0.5,0.9640436375342377,0.8480574321740748,0.842675577411849,0.9159163596730245,0.7171601594792514,0.3423097841680129,0.45308975438596494,,,
0.4,0.3,0.0,0.05,0.15,0.6,0.9640396345570907,0.8612974302895047,0.8331470492214069,0.9093176167120799,0.7256219259560619,0.3316220290791599,0.47740448738284064,,,
0.3,0.0,0.15,0.05,0.05,0.3,0.9640291814604958,0.8351550144938318,0.8564543042777877,0.9075444250681199,0.6958889536208299,0.354914920193861,0.4332677141712729,,,
0.3,0.2,0.0,0.05,0.1,0.4,0.9639912767267975,0.8604668678445231,0.8345709654555217,0.909794040417802,0.7231799422294548,0.3356290920840065,0.47388469630697744,,,
0.4,0.2,0.05,0.1,0.05,0.3,0.9639881109404148,0.8036583269977062,0.8499507862896009,0.9255282316076294,0.7107229316517494,0.3104191567043619,0.4206523452695666,,,
0.4,0.2,0.1,0.1,0.05,0.3,0.9639871696489114,0.7827376657119831,0.8541117302666905,0.9283308065395095,0.7066969357200976,0.2953329253634895,0.40553576944644715,,,
0.2,0.3,0.05,0.15,0.2,0.6,0.9639761098936993,0.886503695195586,0.8344860035797386,0.8953195499545867,0.6997277111472743,0.37202285492730214,0.5069476832492189,,,
0.2,0.2,0.05,0.2,0.2,0.4,0.9639696404730267,0.8926607781538652,0.8345828389117594,0.8905265690281563,0.6848422359641986,0.38671612019386103,0.5208305969718817,,,
0.4,0.2,0.05,0.2,0.2,0.5,0.9639567037274309,0.8833499743351312,0.8374288637909433,0.8977291221616711,0.6996991960943857,0.37693536090468494,0.4924039436033005,,,
0.4,0.3,0.15,0.1,0.1,0.3,0.963952048191754,0.7441539620854256,0.850812815822445,0.9379024841053587,0.7128292644426363,0.24805722907915995,0.3829170672114075,,,
0.4,0.2,0.0,0.05,0.1,0.3,0.9638835820514741,0.8188637908375179,0.8358403232504027,0.9249017261580381,0.7340786354759967,0.2892318636510501,0.4460962268685412,,,
0.4,0.3,0.05,0.05,0.05,0.5,0.9637722159336201,0.8197605549314984,0.8473604646500805,0.9229271049046323,0.7195533970707892,0.31606021906300485,0.4339812118881679,,,
0.3,0.2,0.0,0.05,0.05,0.3,0.9637320682630408,0.8263911377347964,0.8421590313227134,0.9226553451407811,0.7236542310821806,0.31449583263327946,0.4425069904670352,,,
0.3,0.3,0.0,0.2,0.15,0.5,0.9637284588418529,0.8829128102907445,0.8382953778414176,0.899626866030881,0.6946797965825875,0.3861577699515348,0.4860874536569735,,,
0.4,0.2,0.05,0.2,0.05,0.4,0.9637262967469976,0.8589516639513979,0.851784111329873,0.9077304650317893,0.6791980284784378,0.4019270378029079,0.4358726219658736,,,
0.3,0.1,0.05,0.05,0.2,0.4,0.9637053796130902,0.8780592379145745,0.8268425165562914,0.8984208737511353,0.7266123474369406,0.3279490339256866,0.514538695505888,,,
0.4,0.2,0.1,0.2,0.05,0.5,0.9636813601129088,0.8620865458558056,0.8542328986933955,0.9046656335149864,0.6759592416598861,0.4087872368336026,0.4359939210125771,,,
0.2,0.1,0.05,0.1,0.1,0.3,0.9636759184021026,0.8836298499783027,0.840407040809021,0.8970302579473206,0.6952322758340114,0.3859236239095315,0.48626590771449174,,,
0.4,0.2,0.1,0.2,0.2,0.6,0.9636759184021026,0.8836298499783027,0.840407040809021,0.8970302579473206,0.6952322758340114,0.3859236239095315,0.48626590771449174,,,
0.2,0.2,0.0,0.05,0.15,0.4,0.9636618302211729,0.876985931237989,0.8269208741721855,0.9008239841053588,0.723148655817738,0.33399031470113083,0.5091265968116638,,,
0.3,0.3,0.05,0.2,0.15,0.6,0.9636595805850188,0.8832439923377349,0.8414193756935743,0.8987433074477748,0.6904343311635477,0.3945636336025848,0.4801660349275014,,,
0.3,0.1,0.05,0.15,0.1,0.3,0.9636295288506994,0.8787775860641001,0.8435981068551995,0.8992021562216167,0.688035276647681,0.396952298546042,0.4679084069534567,,,
0.2,0.3,0.15,0.05,0.05,0.3,0.9635723601264091,0.7320143210216353,0.853330159835332,0.9382946752951862,0.707313376729048,0.24383893893376413,0.36910890010414166,,,
0.4,0.2,0.15,0.2,0.05,0.6,0.9635694016743125,0.8643969528237556,0.8561137759083587,0.9021980290644868,0.6734164361269325,0.41396465460420034,0.43614597212208606,,,
0.4,0.2,0.05,0.1,0.1,0.5,0.9635235306012324,0.8613588762011035,0.8424312638267406,0.9081114545867394,0.7093776550040684,0.35981208142164783,0.461940139069134,,,
0.4,0.2,0.0,0.2,0.05,0.3,0.9635136730939883,0.8544916941541132,0.8484941458743512,0.9115002801998183,0.6834686013018714,0.39249251696284326,0.43580991732756547,,,
0.3,0.0,0.1,0.1,0.15,0.3,0.9634919439285179,0.8840887869815883,0.8385510621084661,0.8938962833787466,0.7032465272579332,0.37121835088852995,0.49633891772811023,,,
0.2,0.0,0.1,0.05,0.2,0.3,0.9634516127906003,0.8886123688549997,0.82719230356184,0.8890827016348775,0.7185427038242473,0.33384041680129245,0.5421533775534727,,,
0.4,0.1,0.05,0.05,0.15,0.4,0.9634134988343988,0.8628477599156903,0.8333048269196349,0.9064610917347865,0.7263919731489016,0.33016303327948304,0.48149930032844673,,,
0.4,0.1,0.1,0.1,0.05,0.3,0.9633921405121216,0.8177032936829708,0.8538087435117236,0.9178383501362397,0.700663509357201,0.33603563101777056,0.42491654698389814,,,
0.4,0.2,0.1,0.1,0.1,0.6,0.9633089438380698,0.8640031945942596,0.845758755861822,0.9056093269754768,0.7037228120423108,0.37064215638126013,0.4595349879035488,,,
0.2,0.1,0.05,0.05,0.05,0.3,0.9633089438380698,0.8640031945942596,0.845758755861822,0.9056093269754768,0.7037228120423108,0.37064215638126013,0.4595349879035488,,,
0.2,0.2,0.15,0.2,0.15,0.6,0.9632732706412082,0.8908440965346228,0.8456530451047074,0.8908021021798366,0.6716621025223759,0.4202955631663974,0.48203297508611714,,,
0.3,0.3,0.0,0.1,0.05,0.5,0.9632133687292362,0.8589951383795177,0.8442938997673171,0.9112473374205268,0.7052955183075671,0.36779870500807754,0.45404466266121923,,,
0.2,0.1,0.1,0.1,0.1,0.4,0.9631361921465096,0.8837821210836279,0.8449575247896904,0.8956096153496821,0.6883407607811228,0.3990101021001615,0.47737942609949535,,,
0.2,0.3,0.0,0.15,0.2,0.5,0.9631292940270663,0.8859219291550431,0.8301858849114016,0.8956126389645777,0.7047117054515867,0.36097787915993534,0.5170818069374349,,,
0.3,0.2,0.05,0.2,0.05,0.4,0.963124404859382,0.8735541978550616,0.851685476821192,0.9012385990009083,0.6688177274206673,0.4261899399030695,0.44204129472082027,,,
0.3,0.3,0.05,0.1,0.05,0.6,0.9631227235164969,0.8620973656189944,0.8476702854841597,0.908260153496821,0.6996036590724166,0.3785290171243942,0.45229201441961064,,,
0.3,0.2,0.1,0.2,0.05,0.5,0.9630951444369467,0.8746270055173269,0.8541041832826204,0.8990636435059037,0.6666907664768104,0.42989167689822294,0.44165771385083713,,,
0.4,0.2,0.1,0.05,0.1,0.3,0.9630716578028621,0.7780758589300105,0.8459055502058349,0.9318261380563124,0.7257569959316517,0.2653889395799677,0.4130020168228791,,,
0.3,0.2,0.0,0.2,0.05,0.3,0.9630540998846866,0.8719386270658979,0.8484698981564346,0.9039617157129882,0.6716678030919447,0.4209727211631664,0.44259255483457505,,,
0.3,0.2,0.15,0.2,0.05,0.6,0.9630331428585002,0.8753812503130618,0.8559664233040988,0.8973023664850136,0.6650392660699755,0.43262776090468497,0.4413832804614275,,,
0.4,0.0,0.1,0.15,0.15,0.3,0.9630259732127225,0.8796242803545967,0.8413860862717022,0.8960404523160763,0.6962253482506102,0.38265424168012924,0.47879963486341426,,,
0.3,0.1,0.1,0.15,0.1,0.4,0.9629952499746997,0.8794335881718431,0.8473380266690531,0.8973749959128066,0.6827490105777054,0.40685021260096926,0.4632515714171273,,,
0.4,0.3,0.05,0.1,0.05,0.6,0.9629713921248088,0.8505335788233835,0.8484104005727582,0.9129260899182561,0.7054842538649309,0.3627621789983845,0.44700215172634783,,,
0.3,0.0,0.1,0.05,0.1,0.3,0.9629256032391169,0.8668946149897712,0.8423389706461427,0.9012280790190735,0.7107129902359642,0.3577563928917609,0.47178710518304895,,,
0.4,0.2,0.0,0.1,0.1,0.4,0.9628975726710238,0.8577230365879362,0.8381594612493288,0.9110551634877384,0.7164524890154598,0.34682108303715675,0.4649871687895538,,,
0.2,0.1,0.15,0.1,0.1,0.5,0.9627923068230727,0.8836807764428739,0.8483066400572759,0.894293217075386,0.6833180097640358,0.40781188368336024,0.4713071779219739,,,
0.4,0.2,0.1,0.05,0.05,0.5,0.9627470715657576,0.8302782042030873,0.8510002099516735,0.9171904722979111,0.712682995117982,0.3356668432956381,0.438002536409517,,,
0.3,0.1,0.15,0.05,0.05,0.5,0.9627335349430957,0.8551305616514785,0.8542246243064257,0.9052698492279745,0.6972031342554923,0.37582155088852987,0.44621587519025874,,,
0.2,0.2,0.1,0.2,0.15,0.5,0.9627165592933186,0.8914997758105511,0.8430962385895829,0.8912311884650318,0.6740595899104963,0.4154235715670436,0.4897273434270608,,,
0.4,0.0,0.15,0.05,0.1,0.4,0.9626905145610282,0.8538526540946004,0.8482776171469483,0.9050948623978201,0.7090513539462978,0.35393717738287567,0.45706357446126733,,,
0.3,0.1,0.15,0.15,0.1,0.5,0.9626207676414139,0.8797846135763436,0.8501933445498479,0.8958064659400545,0.678813297803092,0.41371167237479806,0.4599076745974525,,,
0.3,0.0,0.15,0.1,0.15,0.4,0.9625929487740518,0.8842181010476722,0.8428692625738321,0.8930124309718438,0.6958615362082995,0.3857977369951535,0.48682300360490266,,,
0.3,0.1,0.1,0.05,0.05,0.4,0.9625775309996192,0.8500399604240283,0.8514672598890282,0.9090033160762943,0.7041356997558992,0.36255371308562195,0.4476618401025395,,,
0.2,0.1,0.1,0.05,0.05,0.4,0.9625143958594717,0.8675567499101109,0.8505496194737784,0.9017824663941871,0.6951708600488202,0.3868146888529887,0.4559870375710967,,,
0.3,0.0,0.15,0.15,0.05,0.3,0.9624185241428871,0.8665055572996094,0.8592857435117236,0.8937876698455949,0.6549600048820179,0.4343918248788369,0.4298249039493711,,,
0.3,0.1,0.15,0.2,0.2,0.5,0.9623550119441654,0.8915138606162049,0.8420113071415787,0.8897153492279746,0.6816128087876322,0.40383276252019384,0.4967272474565409,,,
0.3,0.0,0.15,0.05,0.1,0.4,0.9623110979660698,0.8696950669642304,0.8471248206550922,0.8986338723887376,0.701965539462978,0.3743749841680129,0.4667533448690219,,,
0.2,0.2,0.0,0.2,0.2,0.3,0.9622779278420457,0.8924385105201166,0.82887454465724,0.8904165999091734,0.6888009039869812,0.37456051760904685,0.5379792793399023,,,
0.4,0.3,0.0,0.1,0.15,0.6,0.9622521768344814,0.8690754610873475,0.8351790266690532,0.9060661130790191,0.7173820292921074,0.35109892600969306,0.4804631868941761,,,
0.3,0.2,0.1,0.15,0.2,0.6,0.9621898899469049,0.8858284946252557,0.8380466389833542,0.8953039582198001,0.6992672620016273,0.3796771483037157,0.4983328475526716,,,
0.3,0.1,0.1,0.2,0.2,0.4,0.9621677016366432,0.8920917160498418,0.8389556588509038,0.8900223637602179,0.6854113043124491,0.3954611153473344,0.5072182733317312,,,
0.4,0.0,0.15,0.15,0.15,0.4,0.9620654941783834,0.8801772060752587,0.8450365074279578,0.8948092829246139,0.690253772172498,0.3944114694668821,0.47299946487222627,,,
0.4,0.2,0.0,0.05,0.1,0.4,0.9620048118480791,0.8457999848986424,0.8365277372471809,0.9159058910081743,0.7282653222131815,0.3227944529886914,0.46344293455098934,,,
0.4,0.2,0.05,0.05,0.2,0.6,0.9619869317980948,0.8720428652408406,0.8316777580096653,0.9031466575840145,0.7246991716842962,0.33829193150242326,0.494756139069134,,,
0.3,0.2,0.05,0.15,0.2,0.5,0.9619678235246524,0.8855699975450995,0.8345314476463218,0.8958000994550409,0.7043287868185517,0.3694724491114701,0.5067483694624689,,,
0.2,0.1,0.15,0.05,0.05,0.5,0.9619527028177352,0.8698097746698902,0.8537679165920887,0.8990259750227066,0.6890247843775428,0.39780432310177705,0.4535049597051991,,,
0.3,0.3,0.0,0.05,0.15,0.6,0.9619435425628671,0.8709215117723639,0.832299672274924,0.9050995731153497,0.7222292164361269,0.34314184361873995,0.48971122871104705,,,
0.2,0.0,0.15,0.15,0.05,0.3,0.9619212310790102,0.8857462901246047,0.8585636601038125,0.8836010122615804,0.6348544369406021,0.469931969628433,0.43966804742449733,,,
0.4,0.3,0.0,0.15,0.2,0.6,0.9618849463972021,0.878058149327382,0.8334618285305173,0.9015399645776567,0.7129758641171684,0.3585598100161551,0.49501249619482496,,,
0.4,0.3,0.1,0.05,0.15,0.3,0.9618308791214406,0.7577140144318393,0.8381833427599786,0.9378519772933698,0.7318946672091131,0.23562215961227786,0.40169685716574544,,,
0.2,0.2,0.05,0.2,0.15,0.4,0.9618196689593261,0.8921065046432336,0.8398205093968141,0.8916491298819256,0.6770087518307567,0.4088371450726979,0.5003777619162061,,,
0.3,0.1,0.05,0.2,0.2,0.3,0.9617861081477445,0.8925218483912962,0.8349280613925183,0.8902428905540418,0.6901359039869812,0.3840710455573506,0.5216025623648162,,,
0.4,0.3,0.05,0.05,0.05,0.6,0.9617739912668066,0.8408811295022007,0.8473234977626634,0.9164349532243415,0.7157084621643612,0.34266686268174473,0.44706852663622526,,,
0.2,0.3,0.05,0.15,0.15,0.6,0.9617197040993415,0.8854927157150828,0.8388569883658493,0.8969293274296095,0.6945095988608625,0.38857924911147007,0.49278763470319636,,,
0.4,0.3,0.0,0.1,0.05,0.5,0.9616818301464197,0.8458011099621847,0.8453307981027386,0.9161024082652135,0.711547230268511,0.35187056607431344,0.44821466554514144,,,
0.4,0.1,0.05,0.2,0.1,0.3,0.9616235724853305,0.8737288607277912,0.8456818541256488,0.9005569922797457,0.6818978763222132,0.40582318642972537,0.4555026669871024,,,
0.2,0.2,0.15,0.2,0.1,0.6,0.961605739387959,0.8888449633376727,0.8501656128512618,0.8915765549500454,0.6638990056956875,0.4370825932148627,0.46632337643194743,,,
0.4,0.1,0.1,0.2,0.1,0.4,0.9614566931177768,0.8749974848676461,0.848947333273671,0.8985424414168937,0.6778481383238405,0.4133611605815832,0.4531736560121766,,,
0.4,0.1,0.15,0.2,0.1,0.5,0.9613866160490732,0.8758480054305374,0.8514757442276715,0.8968657361489555,0.6747589926769731,0.41875076898222935,0.4514474800929264,,,
0.3,0.2,0.0,0.15,0.2,0.4,0.9612158881252391,0.8849636654640133,0.8299836939323428,0.896214934150772,0.7104809153783564,0.356772913085622,0.5175636194824962,,,
0.3,0.3,0.0,0.05,0.05,0.3,0.9611566425265549,0.7872791323290559,0.842392341149096,0.9329983910081744,0.7274831310008136,0.2762562726978998,0.41800044957141713,,,
0.2,0.3,0.0,0.15,0.15,0.5,0.9610971351004022,0.8851663681606845,0.8351058376588509,0.8975376312443234,0.6994001187957689,0.37891522584814213,0.5012959575422574,,,
0.4,0.3,0.05,0.15,0.05,0.6,0.9610339922387107,0.8592996543053747,0.8494045971004116,0.908998732061762,0.6952567485760781,0.38552733764135705,0.4472733580068894,,,
0.4,0.2,0.15,0.1,0.05,0.3,0.961020934589196,0.762472832533631,0.8578530436728119,0.9303383492279744,0.7031896899918634,0.2832070798061389,0.3924147618360971,,,
0.2,0.2,0.1,0.2,0.1,0.5,0.9609449175481861,0.8896122679561093,0.8479795059960623,0.8922652520435967,0.6654525777054516,0.4348693886914378,0.47116351261715933,,,
0.3,0.1,0.1,0.05,0.15,0.5,0.9609409872266331,0.8773904575289815,0.8376264843386433,0.8992953083560399,0.7139039731489015,0.36035425848142166,0.4914365413762717,,,
0.3,0.1,0.15,0.05,0.15,0.6,0.9608753716317397,0.8783181793069246,0.8414787338464291,0.8980253410535877,0.7074420756712775,0.3720907560581583,0.4852975880797885,,,
0.4,0.3,0.0,0.1,0.05,0.3,0.9608450587397437,0.78981920590168,0.8460094435296223,0.9316691857402362,0.7194008283157037,0.29023727689822293,0.416934826884563,,,
0.4,0.3,0.0,0.15,0.05,0.5,0.9608128205519307,0.8560618062116422,0.846553861464113,0.9119523269754769,0.70018532546786,0.37637644006462034,0.4484163068172715,,,
0.4,0.0,0.1,0.05,0.1,0.3,0.9607926645616093,0.8477509465501208,0.8442416459638445,0.9088000154405086,0.7180991114727421,0.33804080904684974,0.46024467948409836,,,
0.4,0.1,0.0,0.05,0.15,0.3,0.960792315095976,0.8582934796106875,0.8267994483622696,0.9089721099000908,0.7362922522375915,0.3127650630048465,0.4877761358647761,,,
0.4,0.0,0.15,0.05,0.2,0.5,0.9607458004223035,0.8781097533196951,0.8363971458743511,0.8969978628519528,0.7175913490642799,0.35298226106623587,0.49743886581751184,,,
0.2,0.2,0.1,0.05,0.1,0.6,0.9607203916073952,0.8775139192858472,0.8430347105781278,0.9001028578564941,0.7031344434499593,0.3807366830371567,0.478651236561724,,,
0.2,0.0,0.15,0.05,0.15,0.4,0.9607050550392988,0.8879604523216168,0.8396327542509396,0.8899985222524978,0.7023059104963385,0.37596836187399035,0.5051155884002243,,,
0.2,0.2,0.05,0.05,0.1,0.5,0.9606396012661802,0.8764242338354722,0.8389886710220154,0.9017182742960945,0.7096251391375101,0.3692383560581583,0.4844219440839542,,,
0.3,0.2,0.15,0.05,0.05,0.3,0.9606148914197488,0.7567135796168867,0.8562021063182388,0.9319425653950955,0.7103438689991863,0.2691664180936995,0.3908323185131779,,,
0.4,0.1,0.1,0.1,0.15,0.5,0.9606094247032603,0.8744855580683156,0.8402535756219796,0.9005554000908266,0.7084181887713588,0.36916058998384493,0.4801240644075943,,,
0.2,0.0,0.1,0.05,0.15,0.3,0.9605418704356212,0.8880080670262227,0.8341744959727939,0.8904497584014532,0.711355625711961,0.358331289822294,0.5201698349755668,,,
0.4,0.1,0.05,0.1,0.15,0.4,0.9604803312508788,0.872940094278098,0.8360072001073923,0.9021139123524069,0.7153924670463792,0.35645355864297257,0.48575797003925336,,,
0.3,0.2,0.05,0.1,0.1,0.5,0.9604300075843909,0.8733990501766785,0.8418919246465008,0.9029309282470481,0.7039208820179008,0.37816321615508885,0.4728587725706962,,,
0.2,0.2,0.0,0.2,0.15,0.3,0.9603732130605349,0.8925236498171223,0.8353348541256489,0.8919387970027248,0.6806166029292108,0.39949366009693055,0.515615831610991,,,
0.4,0.1,0.15,0.1,0.15,0.6,0.960369526963636,0.8755497823569526,0.8435885349919455,0.899121396003633,0.7027931798209927,0.3793773040387722,0.47571208715853563,,,
0.3,0.2,0.1,0.1,0.1,0.6,0.9603323739226105,0.8746292520488501,0.8453121501700376,0.9011554568574023,0.6983850895036615,0.3879139877221324,0.468947493070576,,,
0.3,0.1,0.05,0.05,0.05,0.3,0.9603307347940506,0.8424037875147231,0.8475197206013961,0.9137292742960945,0.7135384353132628,0.3459237899838449,0.44978767956420734,,,
0.3,0.2,0.0,0.1,0.1,0.4,0.9602911068356715,0.8715942405306553,0.8374340102022552,0.9048981439600363,0.7109263856794141,0.36545847043618734,0.47795850356484815,,,
0.3,0.1,0.05,0.05,0.15,0.4,0.9602629077044889,0.875913780745149,0.8325959747628424,0.9005800640326975,0.7219493490642799,0.34583495121163166,0.4993915545942482,,,
0.3,0.0,0.15,0.2,0.05,0.3,0.9602215621734329,0.8782712426012026,0.859525910506533,0.8862449196185286,0.6328138323840521,0.47040585589660744,0.42922322262276696,,,
0.4,0.2,0.0,0.05,0.2,0.5,0.9602093372354527,0.8699378441510135,0.8269021580454626,0.9042218778383289,0.7316184654190399,0.3261726591276252,0.5010357018344949,,,
0.3,0.1,0.0,0.05,0.2,0.3,0.9601989296344642,0.8753578262475978,0.8191139291211742,0.8988834827429609,0.736477858421481,0.30951439676898224,0.5274054887446928,,,
0.2,0.3,0.05,0.1,0.05,0.6,0.960177643134125,0.8734667890893311,0.8471672613209235,0.9032870649409628,0.6933782327095199,0.3973944930533118,0.4612164301850517,,,
0.3,0.3,0.0,0.1,0.2,0.6,0.9601560534482085,0.8797130514661212,0.8304635605870772,0.9000219609445959,0.7173778844589097,0.3513855347334411,0.5066702457742529,,,
0.4,0.2,0.1,0.05,0.05,0.4,0.9599575161526658,0.8023543650610625,0.8514302255235368,0.923923908719346,0.7168249373474369,0.3067477783521809,0.4238616236481615,,,
0.4,0.1,0.15,0.05,0.05,0.4,0.9599516155139926,0.8145051658793627,0.8546638426704851,0.9171765267938239,0.7086076899918633,0.32748216090468496,0.4277139685972923,,,
0.4,0.2,0.0,0.1,0.05,0.3,0.9599495230225207,0.8247596563139298,0.84556029013782,0.9217862484105358,0.7153185923515053,0.3291291108239095,0.43819454073540015,,,
0.2,0.2,0.0,0.05,0.1,0.4,0.9599430580027196,0.8746658306614592,0.8335708288884912,0.9034234809264305,0.7178709658258747,0.35431263198707597,0.49213502875911236,,,
0.2,0.3,0.0,0.1,0.05,0.5,0.9599117222785177,0.8719979745831008,0.8436647093252193,0.9054380653950953,0.6987448112286412,0.3885103657512116,0.46441128927341185,,,
0.4,0.0,0.1,0.05,0.2,0.4,0.959899301304855,0.876822898245614,0.8317145958475032,0.8979021780199818,0.7254166541903987,0.3390900575121163,0.505470013938957,,,
0.2,0.2,0.05,0.2,0.1,0.4,0.9598516255899119,0.8904452968073895,0.8452544515840343,0.8929913437783833,0.66743039544345,0.4318505447495961,0.47807618056556916,,,
0.3,0.3,0.05,0.2,0.1,0.6,0.9597597255652551,0.8809358014258261,0.8456890954000358,0.8996986861943688,0.6845525874694873,0.41110098610662354,0.46752933509573025,,,
0.3,0.1,0.15,0.2,0.15,0.5,0.9595178944217732,0.8897479749054614,0.8463755056380885,0.8905160971843779,0.6740983832384052,0.42261593667205166,0.48010987070415767,,,
0.4,0.2,0.1,0.2,0.15,0.6,0.9594920421943703,0.8814824848552476,0.8442377621263647,0.8978730749318801,0.6899342009764036,0.4017657686591276,0.47457275975326446,,,
0.4,0.0,0.1,0.1,0.1,0.3,0.9594463580737693,0.8619450327196082,0.8453690059065688,0.9026512929155313,0.7027769243287225,0.37075435605815826,0.46120822831050223,,,
0.2,0.2,0.15,0.2,0.05,0.6,0.9594451283726777,0.8857706649804723,0.8553023429389655,0.8917797992733878,0.6551992587469487,0.4536227735056543,0.45147666025795086,,,
0.4,0.2,0.05,0.2,0.15,0.5,0.9593902691201276,0.8811889159010602,0.8415186031859674,0.8989311462306994,0.6940986289666395,0.39466574087237477,0.4791263089001041,,,
0.4,0.3,0.0,0.05,0.1,0.6,0.9593580773787143,0.8575729661645279,0.8383560739216037,0.9111488337874659,0.722193506916192,0.3445730972536349,0.46938241240086515,,,
0.3,0.3,0.0,0.2,0.1,0.5,0.9593443983188524,0.880579756171347,0.8428999926615356,0.9010289891008174,0.6883779275834011,0.4050719961227787,0.4715512041977089,,,
0.3,0.1,0.15,0.1,0.05,0.5,0.9593210489855114,0.865594064868886,0.8551576225165564,0.900123014986376,0.6839826126932466,0.40497366268174473,0.44662497348393815,,,
0.4,0.1,0.0,0.1,0.15,0.3,0.9593126914329503,0.8705841353666853,0.8304452461070342,0.9037486371480473,0.7241821220504475,0.3407547631663974,0.49314971849715616,,,
0.3,0.3,0.15,0.05,0.1,0.3,0.9593092606272668,0.7362426870497799,0.8472997635582603,0.9390280367847411,0.7195537729861676,0.2358254197092084,0.38093878154289834,,,
0.3,0.1,0.1,0.1,0.05,0.4,0.9592649044198075,0.8627969191742607,0.8525653001610882,0.9030701280653951,0.6888681098454028,0.39638166268174474,0.4479276036209245,,,
0.2,0.2,0.1,0.1,0.2,0.6,0.9592604330634488,0.8877365029818363,0.8353003789153391,0.8931912988192553,0.7037103930024411,0.37328194442649437,0.5125856098694225,,,
0.4,0.2,0.0,0.2,0.15,0.4,0.9592466523555865,0.8806739092926662,0.8381637771612673,0.9000131435059038,0.6992606997558991,0.38539636187399035,0.485028353921333,,,
0.4,0.0,0.15,0.1,0.1,0.4,0.9592112815935291,0.8652775871303701,0.849189474136388,0.8998458642143506,0.6957530683482506,0.38433750759289176,0.4580206318993832,,,
0.3,0.1,0.05,0.1,0.05,0.3,0.9591371365348167,0.8586258682288761,0.8489114728834795,0.9070129264305177,0.695534688364524,0.38403993925686597,0.4497999386365457,,,
0.3,0.3,0.05,0.15,0.05,0.6,0.9591355003083043,0.8703547482487137,0.8489794728834795,0.9039842797456857,0.6890336818551668,0.4033548316639741,0.45371037106464795,,,
0.4,0.2,0.1,0.15,0.1,0.6,0.9591345657255127,0.8716549135205506,0.8470328850903883,0.9018870781108084,0.6940856842961757,0.3942793453957997,0.46125406568933747,,,
0.4,0.2,0.05,0.15,0.1,0.5,0.9591307516291123,0.8702133272084805,0.8440648764990156,0.903741161671208,0.6988009739625712,0.3860302126009693,0.4639115209484899,,,
0.4,0.2,0.0,0.15,0.1,0.4,0.9590850464465424,0.8682134372574546,0.8402836035439414,0.9059523365122616,0.7046932457282343,0.3753278533117932,0.46730730064888243,,,
0.4,0.3,0.05,0.1,0.05,0.3,0.9590821932276096,0.7697695983633996,0.8506451576874887,0.9342494709355131,0.7156489056143206,0.2783862785137318,0.4029401506048225,,,
0.4,0.2,0.15,0.05,0.05,0.4,0.9589827820489817,0.7840218979108549,0.8546892845892249,0.9260611762034514,0.7133615150528886,0.29425377964458804,0.41075903036129136,,,
0.4,0.1,0.15,0.15,0.2,0.6,0.9588789644517915,0.884459837852582,0.8411220132450331,0.8948000213442325,0.6986622245728235,0.3873811269789984,0.49116618697428505,,,
0.2,0.2,0.1,0.2,0.05,0.5,0.9588347470705291,0.886431504655632,0.8535169769106856,0.8927979545867394,0.6555703018714403,0.453932710177706,0.453527641432348,,,
0.4,0.1,0.15,0.1,0.05,0.5,0.9588094669209823,0.8516285080652161,0.855480092178271,0.9058373705722071,0.692203737184703,0.38437389531502425,0.4418286673075383,,,
0.3,0.3,0.0,0.15,0.05,0.5,0.9588002711116668,0.8686541345483851,0.8459990390191516,0.9063074913714805,0.6935242587469488,0.3960853486268175,0.45564461043018506,,,
0.4,0.1,0.1,0.15,0.2,0.5,0.9587965480500314,0.8843398585084621,0.8381056640415249,0.8954594050862852,0.7036654377542718,0.3783186649434572,0.49793165457021554,,,
0.3,0.1,0.1,0.2,0.15,0.4,0.9587643857152096,0.8905182436054802,0.8437528548415966,0.8910064813805632,0.6772454759967453,0.4174740995153473,0.4877218851237683,,,
0.3,0.2,0.1,0.15,0.15,0.6,0.9587442831949405,0.884162260417829,0.842304206013961,0.8965457910990009,0.6939623734743694,0.3962924025848142,0.4852768465913643,,,
0.4,0.3,0.0,0.05,0.05,0.5,0.9586753237513853,0.83444650221313,0.8441308714873814,0.9197515613079019,0.7227737217249797,0.3309213828756058,0.4484039110790675,,,
0.2,0.3,0.05,0.15,0.1,0.6,0.9586036874321101,0.8837199954621535,0.843572701807768,0.8983771752951862,0.6885874011391375,0.40613339256865916,0.4784976340623247,,,
0.4,0.2,0.15,0.05,0.1,0.3,0.9585534735476136,0.7579801445663629,0.8502797526400573,0.933962550862852,0.722191097640358,0.2563827599353796,0.3997695102138909,,,
0.4,0.1,0.15,0.05,0.05,0.5,0.958540092649455,0.8405120690595747,0.8542544805799176,0.9101357479564033,0.7049279715215623,0.3587007567043619,0.44256222286309377,,,
0.4,0.1,0.05,0.15,0.2,0.4,0.9585268974303501,0.8839948880044635,0.8343437052085197,0.8960642883742053,0.7097954157851912,0.3668111870759289,0.5066151768004487,,,
0.3,0.2,0.05,0.15,0.15,0.5,0.9583808869872386,0.8840190695431157,0.8391553622695543,0.89742089373297,0.6988161293734744,0.3878897718901454,0.49189707618360967,,,
0.2,0.1,0.15,0.15,0.2,0.5,0.9583691684756056,0.8939497375736161,0.8395825353499194,0.8875385004541326,0.6859521147274207,0.39862406849757676,0.5147664351518065,,,
0.4,0.0,0.15,0.2,0.2,0.4,0.9583523727086093,0.8904254042030872,0.8423409543583318,0.8892151285195278,0.6852363637103336,0.4045956452342488,0.4955607180966114,,,
0.4,0.0,0.1,0.2,0.2,0.3,0.958090742081598,0.8911008847808567,0.8391626393413281,0.8895554069028155,0.6901847803091944,0.39510584555735057,0.5064850736201234,,,
0.2,0.2,0.0,0.2,0.1,0.3,0.9580664084659087,0.8912959052507594,0.8416698455342759,0.8937444636693915,0.6700074426362898,0.4273546429725364,0.4886305513097813,,,
0.4,0.3,0.0,0.05,0.1,0.3,0.9580339152024656,0.7843316896410637,0.8369470368713083,0.9337889990917347,0.7365293913751016,0.2620583560581583,0.42413307650404547,,,
0.2,0.2,0.05,0.1,0.2,0.5,0.9580137974633548,0.887371572475358,0.831028197780562,0.8934315059037239,0.7094315736371033,0.36204112956381257,0.5235995408155091,,,
0.4,0.2,0.05,0.05,0.05,0.4,0.9579574168292632,0.8207145911102846,0.8480013019509577,0.9210574577656675,0.720555774613507,0.32188382940226173,0.43873830841945044,,,
0.4,0.3,0.0,0.15,0.15,0.6,0.9579242441520818,0.8760648099683838,0.8373765153033828,0.9028475935513169,0.7088860683482505,0.37322407625201937,0.4842411135143796,,,
0.4,0.1,0.15,0.05,0.1,0.6,0.9579238991645752,0.8638651503812534,0.8474792733130481,0.902934376475931,0.7073393848657445,0.3717252407108239,0.4643851034206521,,,
0.4,0.1,0.1,0.1,0.05,0.4,0.9579058212535909,0.8463317413675532,0.8531681592983712,0.9092560685740236,0.6979418413344183,0.37330527302100164,0.4427626434350717,,,
0.3,0.3,0.05,0.05,0.05,0.3,0.957863008630266,0.7648436743909243,0.8475514963307678,0.9358470622161672,0.7233842026037428,0.26467845428109854,0.4024831657454138,,,
0.2,0.2,0.05,0.2,0.05,0.4,0.9578593015501314,0.8872081031554151,0.8512811904420978,0.8939683487738419,0.6560193653376729,0.45434926591276253,0.4564494568613314,,,
0.4,0.2,0.05,0.05,0.15,0.6,0.9578452014909267,0.8694690753952018,0.836202387327725,0.9042614427792915,0.721141179007323,0.3517216213247173,0.48511189201313787,,,
0.3,0.1,0.0,0.05,0.15,0.3,0.9578158615243373,0.8734392954931498,0.825710379810274,0.9018138896457766,0.7321889633848657,0.32789210726978996,0.5100408328126252,,,
0.4,0.3,0.05,0.2,0.05,0.6,0.9578099654285583,0.8672096989895233,0.85040302452121,0.9048230281562216,0.6850422758340114,0.4085495147011308,0.4479232373628134,,,
0.2,0.3,0.0,0.15,0.1,0.5,0.9577607635285914,0.8835208363771619,0.8402802398424914,0.8995046430517711,0.6931703352318959,0.39883350048465266,0.4848011743971802,,,
0.3,0.2,0.0,0.15,0.15,0.4,0.9577457941437574,0.8836228771681854,0.8351539600859138,0.8982440971843779,0.7048584222945484,0.37692311663974154,0.5006137764960347,,,
0.4,0.2,0.05,0.1,0.2,0.6,0.9577434219472158,0.8788413984005952,0.8341075511007696,0.899817244777475,0.7165923873067535,0.35928703844911153,0.4997060033645758,,,
0.4,0.0,0.15,0.15,0.05,0.3,0.9577431617060613,0.8467680068687621,0.8586584207982817,0.9016900308810173,0.6704202644426362,0.4046050436187399,0.4274014337899543,,,
0.3,0.1,0.05,0.2,0.15,0.3,0.9577430920688347,0.891299936098196,0.8404078893860748,0.8915267356948229,0.6813317249796582,0.41011390823909527,0.49865954754466074,,,
0.4,0.1,0.0,0.15,0.2,0.3,0.9576160882478661,0.883238856016366,0.8294349332378738,0.8965996403269755,0.7174194987794955,0.35223387786752824,0.5181706197228231,,,
0.4,0.1,0.1,0.05,0.1,0.5,0.9575833194755048,0.8611711482487138,0.8443045736531233,0.9053735812897367,0.713629655817738,0.36082370145395803,0.46738765713370184,,,
0.3,0.2,0.1,0.05,0.05,0.6,0.9575499058273844,0.8619037134461596,0.8497356275281904,0.9055717257039055,0.7033673759153783,0.3798194287560582,0.4573355741408315,,,
0.4,0.0,0.05,0.05,0.2,0.3,0.9575389539515184,0.8747186140474863,0.8254976525863611,0.8987132484105358,0.7351862929210741,0.3222105085621971,0.5159146975887207,,,
0.3,0.3,0.0,0.05,0.1,0.6,0.9574094521673506,0.8681309968879796,0.8372789989260784,0.9063847543142597,0.7183260813669651,0.3578883857835218,0.47936707906753184,,,
0.4,0.3,0.0,0.2,0.05,0.5,0.9572939860006113,0.8652316026284793,0.8478126704850547,0.9072926062670299,0.6888031236777868,0.4025602164781907,0.4490607100857166,,,
0.4,0.0,0.15,0.2,0.05,0.3,0.9572784177584992,0.8600400169611307,0.8596648389117595,0.8953164741144414,0.6513321668022782,0.4393407295638126,0.42525150268364975,,,
0.4,0.2,0.1,0.05,0.05,0.6,0.9571834924795111,0.8497846967701941,0.8504709276892788,0.9103742593097185,0.7092838307567128,0.3637496348949919,0.4517511910598414,,,
0.4,0.3,0.05,0.05,0.05,0.4,0.9571645352900033,0.7903346511933544,0.8480271873993199,0.9294947352406903,0.7240167119609439,0.2899417641357028,0.42043846991908995,,,
0.3,0.1,0.15,0.1,0.2,0.6,0.957149542945567,0.8868595803607959,0.8387825913728298,0.8928152556766575,0.7030100471928398,0.38109240775444264,0.5036750721781623,,,
0.3,0.3,0.0,0.1,0.15,0.6,0.9571355343424628,0.8781837297129751,0.834797883479506,0.901669544959128,0.7134660097640358,0.36617122972536353,0.4948111857726508,,,
0.3,0.2,0.05,0.05,0.05,0.5,0.9571168230468547,0.8587242335131113,0.8465680357973868,0.908601053133515,0.7097651057770545,0.36897152633279484,0.45974567107265885,,,
0.4,0.3,0.0,0.05,0.05,0.4,0.9570888207786258,0.8083340296819789,0.8441217112940754,0.926892482742961,0.7276127314890154,0.30219560064620354,0.4343028868060563,,,
0.4,0.3,0.0,0.1,0.1,0.6,0.9570407055008925,0.8658517815882463,0.8398593708609272,0.9072526203451408,0.7133149235150529,0.36560107657512114,0.4714045346471201,,,
0.2,0.1,0.1,0.15,0.2,0.4,0.9567651076894746,0.8945023929576592,0.8357420098442813,0.8876167488646685,0.6904106916192025,0.3893742171243942,0.529315613554434,,,
0.4,0.0,0.15,0.1,0.05,0.3,0.9566792483474482,0.8313104280205814,0.8570761859674243,0.9073503483197093,0.6889475687550854,0.36835552956381257,0.42986925130177045,,,
0.4,0.2,0.0,0.1,0.2,0.5,0.9566496945059951,0.877725601859773,0.8299637782351887,0.9006064763851045,0.7229146623270952,0.3480575922455574,0.5069644164063126,,,
0.2,0.3,0.0,0.05,0.2,0.6,0.9566140709349409,0.8810032881036514,0.8267633182387685,0.8978030140781108,0.7221438388934093,0.34414715411954766,0.5201959585035648,,,
0.2,0.1,0.15,0.1,0.05,0.5,0.9565982311871678,0.879295598065836,0.8547721995704314,0.8940628505903724,0.6746981472742066,0.4288337117932149,0.4561955026836498,,,
0.3,0.1,0.1,0.1,0.2,0.5,0.9565308588206434,0.886799720761267,0.8352433393592268,0.8932625526793824,0.7087030260374289,0.3707742074313409,0.5128559991989105,,,
0.4,0.1,0.15,0.15,0.05,0.5,0.9565246254520701,0.8615321104705226,0.8562079285842134,0.9011093605812898,0.6795555606183888,0.4110132064620356,0.4415157148121445,,,
0.2,0.2,0.1,0.1,0.15,0.6,0.9565010651359104,0.8866380799702436,0.8397699416502595,0.8944743846503179,0.698414393002441,0.390313659450727,0.4983879189297445,,,
0.4,0.2,0.0,0.05,0.15,0.5,0.9563439585767014,0.8672561477403757,0.8317803839269733,0.9058347193460491,0.7281571692432872,0.3400083689822294,0.49034934390771445,,,
0.3,0.1,0.15,0.2,0.1,0.5,0.9562561928806713,0.8868644407910236,0.8512305790227314,0.8909213814713897,0.6656538340113914,0.44112241615508885,0.46413196475206275,,,
0.2,0.2,0.0,0.2,0.05,0.3,0.9561992975867144,0.8881103969251751,0.8484215648827635,0.8952768732970027,0.6565611594792514,0.45494435411954764,0.4609365849555396,,,
0.4,0.1,0.05,0.05,0.1,0.4,0.9561926391243425,0.8574327058706837,0.8401438526937534,0.9083710490463216,0.7215513051261189,0.34778273796445885,0.47120316943042534,,,
0.3,0.2,0.05,0.05,0.2,0.6,0.9558918384394194,0.88067870262228,0.8310807336674422,0.8981835077202543,0.7212733751017087,0.3520093693053312,0.5117576582552271,,,
0.4,0.1,0.1,0.15,0.05,0.4,0.9557605516973324,0.858220994656252,0.8541097850366924,0.9040368437783832,0.683456932465419,0.40424961744749593,0.44217142722102054,,,
0.2,0.1,0.15,0.15,0.15,0.5,0.9557575701475401,0.8928918414481434,0.8441362759978521,0.8879789641235241,0.6784298478437755,0.4184630739903069,0.49665896995914444,,,
0.2,0.1,0.1,0.1,0.05,0.4,0.9557507284496516,0.8790225772983695,0.8521253382853052,0.8958854782016348,0.6786078787632221,0.42433194313408723,0.4592317183369382,,,
0.3,0.2,0.0,0.05,0.05,0.4,0.955636095303911,0.8542308354844709,0.8423115280114553,0.9122765472297911,0.7180296574450773,0.3553897861066236,0.46289128815188657,,,
0.2,0.0,0.15,0.2,0.05,0.3,0.9556029026890336,0.8944540675469592,0.8565677376051548,0.8741990708446866,0.6064865036615134,0.5081513835218094,0.4456318205559561,,,
0.3,0.1,0.15,0.15,0.05,0.5,0.9555486707487291,0.874712403099622,0.8559163071415786,0.8952765358764759,0.670435544344996,0.43293548303715673,0.4477123531202435,,,
0.4,0.2,0.1,0.1,0.05,0.6,0.9554661110708728,0.8589023987353543,0.8513571025595132,0.9063936194368756,0.6987353010577705,0.38689834571890147,0.452029831450773,,,
0.2,0.2,0.05,0.1,0.15,0.5,0.955444416005004,0.886546909156283,0.8360056402362628,0.8950698392370573,0.7040144483319772,0.3805665990306947,0.5077619346310983,,,
0.2,0.2,0.0,0.1,0.2,0.4,0.9553964837069896,0.8864758585332589,0.8252247218543046,0.8934926430517711,0.7163605809601302,0.34838447366720515,0.5378631333813987,,,
0.4,0.3,0.0,0.2,0.2,0.6,0.9552710274306967,0.8839183429669581,0.8357285119026311,0.8981689264305177,0.7047423287225387,0.38129901453957993,0.5007359482496195,,,
0.3,0.1,0.05,0.1,0.2,0.4,0.955255233652572,0.8864359583410824,0.8306756148201181,0.8936043537693007,0.7157160309194467,0.3578641382875606,0.524700103660979,,,
0.4,0.1,0.1,0.05,0.05,0.4,0.9552175955190065,0.8328609299857418,0.8517752403794523,0.9138278619436875,0.7123957542717657,0.34600216865912764,0.44379650308419455,,,
0.4,0.1,0.05,0.1,0.05,0.3,0.9552152025363044,0.8386914260740189,0.8499390143189547,0.9134800158946412,0.7054879430431245,0.35950666623586425,0.44415005495473847,,,
0.4,0.2,0.05,0.05,0.05,0.5,0.9551910666033309,0.8447996590415969,0.8477257291927689,0.913596229791099,0.7160234938974777,0.35289016542810986,0.45355853352559483,,,
0.3,0.3,0.05,0.2,0.05,0.6,0.9551296816537351,0.8776498362903726,0.8503019949883659,0.9001485999091735,0.6780489202603743,0.42737598642972535,0.4558515095730193,,,
0.4,0.3,0.15,0.05,0.15,0.3,0.9551264077209396,0.7393087294030128,0.8422031773760515,0.9392199759309717,0.728639951179821,0.2302730856219709,0.39030708066971076,,,
0.4,0.3,0.1,0.05,0.05,0.4,0.9551105948524279,0.772761874229744,0.8517483509933774,0.9314545653950954,0.7207386501220504,0.2797601408723748,0.4081961616598574,,,
0.3,0.1,0.1,0.2,0.1,0.4,0.9550725583976745,0.8876022816688364,0.8489771413996778,0.8917086416893734,0.6677175191212368,0.43927795605815834,0.4685865854361932,,,
0.2,0.3,0.0,0.05,0.15,0.6,0.9549402670385011,0.880019134213626,0.831487650259531,0.8999637565849228,0.7183387388120422,0.35871081550888534,0.5074650329247777,,,
0.4,0.3,0.05,0.05,0.1,0.3,0.9548883675872851,0.7647345634864546,0.8419465605870772,0.9365383732970027,0.7329201668022782,0.25310132730210017,0.4101098171913803,,,
0.4,0.2,0.05,0.1,0.05,0.5,0.954721538690426,0.8555385728101171,0.8487483592267765,0.9093375299727521,0.7042636427990236,0.3776729331179321,0.45375251429944724,,,
0.4,0.3,0.1,0.1,0.05,0.3,0.9547024331298175,0.7502165861012956,0.854482883479506,0.9358103542234332,0.712299344182262,0.26850133764135703,0.39072531987503,,,
0.2,0.3,0.05,0.15,0.05,0.6,0.9546946974522423,0.8809730380757548,0.8486698630749956,0.899152940054496,0.6819446672091131,0.4236343476575121,0.4647989031482817,,,
0.3,0.0,0.15,0.15,0.2,0.4,0.9546893023979124,0.8936154400099189,0.8397992638267406,0.8865995163487738,0.690461886086249,0.39818436510500804,0.5149324140030441,,,
0.3,0.1,0.15,0.05,0.1,0.6,0.9546716917518056,0.8750010924307234,0.8467891140146768,0.8982837847411445,0.7021524003254679,0.38948130468497577,0.47420254009452856,,,
0.3,0.0,0.15,0.1,0.1,0.4,0.9546138202446606,0.8800330581613043,0.8488387401109718,0.8931782824704814,0.6875543051261188,0.4097521059773828,0.47052435872786996,,,
0.2,0.0,0.15,0.2,0.1,0.3,0.9546085963856672,0.8992550366375303,0.8502120753534992,0.8762536221616711,0.6268803645240033,0.48189581001615506,0.4774453161900184,,,
0.4,0.0,0.15,0.05,0.15,0.5,0.954605537680153,0.8749138117909615,0.8414053760515482,0.8976001693914623,0.7126721920260375,0.3703508878836834,0.48581963133862055,,,
0.3,0.1,0.1,0.15,0.05,0.4,0.9545520798948427,0.8736990765358627,0.8536381587614105,0.897220974568574,0.6732927274206673,0.4296159282714055,0.4490504071136746,,,
0.2,0.1,0.05,0.1,0.05,0.3,0.954505871643065,0.8784761203893126,0.8483622124574907,0.8982425263396913,0.6841126550040684,0.41758182164781904,0.46364294848994636,,,
0.4,0.2,0.1,0.2,0.1,0.6,0.954505871643065,0.8784761203893126,0.8483622124574907,0.8982425263396913,0.6841126550040684,0.41758182164781904,0.46364294848994636,,,
0.2,0.0,0.15,0.05,0.1,0.4,0.954412454950825,0.8849110642861571,0.8464943948451763,0.8910681326067211,0.6937479698942229,0.4019686494345719,0.4855402111671874,,,
0.2,0.2,0.1,0.05,0.05,0.6,0.9543717447917329,0.8738618705101977,0.8490250026848041,0.9003921875567665,0.6972583043124492,0.3992635069466882,0.4666906868541216,,,
0.4,0.1,0.05,0.15,0.05,0.3,0.9543683738045226,0.8534576796726798,0.8512246814032576,0.9076608633060854,0.6886934361269325,0.3948876588045234,0.44316559240567166,,,
0.3,0.2,0.1,0.15,0.1,0.6,0.954347801071854,0.8816357392846073,0.8468297005548595,0.8972232175295186,0.6880165126118796,0.4132241570274636,0.47267300104141635,,,
0.3,0.1,0.1,0.05,0.1,0.5,0.9542515010090948,0.8738711388010664,0.8433863926973331,0.9000044854677566,0.7083719617575265,0.379640966720517,0.4788259019466475,,,
0.4,0.1,0.15,0.15,0.15,0.6,0.954218023633259,0.8821176637034281,0.845154658671917,0.8953864277929156,0.6933092375915378,0.40359335896607434,0.479508033966194,,,
0.2,0.1,0.15,0.05,0.2,0.6,0.9540883237266745,0.8889673261422106,0.8361190436728119,0.8906473528610355,0.7078243417412531,0.3746123457189015,0.5184850189858207,,,
0.3,0.3,0.0,0.2,0.05,0.5,0.9539944032592217,0.8770687335689046,0.8478078589582961,0.9019210286103543,0.6812842668836452,0.4238599386106624,0.45811973243611315,,,
0.3,0.0,0.1,0.1,0.1,0.3,0.9539423117943765,0.8796272291612424,0.8450076751387148,0.8947060449591281,0.6940695785191213,0.40001663586429725,0.4766081273732276,,,
0.4,0.1,0.15,0.2,0.05,0.5,0.9539166857092533,0.8702727219143265,0.8567784628602112,0.8964133669391462,0.6666731179820993,0.4364584168012924,0.4416048538011696,,,
0.2,0.1,0.05,0.15,0.2,0.3,0.9538238566101838,0.8947068087037381,0.8302317021657419,0.8874841026339692,0.6958881806346623,0.37742163877221324,0.5486895646879757,,,
0.2,0.1,0.1,0.15,0.15,0.4,0.95380776478502,0.8938604596119273,0.8409602462860211,0.8881960526793824,0.6823892978030919,0.4122862571890145,0.508710244332292,,,
0.4,0.0,0.1,0.05,0.15,0.4,0.9538060922178455,0.8734672044386584,0.8370785700733846,0.8990885172570391,0.7204491830756713,0.35752528271405487,0.49228552623568056,,,
0.2,0.0,0.15,0.2,0.2,0.3,0.9537985320910556,0.9019276401958961,0.8396507193484877,0.8792602229791099,0.6573823238405208,0.42971773376413575,0.5381622449731636,,,
0.3,0.2,0.0,0.05,0.2,0.5,0.953755093043674,0.8794335606967949,0.8261376465008055,0.8986818188010899,0.728304130187144,0.3397975702746365,0.5211407674437235,,,
0.4,0.2,0.05,0.2,0.1,0.5,0.9536764810519597,0.8780037614778996,0.845851257741185,0.8996863628519528,0.6877961375101709,0.41276280387722136,0.46669387214611874,,,
0.2,0.3,0.05,0.2,0.2,0.6,0.9536699149210126,0.8917497797532701,0.8365648587793091,0.8916559173478655,0.690046167615948,0.3990994920840064,0.5158155313626532,,,
0.4,0.1,0.1,0.15,0.15,0.5,0.9536302491930623,0.8819685562705349,0.842378216395203,0.896392836058129,0.6980342172497965,0.3965242016155089,0.48468889481695104,,,
0.2,0.0,0.1,0.05,0.1,0.3,0.9536099835077751,0.8852378371086727,0.8418446286021121,0.8921591139872843,0.7021924646053702,0.3889131954765751,0.49628669694784905,,,
0.4,0.1,0.15,0.1,0.1,0.6,0.9535826857901221,0.8717859273944579,0.8484631635940576,0.899144470027248,0.6975253775427177,0.3958730003231018,0.4661705636465593,,,
0.2,0.2,0.05,0.05,0.05,0.5,0.9535475589444873,0.8725094569958465,0.8455880137819939,0.9025426344232517,0.7033670447518308,0.39036880516962846,0.47066556260514303,,,
0.2,0.2,0.0,0.1,0.15,0.4,0.9535439642535024,0.8860965330605666,0.8310257137998927,0.8955186144414169,0.7110086574450774,0.36803465912762523,0.5201850910838741,,,
0.4,0.0,0.15,0.2,0.15,0.4,0.9535334672132617,0.8877627670448205,0.8469114413817792,0.8896286475930971,0.6770490113913752,0.4255865240710824,0.478469337018345,,,
0.3,0.1,0.05,0.05,0.1,0.4,0.9534685155930923,0.87218445606596,0.838872729013782,0.901996886920981,0.7163018836452401,0.3667510061389338,0.4848536571337018,,,
0.3,0.2,0.1,0.1,0.05,0.6,0.9534094270843246,0.8704725739755751,0.8507600698049042,0.9012254073569482,0.692576265256306,0.405241456542811,0.45882408379395984,,,
0.3,0.2,0.05,0.15,0.1,0.5,0.9533906732196787,0.8814527915442315,0.8439995956685162,0.8985360799273387,0.6924465061025223,0.4073213505654281,0.4773842577905952,,,
0.2,0.0,0.15,0.2,0.15,0.3,0.9533666609984752,0.9014069556010167,0.8449851752282083,0.877973459582198,0.6441616851098454,0.4551881932148627,0.5110881725546744,,,
0.4,0.2,0.05,0.1,0.15,0.6,0.9533624474396181,0.8766776214741802,0.8382225605870772,0.9009441475930972,0.7125149243287225,0.37426482584814214,0.4889884710406152,,,
0.3,0.1,0.05,0.2,0.1,0.3,0.9533398120844216,0.8884435599280888,0.8461697114730625,0.89253327702089,0.6704831700569569,0.43660844588045233,0.47497775454618285,,,
0.2,0.1,0.15,0.15,0.1,0.5,0.9533073388598692,0.8907732826979108,0.8491846359405764,0.8884812411444141,0.6695981619202603,0.43845444523424876,0.4780407259472883,,,
0.3,0.1,0.15,0.1,0.15,0.6,0.9532978600676653,0.8850304802430103,0.8432209278682656,0.8939071289736603,0.6976270878763222,0.39813205621970926,0.4906238425058079,,,
0.4,0.0,0.15,0.15,0.1,0.4,0.9532963968416064,0.8751632290620545,0.8503720119921245,0.8945811039963669,0.6821522717656632,0.4162055444264943,0.4598041171192822,,,
0.2,0.3,0.0,0.15,0.05,0.5,0.9532932510118741,0.8807158582852892,0.8457958009665295,0.9007987824704814,0.6859261350691619,0.4192161182552504,0.46880079964752064,,,
0.3,0.0,0.1,0.15,0.2,0.3,0.9532183297025147,0.894431068154485,0.8358679935564705,0.8866389137148047,0.6964548738812042,0.3869148704361874,0.5310850497476568,,,
0.4,0.1,0.1,0.05,0.2,0.6,0.9532084779967722,0.8795928511561589,0.8347895783067837,0.8977747515894641,0.7203216322213182,0.3600920678513732,0.5046176928622927,,,
0.4,0.2,0.0,0.1,0.05,0.4,0.9531511607083666,0.8509207909739013,0.8453007753713979,0.9128317397820164,0.7112662205044752,0.36604541906300486,0.45600365649283026,,,
0.4,0.0,0.15,0.1,0.2,0.5,0.9530918519571215,0.8852853139173021,0.8387644759262574,0.8927096398728429,0.7077536338486574,0.37977363424878835,0.5037295847152127,,,
0.3,0.1,0.05,0.15,0.05,0.3,0.953077527118059,0.872160146500527,0.8504691449794165,0.8997709214350591,0.677208574450773,0.4248576310177706,0.45093360362092444,,,
0.4,0.1,0.1,0.1,0.1,0.5,0.953059185288198,0.8703784777137189,0.845544853767675,0.900944472297911,0.7028116354759967,0.3876149473344103,0.46943917888328124,,,
0.2,0.2,0.1,0.1,0.1,0.6,0.9530043857991335,0.8846892291116484,0.8447253755145875,0.8957473047229791,0.6923610846216437,0.4083141182552504,0.4840930875590803,,,
0.4,0.1,0.0,0.05,0.1,0.3,0.9529555045698308,0.8519630032855992,0.8345930995167352,0.9120098010899182,0.7317955362082994,0.33171693570274635,0.47620479516141956,,,
0.4,0.1,0.05,0.15,0.15,0.4,0.9529317084700524,0.881635633500713,0.8389428426704851,0.8974334259763851,0.7039261822620017,0.38719822940226173,0.49139325514699994,,,
0.3,0.2,0.1,0.2,0.2,0.6,0.9526620559092476,0.8910975488934351,0.8398082015392876,0.8912753669391462,0.6899249764035801,0.40527927625201937,0.5058473482335977,,,
0.4,0.1,0.1,0.2,0.05,0.4,0.9526428158724822,0.8685750441262167,0.8548190279219616,0.8984793596730245,0.6687017990235964,0.4340251095315024,0.442082088119843,,,
0.4,0.2,0.0,0.2,0.1,0.4,0.9526290398841162,0.8772940468662823,0.8427374646500805,0.9013028910081744,0.6924421505288852,0.406348842003231,0.4706471165585196,,,
0.4,0.3,0.0,0.15,0.1,0.6,0.9526171764512605,0.8732753165953753,0.8415895376767496,0.9037725740236149,0.7042867095199349,0.38885804846526656,0.47406049122807015,,,
0.3,0.3,0.0,0.1,0.1,0.6,0.9525561924681181,0.8758585064782097,0.8393846124932879,0.9029258669391462,0.7089545532953622,0.38238718190630044,0.4832437031162381,,,
0.3,0.1,0.0,0.1,0.2,0.3,0.9525287141773812,0.8854707616142832,0.8244017977447646,0.8937851012715713,0.7244991383238405,0.3416352995153473,0.5404796023391812,,,
0.3,0.2,0.05,0.1,0.05,0.5,0.9525171390711968,0.8688079064658112,0.8478651066762126,0.9035226162579473,0.6976844784377543,0.39800035670436185,0.4614300235520308,,,
0.3,0.2,0.05,0.05,0.15,0.6,0.9525122811670291,0.8790142626247599,0.8356325618399857,0.8996879264305178,0.7173654035801464,0.36713345654281093,0.4999272645998558,,,
0.3,0.3,0.0,0.15,0.2,0.6,0.9524943934305325,0.8857293226458371,0.8329908786468587,0.8963232456857402,0.7089485191212368,0.3753961189014539,0.5139322773371786,,,
0.4,0.3,0.0,0.05,0.05,0.6,0.9524789382483461,0.8527291071105325,0.843995167710757,0.9126081920980926,0.7187565606183889,0.35876579903069467,0.46218806488824804,,,
0.3,0.1,0.1,0.1,0.15,0.5,0.9524416328801717,0.8850896119521419,0.8400234716305709,0.8946988142597638,0.7031094499593166,0.38971996381260093,0.49799365521108707,,,
0.2,0.1,0.1,0.05,0.2,0.5,0.952421690464625,0.8888389296633811,0.8318673429389655,0.8908473142597638,0.7143132921074044,0.3631772226171244,0.5304637556677081,,,
0.4,0.1,0.05,0.1,0.1,0.4,0.9523881905180354,0.8684090616328807,0.8417677680329335,0.9031353287920072,0.7094842904800651,0.37677417124394186,0.47362011679884647,,,
0.4,0.2,0.0,0.1,0.15,0.5,0.9523766307380126,0.8755475167317588,0.8343616550921782,0.9021677356948229,0.7188368470301058,0.36388230500807756,0.49499579412000316,,,
0.2,0.2,0.0,0.05,0.05,0.4,0.9523045516709333,0.8704659178972166,0.8408921936638625,0.9051084087193461,0.711360544344996,0.37816987851373185,0.4760048491548506,,,
0.4,0.0,0.1,0.1,0.2,0.4,0.9522751555225246,0.885148531696733,0.8349207338464293,0.8932181094459583,0.7146290797396257,0.3681395373182552,0.5133063072979251,,,
0.4,0.0,0.1,0.15,0.1,0.3,0.9522722685922241,0.8739656082573926,0.8470591764811168,0.8963594913714804,0.6871424190398698,0.4088818655896607,0.4632864939517744,,,
0.3,0.2,0.0,0.15,0.1,0.4,0.9521640968800901,0.8810625052631579,0.8404236345086809,0.8999501980018165,0.6981040545158665,0.399282794184168,0.4836382013938957,,,
0.4,0.0,0.1,0.2,0.15,0.3,0.9521551312539132,0.8884925862748745,0.8441424134598174,0.8901066693914623,0.6811559251423922,0.42026727819063003,0.48590568421052627,,,
0.4,0.2,0.05,0.05,0.1,0.6,0.9521477372295762,0.8659670769326143,0.8412822283873277,0.9051416557674841,0.7170779365337673,0.36650205040387723,0.47615782600336454,,,
0.4,0.2,0.1,0.15,0.05,0.6,0.9521410560820647,0.8671002269915071,0.8521081149096116,0.9021392892824704,0.6883092457282343,0.4104259353796446,0.4527287006328607,,,
0.4,0.1,0.0,0.15,0.15,0.3,0.9519167045198645,0.8809690475234021,0.834532864506891,0.8984475322434151,0.7114347624084622,0.3746857576736672,0.5004117221821677,,,
0.2,0.3,0.05,0.2,0.15,0.6,0.9518706223771088,0.891033879213936,0.8405867846787185,0.892629242506812,0.6842278112286412,0.415566484006462,0.5007127520628054,,,
0.3,0.1,0.15,0.2,0.05,0.5,0.951719011204873,0.8825265870435807,0.856416986218006,0.8903290272479564,0.6561098698128559,0.4592739631663974,0.4497792088440279,,,
0.4,0.0,0.05,0.05,0.15,0.3,0.951680529941434,0.8712112230115926,0.8313407256130302,0.90071780835604,0.7303668795768918,0.3416808336025848,0.5007933666586558,,,
0.4,0.1,0.05,0.05,0.2,0.5,0.951676995414294,0.8786025912342693,0.8305599253624486,0.8985294613987285,0.7272491049633848,0.34875045040387725,0.5124941863334135,,,
0.4,0.3,0.0,0.2,0.15,0.6,0.951611379867342,0.8822662768334263,0.8394604299266153,0.8993776725703906,0.7001540170870626,0.3966899670436187,0.48888370632059597,,,
0.2,0.2,0.05,0.1,0.1,0.5,0.9515945443552714,0.8847318477961688,0.8414004916771076,0.8968448633060854,0.6976526354759968,0.4011128071082391,0.4912346298165505,,,
0.3,0.3,0.1,0.05,0.05,0.3,0.951474894717985,0.7429071328993863,0.8517453296939325,0.9374084441416893,0.7197102921074044,0.25523841292407107,0.38914350396539293,,,
0.3,0.2,0.0,0.1,0.05,0.4,0.9514342567247742,0.8664421041472941,0.8440242593520673,0.9064709981834697,0.7042308567941415,0.38818271793214865,0.46485229480092927,,,
0.3,0.1,0.0,0.05,0.1,0.3,0.9514148127475566,0.8695067693013453,0.8326802432432433,0.9042643260672116,0.7266791155410903,0.35007675218093703,0.49304626564127213,,,
0.4,0.1,0.1,0.05,0.05,0.3,0.9514070666663828,0.7993859859153183,0.8526335933416861,0.9216328115349682,0.7173569202603743,0.3117298798061389,0.4276585711768004,,,
0.2,0.3,0.0,0.05,0.1,0.6,0.9513773684717262,0.8782511585890521,0.8365329511365671,0.9016771189827429,0.7140178999186331,0.37527727366720515,0.4945596622606745,,,
0.4,0.2,0.0,0.05,0.05,0.4,0.9513202067813634,0.8379649918541938,0.8441149482727761,0.9172760204359673,0.7244448502847843,0.33996385848142163,0.45592710133781944,,,
0.3,0.3,0.0,0.05,0.05,0.6,0.9512984078216541,0.8642575877254974,0.8428894145337391,0.9077616884650318,0.7138950862489829,0.374082698546042,0.4699058035728591,,,
0.3,0.1,0.05,0.1,0.15,0.4,0.9512243422957247,0.8849487721529974,0.8359535561124037,0.8954751121707539,0.7099931041497152,0.378659630371567,0.5077174442041176,,,
0.2,0.3,0.0,0.2,0.2,0.5,0.9512044864502167,0.8918244853511872,0.8328415398245929,0.8917632234332425,0.6940055622457282,0.39188616930533116,0.5278979631498838,,,
0.4,0.3,0.15,0.05,0.05,0.4,0.9511669969065932,0.755482315566301,0.8549829488097369,0.9328524418710264,0.7178236509357201,0.2710263773828756,0.3972929534567011,,,
0.4,0.2,0.05,0.15,0.05,0.5,0.9510720443320875,0.8650943590601947,0.8496427277608735,0.9045664305177111,0.6925937705451586,0.40450598836833607,0.4544548227188977,,,
0.4,0.1,0.0,0.1,0.1,0.3,0.9510106696516002,0.8655002728411133,0.8367377091462324,0.9058522679382379,0.7181204922701383,0.36271426558966074,0.479141952094849,,,
0.2,0.1,0.1,0.15,0.1,0.4,0.9509881343357296,0.8919762752712168,0.8464812126364776,0.8889111816530426,0.6725457705451587,0.4360281208400646,0.4862949291035809,,,
0.3,0.2,0.05,0.2,0.2,0.5,0.950975176820501,0.8914660035211704,0.8368157905852872,0.8915526494096276,0.6940640309194467,0.39858382681744753,0.5159072448930545,,,
0.3,0.2,0.0,0.05,0.15,0.5,0.9508952811822888,0.8778871237245057,0.831108677465545,0.9006992102633969,0.7244802668836453,0.3555056814216478,0.5079021744772891,,,
0.2,0.1,0.05,0.15,0.15,0.3,0.9508600890181818,0.894764673411444,0.8366327744764631,0.8883370590372389,0.6875073482506103,0.4034877337641357,0.5261065985740607,,,
0.4,0.1,0.05,0.2,0.05,0.3,0.950791834589933,0.8661338307358503,0.8521622906747808,0.9011510526793824,0.6713998730675346,0.4306292336025848,0.4427735936874149,,,
0.4,0.2,0.05,0.15,0.2,0.6,0.9507651523381904,0.8848415774347529,0.8363161007696438,0.896277578564941,0.7082605427176567,0.3825916400646204,0.5056179786910198,,,
0.2,0.1,0.15,0.05,0.15,0.6,0.9507557718731752,0.8877483349823322,0.8407066282441382,0.8915721039963669,0.7024492074857608,0.3921541880452343,0.5042670510294,,,
0.4,0.2,0.0,0.05,0.1,0.5,0.950702965126865,0.8634311236005208,0.8373176624306425,0.9074664223433243,0.7240952188771358,0.3555622494345719,0.48042646110710563,,,
0.4,0.0,0.05,0.1,0.2,0.3,0.9505788404066232,0.8846478496311451,0.8299131942008234,0.8936385104450499,0.7233382530512612,0.35336092924071083,0.5260771399503325,,,
0.4,0.1,0.15,0.2,0.2,0.6,0.9505087255131944,0.8897938371086728,0.8425649665294433,0.8907797384196185,0.6894925313262815,0.4115604032310178,0.49719353488744694,,,
0.3,0.0,0.15,0.05,0.2,0.5,0.9504735759844749,0.8880009499969005,0.8359283560050116,0.890221282924614,0.7132335768917819,0.37219703069466886,0.519291585836738,,,
0.3,0.0,0.15,0.15,0.15,0.4,0.9504395694335527,0.8918378950096087,0.8446353978879542,0.88702121253406,0.6820955866558177,0.4208865945072698,0.4953649009052311,,,
0.2,0.1,0.15,0.15,0.05,0.5,0.9504292299062514,0.8871682601698594,0.8551355865401826,0.8885852665758401,0.6595060284784378,0.4581452846526656,0.4604082571497236,,,
0.4,0.3,0.0,0.1,0.05,0.6,0.9503981866700651,0.8615700993366808,0.8451041582244497,0.9086936625794733,0.708902853539463,0.38127768723747985,0.4632552431306577,,,
0.4,0.1,0.15,0.05,0.05,0.3,0.950324006402085,0.7776281972351373,0.8565274462144263,0.924086223887375,0.7131639283970708,0.2967943295638126,0.4121954708002884,,,
0.3,0.2,0.1,0.2,0.15,0.6,0.9502792343757629,0.8897747175748559,0.8436818525147665,0.892230053133515,0.6839388543531326,0.4214794158319871,0.49152660882800603,,,
0.2,0.3,0.05,0.2,0.1,0.6,0.9502632659625816,0.8896441989461286,0.844854994809379,0.8937778505903724,0.6775213327908869,0.43225141647819065,0.48493686501642236,,,
0.3,0.1,0.1,0.2,0.05,0.4,0.9500777913554772,0.8828488978984563,0.8545296674422768,0.8913963542234332,0.65667027908869,0.46049958772213245,0.4514193841224065,,,
0.4,0.2,0.0,0.15,0.05,0.4,0.9496698850731553,0.8623502833550307,0.8464501324503312,0.9075605086285194,0.6980481781936534,0.3966222287560582,0.4566899392774173,,,
0.2,0.2,0.0,0.1,0.1,0.4,0.9496336292758896,0.8845451916682164,0.8370666588509039,0.8979492770208901,0.7044449536208299,0.39122247237479807,0.5009890393334935,,,
0.3,0.3,0.0,0.15,0.15,0.6,0.9496336292758896,0.8845451916682164,0.8370666588509039,0.8979492770208901,0.7044449536208299,0.39122247237479807,0.5009890393334935,,,
0.2,0.3,0.0,0.2,0.15,0.5,0.9493590361362194,0.8914003589114129,0.8373872258815107,0.8929865790190735,0.6879693962571196,0.4102350436187399,0.5111351008571657,,,
0.4,0.2,0.05,0.05,0.05,0.3,0.9493574899857906,0.785505180335999,0.8492832015392876,0.9287910208900999,0.7260493547599675,0.2914073395799677,0.4233768704638308,,,
0.3,0.0,0.15,0.05,0.05,0.4,0.9493474389077093,0.862006919992561,0.8549080664041524,0.8978204564032698,0.6938957672904801,0.3989154972536349,0.45535161179203715,,,
0.4,0.2,0.0,0.15,0.2,0.5,0.949341945748589,0.8845235676151508,0.8327856262752819,0.89678987284287,0.7139266061838894,0.3733817667205169,0.514129990707362,,,
0.2,0.1,0.05,0.05,0.2,0.4,0.9492421719278638,0.8882299179964045,0.8260893236083766,0.8908301898274296,0.7223338096013019,0.349117020355412,0.5460597631979492,,,
0.4,0.2,0.0,0.05,0.05,0.3,0.9492353667137422,0.8070136234579381,0.8444081669948095,0.9257239591280654,0.7304310911310008,0.30593261583198705,0.43984848337739324,,,
0.2,0.1,0.1,0.05,0.15,0.5,0.9491701577276912,0.8879134388940549,0.8369233248612851,0.8920658778383288,0.7087941098454028,0.382350101453958,0.5145740895618041,,,
0.4,0.3,0.1,0.05,0.1,0.3,0.949137793183663,0.7454146843717067,0.8461506309289423,0.9381217865576749,0.7294847640358015,0.24589392762520193,0.39784077769766885,,,
0.3,0.1,0.0,0.1,0.15,0.3,0.9491089788968666,0.8843963085487571,0.8305034306425632,0.8961200858310627,0.7188686924328723,0.3638934578352181,0.5211103651365857,,,
0.4,0.0,0.15,0.05,0.05,0.3,0.9490761324981262,0.8135393642551609,0.8555064911401468,0.9122706344232516,0.7071799845402766,0.33771646138933764,0.432605383321317,,,
0.3,0.2,0.1,0.15,0.05,0.6,0.9490726719012784,0.8780237601140661,0.8517915534275998,0.8972532334241599,0.6814542994304312,0.42987143586429727,0.4610831610990948,,,
0.4,0.1,0.1,0.2,0.2,0.5,0.9490263455068554,0.8902919029694377,0.8400219088956506,0.8911260163487738,0.6936394361269325,0.40582440646203555,0.5053097276295762,,,
0.4,0.1,0.15,0.05,0.05,0.6,0.948918120308335,0.8582917189262911,0.8532223502774298,0.9030977524977294,0.7024280260374288,0.38839207689822297,0.45707741280140995,,,
0.4,0.1,0.0,0.05,0.2,0.4,0.9488531667742088,0.8770479434381006,0.8251458525147664,0.8992014927338783,0.7356082945484134,0.33536973441033924,0.5224159131619002,,,
0.4,0.1,0.05,0.05,0.05,0.3,0.9488453237492622,0.8217636905337549,0.848475439054949,0.9181898115349683,0.7219957013832384,0.3303936284329564,0.4455897694464471,,,
0.2,0.0,0.15,0.1,0.2,0.4,0.9488258019792364,0.8963550925051144,0.8368640832289242,0.8841073169845595,0.696195248982913,0.39216136090468495,0.538304381639029,,,
0.4,0.2,0.1,0.2,0.05,0.6,0.9487598935025683,0.8744247501828778,0.8528987526400572,0.8981214209809265,0.6776616786004882,0.4330719379644588,0.45389421597372426,,,
0.4,0.1,0.15,0.15,0.1,0.6,0.948635603438049,0.8788267259562332,0.8495513885806335,0.8953859972752043,0.6874289129373474,0.41976113279483035,0.46866153264439636,,,
0.3,0.0,0.1,0.05,0.2,0.4,0.9485937049151514,0.8878996661087347,0.8313095573653123,0.8904562456857402,0.7211887290480066,0.3590512762520194,0.5322659343106625,,,
0.3,0.2,0.0,0.2,0.2,0.4,0.9485761303727888,0.8916802909924989,0.8329970180776803,0.8917439523160763,0.6990847225386493,0.390035802907916,0.5290586929424016,,,
0.2,0.2,0.1,0.1,0.05,0.6,0.9485297108233743,0.8816361417891018,0.8502426382674065,0.8961530622161671,0.6856310113913752,0.42623840969305327,0.47044397068012495,,,
0.2,0.3,0.05,0.2,0.05,0.6,0.9484832049024885,0.8873735048044138,0.8496107791301235,0.8946732915531336,0.6699856143205859,0.44873757415185783,0.46957372987262674,,,
0.3,0.1,0.15,0.1,0.1,0.6,0.9483504682666869,0.8822375925857046,0.8480697902273133,0.8942515304268847,0.6916174825061026,0.41545969046849757,0.4780756664263398,,,
0.4,0.1,0.1,0.05,0.15,0.6,0.9483145130710041,0.877224676213502,0.8391531365670305,0.8986325413260672,0.7162654222945485,0.37541071793214864,0.49397183225186253,,,
0.2,0.2,0.1,0.15,0.2,0.6,0.9482449978648522,0.893069599107309,0.837425729192769,0.8893251575840145,0.694030788445891,0.40122114313408724,0.5218248331330609,,,
0.2,0.3,0.0,0.1,0.2,0.6,0.9482137827223182,0.8871994886367863,0.8297580665831393,0.8941981943687557,0.7135397794955248,0.3695187237479806,0.5289708142273492,,,
0.3,0.2,0.05,0.2,0.15,0.5,0.9481932282238698,0.8903177136693324,0.8410330873456239,0.8927149182561308,0.6877447843775427,0.4170430675282714,0.49967393495153406,,,
0.2,0.1,0.1,0.15,0.05,0.4,0.9480527060651465,0.8882509199677638,0.8529630982638268,0.8893962270663033,0.6608553921887713,0.4593735153473344,0.4646290559961548,,,
0.4,0.3,0.15,0.1,0.05,0.3,0.9480273192636227,0.7311556003719546,0.8572905541435475,0.9363889350590372,0.7091438120423108,0.2602945098546042,0.380000375550749,,,
0.3,0.0,0.1,0.15,0.15,0.3,0.9479925212101186,0.893028604351869,0.8412884676928585,0.8871812075386012,0.6874289007323027,0.41399293893376415,0.5079750149803733,,,
0.3,0.2,0.05,0.1,0.2,0.6,0.9477638872981639,0.8868290109230674,0.8336042391265437,0.8942379891008174,0.7127935850284784,0.37662438901453954,0.519269819274213,,,
0.3,0.2,0.1,0.2,0.1,0.6,0.9477315905303523,0.8876674558551857,0.8479652878109898,0.8930077288828339,0.6772428307567128,0.43754754054927303,0.4774795465833534,,,
0.3,0.1,0.05,0.2,0.05,0.3,0.9477077540413292,0.8831989862500774,0.8520738274565958,0.8926789863760218,0.6573847737998373,0.4621996206785137,0.45370584651125534,,,
0.3,0.0,0.1,0.05,0.05,0.3,0.9475624392577946,0.8574900122249085,0.8518486989439771,0.9013637842870118,0.7019039877949552,0.3866479793214863,0.4587352641192021,,,
0.4,0.0,0.15,0.2,0.1,0.4,0.9475386309916298,0.8835636961378712,0.8516099384284946,0.8892766784741144,0.667717225386493,0.4461335340872375,0.4628020392533846,,,
0.2,0.3,0.0,0.2,0.1,0.5,0.9475231123519383,0.8902114079474304,0.842075674601754,0.8944304504995458,0.6807763563873067,0.4294241518578352,0.49297618969798923,,,
0.4,0.2,0.05,0.1,0.1,0.6,0.9475100007032813,0.8736423809311263,0.8427496783604796,0.9015516421435059,0.7079014052074857,0.39026507980613895,0.47888666073860453,,,
0.4,0.1,0.1,0.05,0.05,0.5,0.9474489312579986,0.8547442825119336,0.8509325621979594,0.905914770208901,0.7086210707892596,0.379154842003231,0.4594694220940479,,,
0.2,0.1,0.05,0.15,0.1,0.3,0.947388609122851,0.8933555799392474,0.842959227492393,0.889308851044505,0.6765875435313262,0.4324277408723748,0.49888478442682044,,,
0.3,0.2,0.05,0.05,0.1,0.6,0.9473726983534856,0.8764599839315604,0.8405432035081439,0.9006590903723887,0.7128778624898291,0.38376003489499194,0.488431253544821,,,
0.4,0.1,0.15,0.2,0.15,0.6,0.9473078651397645,0.8878241014444238,0.8464368679076427,0.8914010712988192,0.6835056663954434,0.4272160529886915,0.48428043787551067,,,
0.4,0.0,0.15,0.05,0.05,0.4,0.9472823839890537,0.8445241172648937,0.8548229982101306,0.904254080835604,0.7030982058584215,0.37518769822294024,0.4496221921012577,,,
0.3,0.2,0.05,0.15,0.05,0.5,0.9472641758755215,0.8775605023371148,0.8493220286379094,0.8989244282470481,0.6852679039869813,0.4265866313408724,0.46405529199711604,,,
0.4,0.0,0.15,0.1,0.15,0.5,0.9471954834233195,0.8826540144566363,0.8432977322355468,0.8932908446866485,0.7021140528885274,0.3985175495961228,0.4905591288952976,,,
0.4,0.1,0.1,0.15,0.1,0.5,0.9471757649944257,0.8784556356828468,0.8470280800071595,0.8966980767484105,0.6916649593165175,0.415084901453958,0.4723514168068573,,,
0.4,0.1,0.05,0.2,0.2,0.4,0.9471708507965548,0.8907422979604489,0.8369011494540899,0.8914602856494096,0.6987287477624085,0.3982859528271406,0.5159516114716014,,,
0.4,0.3,0.0,0.2,0.1,0.6,0.9471475491511802,0.8798860350877192,0.8433233046357616,0.9002811634877385,0.6949642994304313,0.4124545085621971,0.4775026830088921,,,
0.3,0.1,0.15,0.15,0.2,0.6,0.9470748273646312,0.8922179885437976,0.8405250452836943,0.8886855858310626,0.693631995117982,0.4074343877221325,0.5114822693262837,,,
0.4,0.2,0.05,0.2,0.05,0.5,0.9470129655932683,0.8735340165147852,0.8506997964918561,0.899880348773842,0.6807429845402766,0.4304981815831987,0.45572136858127055,,,
0.3,0.1,0.15,0.05,0.05,0.6,0.9469151737914657,0.8704067256090757,0.8526376554501521,0.8978274432334241,0.6962724304312449,0.40722323037156705,0.464239531683089,,,
0.4,0.1,0.05,0.05,0.15,0.5,0.9468773638772466,0.8762009136197384,0.8352040425988903,0.8998505258855586,0.723203474369406,0.36491605557350565,0.500608862452936,,,
0.2,0.1,0.15,0.05,0.1,0.6,0.9467376335531388,0.8855735053747442,0.8459539266153571,0.8925434732061762,0.6962974344995931,0.4106201350565428,0.48998648145477847,,,
0.3,0.1,0.1,0.1,0.1,0.5,0.9467289791938719,0.8822275390490361,0.8452070522641848,0.8954397761126249,0.6966936541903986,0.4097080045234249,0.48353916222062004,,,
0.4,0.2,0.05,0.15,0.15,0.6,0.9466918457949572,0.8830529039737153,0.840201257562198,0.8973123365122616,0.7036648738812042,0.39833981647819067,0.4937832224625491,,,
0.2,0.1,0.05,0.05,0.15,0.4,0.9466510447234966,0.8877884705721902,0.8319099799534634,0.8924531089918256,0.7168575077298617,0.36955535896607433,0.5283010981334615,,,
0.3,0.3,0.0,0.1,0.05,0.6,0.946506756262748,0.8725444190192797,0.8444034941829246,0.9036225594913715,0.7038627485760781,0.3994258998384491,0.4724435666105904,,,
0.4,0.2,0.1,0.05,0.05,0.3,0.946482160678293,0.7645760588432211,0.8536922697333095,0.9309893306085376,0.7221715020341741,0.2796264549273021,0.4091002460946888,,,
0.2,0.2,0.05,0.1,0.05,0.5,0.9464217520406017,0.8815873093050648,0.8473773991408627,0.897717538147139,0.6903059479251424,0.4220727450726979,0.47527877849875827,,,
0.4,0.3,0.0,0.15,0.05,0.6,0.9462615274530417,0.8695213428057778,0.8462375668516198,0.9045188596730245,0.6992076248982914,0.4049178184168013,0.4648084170471842,,,
0.4,0.0,0.15,0.05,0.1,0.5,0.94614769447263,0.8703507207240717,0.8471634344012887,0.8974808083560399,0.7070146875508544,0.3893348342487884,0.47531425282384043,,,
0.2,0.3,0.0,0.05,0.05,0.6,0.946076593711695,0.8754790223792698,0.8420313418650438,0.9027644927338783,0.7090109170056956,0.3932097822294022,0.48208922310342067,,,
0.4,0.2,0.0,0.1,0.1,0.5,0.9460656622851742,0.8723255424710186,0.8391878593162698,0.9032220081743869,0.7141040878763222,0.381427301453958,0.48366016886966273,,,
0.2,0.2,0.1,0.15,0.15,0.6,0.9460341982187082,0.8922785951025974,0.841479813137641,0.8900309418710264,0.6881074117168429,0.41808900420032313,0.5066615097332372,,,
0.2,0.3,0.0,0.1,0.15,0.6,0.9459829995990255,0.8865590349761329,0.8341065172722392,0.8957689078110808,0.7091206143205858,0.38549266429725365,0.5154453746695505,,,
0.4,0.0,0.15,0.1,0.05,0.4,0.9459109106845754,0.8570810985059824,0.8559595584392339,0.8991223042688465,0.6879726997558991,0.4068520381260097,0.44898413233998236,,,
0.3,0.0,0.15,0.15,0.1,0.4,0.9458957709312644,0.8885120507842043,0.8501565011634151,0.8872572729336966,0.6723162921074044,0.4433865932148627,0.4762274978771129,,,
0.4,0.1,0.1,0.1,0.2,0.6,0.9458418626729607,0.8857423365693385,0.8368962056559871,0.8940154114441416,0.711872241659886,0.38395608788368335,0.5107119716414323,,,
0.4,0.0,0.1,0.1,0.15,0.4,0.9458178252566973,0.8825054726675345,0.8397547198854483,0.8942009682107175,0.7087666598860862,0.3891594126009693,0.4981493501562124,,,
0.3,0.0,0.15,0.05,0.15,0.5,0.9457418381627408,0.8860825636104396,0.8409074066583139,0.8913364473206176,0.7075528421480879,0.39170906365105007,0.5044518524393174,,,
0.3,0.3,0.0,0.15,0.1,0.6,0.9457235625218574,0.8826428328559915,0.8413691829246465,0.8991289600363306,0.6993287127746135,0.4078854048465267,0.48812542193383,,,
0.2,0.3,0.0,0.2,0.05,0.5,0.9457218095704787,0.8879940135143513,0.8472113576158941,0.8957040240690282,0.6724292896663955,0.4484394636510501,0.47476867948409834,,,
0.4,0.1,0.15,0.1,0.05,0.6,0.9457090166985629,0.8668089439960325,0.8538501775550384,0.8988436003633061,0.6917105996745322,0.4124084930533118,0.45779124553392614,,,
0.3,0.2,0.0,0.05,0.1,0.5,0.945630327091693,0.875287271737648,0.8363992115625558,0.9021957120799274,0.7199854882017901,0.37350945718901457,0.49491006360650486,,,
0.3,0.2,0.0,0.2,0.15,0.4,0.9454104689437346,0.8908132318145185,0.8377277578306783,0.893177189373297,0.6924820455655004,0.4111039851373182,0.5106509356725146,,,
0.3,0.2,0.0,0.1,0.2,0.5,0.9454052774426863,0.8864593714958776,0.8294112527295507,0.894497040417802,0.7191429121236778,0.3664446500807754,0.530186604502123,,,
0.4,0.1,0.05,0.15,0.1,0.4,0.9453553713961806,0.8778764786312071,0.8438342548773939,0.8982316802906448,0.6970461611065907,0.4088051360258481,0.4771253394216134,,,
0.3,0.1,0.1,0.05,0.05,0.5,0.9453427614078224,0.8687393175128634,0.8499714782530875,0.8999895994550409,0.7020571171684297,0.40005281615508886,0.4675964063125851,,,
0.2,0.0,0.15,0.05,0.05,0.4,0.9453207913921255,0.8793444144566364,0.8543258006085556,0.890252949137148,0.683809327908869,0.42824074701130854,0.4676129616278138,,,
0.3,0.2,0.05,0.2,0.1,0.5,0.9453080189167214,0.8882630910172958,0.8456141014855916,0.8937691771117166,0.6804569641985354,0.435534555088853,0.4833182624369142,,,
0.4,0.1,0.1,0.2,0.15,0.5,0.9452896977806236,0.8883707025478891,0.8441319855020584,0.8919388778383288,0.6872469072416598,0.4237294339256866,0.4905075416165986,,,
0.2,0.2,0.05,0.15,0.2,0.5,0.9452128646382267,0.8933807283119459,0.8337723572579201,0.8893964782016349,0.6987335866558178,0.3940594707592892,0.53494715613234,,,
0.3,0.0,0.05,0.05,0.2,0.3,0.9450206712089995,0.887258334188829,0.8249805167352783,0.890496615349682,0.7313133213995118,0.34241355347334407,0.5496683125851157,,,
0.4,0.2,0.0,0.15,0.15,0.5,0.9450145383304831,0.8827939009360858,0.8369475888670128,0.8981853460490463,0.709223560618389,0.39072333311793217,0.500806156212449,,,
0.4,0.0,0.1,0.2,0.1,0.3,0.9449901674205345,0.8839302603682351,0.8490592042240916,0.8900315186194369,0.6704475801464606,0.44491563812600965,0.4669374137627173,,,
0.4,0.2,0.0,0.05,0.2,0.6,0.9449369751350899,0.8798016279213935,0.8295727664220512,0.8988867547683923,0.7285947038242474,0.3563788659127625,0.5180063601698309,,,
0.3,0.2,0.0,0.15,0.05,0.4,0.944848610293662,0.8768488319880974,0.846118815822445,0.9009357815622161,0.6901952123677787,0.422123360904685,0.46799238900905227,,,
0.2,0.0,0.15,0.1,0.15,0.4,0.9448300616618793,0.8955739951397929,0.8420215085018794,0.8839600399636693,0.6879678966639545,0.41594977253634896,0.5175533730673716,,,
0.4,0.1,0.05,0.05,0.05,0.4,0.9448255971822895,0.8498272348149525,0.8478785679255414,0.9093152475022707,0.7165482945484133,0.36756567302100157,0.46260117119282224,,,
0.3,0.1,0.1,0.15,0.2,0.5,0.9447711544380449,0.8928054569214556,0.8375615829604439,0.8888463056312443,0.6984105655004068,0.40090183586429723,0.5224167855483457,,,
0.4,0.2,0.05,0.05,0.05,0.6,0.9447485943125113,0.8613023193354411,0.8469778253087524,0.9061557901907357,0.712726937347437,0.3825489079159935,0.46817208042938396,,,
0.4,0.2,0.0,0.2,0.05,0.4,0.9447373831455065,0.8722903500588928,0.8478929013781994,0.9020597293369664,0.6846630740439381,0.4270690584814216,0.4580910497476568,,,
0.3,0.1,0.05,0.1,0.1,0.4,0.9446899753878426,0.8820672317897217,0.8415373681761231,0.896786353315168,0.7032307192839706,0.4017942804523425,0.4908010106544901,,,
0.4,0.0,0.1,0.05,0.1,0.4,0.9446758756111218,0.8683729434009051,0.8434828410596027,0.8995407043596729,0.7145215459723352,0.3784342378029079,0.4803754491708724,,,
0.4,0.1,0.0,0.2,0.2,0.3,0.9446315902450524,0.8910579070113446,0.8329112854841597,0.8917328219800181,0.7051060593978844,0.38829636316639743,0.5301598276055436,,,
0.2,0.1,0.1,0.05,0.1,0.5,0.9446072357903429,0.885873029124047,0.842588064972257,0.893466672116258,0.7023307127746135,0.40356586171243947,0.4980489077946007,,,
0.2,0.0,0.1,0.1,0.2,0.3,0.9445688614972018,0.8970344674229744,0.8315795271165205,0.8838599673024523,0.7033267640358015,0.38029574410339256,0.5601423766722743,,,
0.3,0.2,0.05,0.1,0.15,0.6,0.9445488570643944,0.8855446323476537,0.8377920556649364,0.8957233292461398,0.7082130846216436,0.392856208723748,0.5063091812865498,,,
0.3,0.0,0.15,0.1,0.05,0.4,0.9444951022629791,0.8734926271650859,0.8556392081618043,0.8920098110808355,0.6779204182262001,0.43332937899838453,0.4565926302972042,,,
0.2,0.1,0.15,0.2,0.2,0.5,0.9444644050991002,0.8988498392908065,0.8409865772328621,0.8832171580381472,0.6732797298616762,0.4311754533117932,0.5267615576383883,,,
0.3,0.2,0.1,0.2,0.05,0.6,0.9443736171076655,0.8845738601698594,0.8525563280830499,0.8930428801089919,0.6698407518307568,0.4533569395799677,0.46426300472642795,,,
0.4,0.1,0.0,0.05,0.15,0.4,0.9443694788259728,0.8746536565618994,0.8301588405226419,0.9010941126248865,0.7317067982099268,0.35223486268174475,0.5090436117920372,,,
0.2,0.1,0.05,0.15,0.05,0.3,0.9443139336714286,0.8896317835472072,0.8500943325577234,0.8902954900090827,0.662794,0.4611819851373183,0.47103648225586797,,,
0.3,0.1,0.15,0.15,0.15,0.6,0.9442138317195843,0.8907660333519309,0.8444807843207447,0.889310459582198,0.687556276647681,0.4240039586429725,0.4971468193543219,,,
0.4,0.3,0.0,0.05,0.05,0.3,0.9441380160634959,0.7718601779430909,0.8455868818686236,0.9345388115349683,0.7337481448331977,0.2752787974151858,0.41968012064407595,,,
0.4,0.1,0.05,0.1,0.2,0.5,0.9440119269286812,0.8855871671440084,0.8333039493466977,0.894481047229791,0.7181192896663955,0.3746530591276252,0.5199007962829447,,,
0.2,0.2,0.1,0.15,0.1,0.6,0.9439854092394437,0.8907490587812287,0.8458647028816896,0.89082321253406,0.681250723352319,0.4351468096930533,0.4908466214852199,,,
0.4,0.1,0.1,0.1,0.05,0.5,0.943977670786989,0.8647322784948237,0.8516344762842313,0.9011100354223434,0.6965666395443451,0.40656981066235864,0.46016940783465515,,,
0.4,0.0,0.05,0.1,0.15,0.3,0.9439107265816298,0.8820761541627922,0.8351807766243065,0.8950838483197093,0.7173675353946298,0.3765065479806139,0.5083770660898822,,,
0.3,0.0,0.1,0.05,0.15,0.4,0.9437587677983568,0.8862158445229682,0.8367187041345983,0.891911964123524,0.7153624580960131,0.38055491696284327,0.515285778899303,,,
0.2,0.1,0.15,0.2,0.15,0.5,0.9435936408292431,0.8980986175686566,0.8450802215858243,0.882914118982743,0.6648354003254678,0.4493646371567044,0.5074141307378034,,,
0.2,0.2,0.0,0.1,0.05,0.4,0.9435068141039229,0.8813648447833364,0.8436058525147664,0.8995568197093551,0.6964962367778682,0.41624395024232635,0.48190767139309465,,,
0.4,0.1,0.15,0.2,0.1,0.6,0.943399636003198,0.8849886235943215,0.8504904564166815,0.8914195504087193,0.6769351993490642,0.44260522390953155,0.47203059905471445,,,
0.2,0.2,0.05,0.05,0.2,0.6,0.9433830071139797,0.8884736113818115,0.8304548031143726,0.8920732388737511,0.7177674719283971,0.370578118901454,0.534880142273492,,,
0.3,0.1,0.05,0.05,0.05,0.4,0.9433182248470922,0.8663565682226769,0.8463479228566314,0.9027683923705722,0.7095777005695688,0.3902371663974152,0.4720117333974205,,,
0.2,0.1,0.15,0.2,0.1,0.5,0.9431672392748556,0.8964362994730644,0.849380037766243,0.882623555404178,0.6548625272579333,0.4678484064620355,0.486542234879436,,,
0.4,0.1,0.0,0.15,0.1,0.3,0.9430618253761647,0.8769359246171968,0.8396911550026848,0.8999807198001816,0.7041075630593979,0.39992664168012926,0.4835366612192582,,,
0.2,0.1,0.15,0.2,0.05,0.5,0.9430219810171019,0.8934911923377349,0.8544609604438876,0.8822739986376021,0.6431919015459723,0.4860645453957997,0.4663383114635905,,,
0.2,0.3,0.0,0.1,0.1,0.6,0.9429707717074626,0.8852167849234394,0.8387438811526758,0.8975245567665758,0.7040414483319772,0.4028445990306947,0.5012498187935592,,,
0.4,0.0,0.15,0.15,0.05,0.4,0.9428657618187969,0.8679656035955613,0.8566068278145695,0.8935450917347866,0.6728598502847843,0.43755206526655893,0.448967879355924,,,
0.4,0.0,0.1,0.1,0.05,0.3,0.9428399827767179,0.8518723972723329,0.8534070316806872,0.9023125304268846,0.694284609438568,0.3976002294022617,0.45121624561403506,,,
0.2,0.1,0.0,0.05,0.2,0.3,0.9428110790766502,0.88661477344244,0.8175252265974584,0.8904594727520436,0.732303390561432,0.33230808917609045,0.5664558219979171,,,
0.2,0.2,0.05,0.15,0.15,0.5,0.9427727493315513,0.8929055816254416,0.838325848040093,0.8902816453224341,0.6925758917819366,0.4130626591276252,0.5180710314828166,,,
0.4,0.1,0.05,0.2,0.15,0.4,0.9427073548111857,0.8889335207984626,0.8413425077859316,0.8924765340599455,0.6919395028478438,0.4190512071082391,0.4987593733878074,,,
0.4,0.2,0.0,0.05,0.05,0.5,0.9426501172099376,0.8581565318703118,0.8436849599069267,0.9090000099909173,0.719790755899105,0.37282366397415184,0.47167522678843227,,,
0.3,0.3,0.0,0.2,0.2,0.6,0.9426417254496708,0.8909173073461037,0.8351051288705925,0.8926368869209809,0.7002445256305939,0.4009943967689822,0.5221721312184571,,,
0.3,0.1,0.1,0.05,0.2,0.6,0.9426101034133503,0.8879165785878123,0.834213471809558,0.8917903851044505,0.7167653344182262,0.3779125350565428,0.5248517340382921,,,
0.4,0.0,0.15,0.15,0.2,0.5,0.9425739189381614,0.8913706087905277,0.8406144952568462,0.888064542688465,0.6976748307567128,0.4081653240710824,0.5114182188576464,,,
0.3,0.3,0.15,0.05,0.05,0.3,0.9425300458760932,0.7216723443555886,0.8547553560050116,0.9376663147138966,0.7160923083807974,0.24778982810985462,0.3776090790675319,,,
0.3,0.0,0.1,0.15,0.1,0.3,0.9424447393064752,0.8897167708387576,0.8472812398424915,0.8876651039963669,0.6762808169243287,0.44150622940226175,0.48424312569093964,,,
0.2,0.1,0.15,0.1,0.2,0.6,0.9424113085268564,0.8943854712045132,0.8382790624664399,0.8866308424159854,0.6981121171684296,0.40340959483037153,0.5281080038452295,,,
0.4,0.0,0.1,0.05,0.05,0.3,0.9423887756689556,0.8360891647139049,0.8520317621263648,0.9080841480472298,0.712005802278275,0.3615624329563813,0.4522759770888408,,,
0.3,0.1,0.15,0.1,0.05,0.6,0.9423061993628309,0.8782341546835286,0.8533750698049043,0.8937817520435968,0.6849648551668023,0.43251246849757674,0.46660165953697025,,,
0.3,0.2,0.0,0.1,0.15,0.5,0.9422036358441237,0.8853665702808258,0.8339839846071238,0.8963724831970936,0.7145213246541904,0.3841040497576737,0.5157626182808619,,,
0.4,0.1,0.15,0.15,0.05,0.6,0.9421596344259419,0.8743874579877254,0.8544100656882048,0.8948269196185287,0.6809002709519935,0.4356255321486268,0.45904378402627577,,,
0.2,0.0,0.1,0.05,0.05,0.3,0.9420856589276029,0.8790350739073832,0.8507768863432968,0.8919879082652133,0.6908488014646054,0.42207013247172864,0.47394939742049186,,,
0.4,0.0,0.05,0.05,0.1,0.3,0.942073549152483,0.8654157622466059,0.8384855546805083,0.9020907152588556,0.724352067534581,0.36431296413570274,0.4870955896819675,,,
0.2,0.1,0.0,0.05,0.15,0.3,0.9420138439534508,0.8870048360548014,0.8247647218543046,0.8925511280653952,0.7273465264442636,0.3527468310177706,0.547354718577265,,,
0.3,0.1,0.0,0.1,0.1,0.3,0.9419789475138355,0.8815963109788606,0.836666978163594,0.8981987624886467,0.7118842693246542,0.3904668827140549,0.5008972144516542,,,
0.3,0.2,0.0,0.2,0.1,0.4,0.9419746343573117,0.888888237728597,0.8427238204761053,0.8945690208900999,0.6846014938974776,0.43282757867528265,0.49126630136986305,,,
0.4,0.3,0.0,0.2,0.05,0.6,0.9419436361251422,0.8766034999194098,0.8475386030069806,0.9006910940054497,0.6892833694060212,0.4279914242326333,0.4670058646158776,,,
0.4,0.1,0.1,0.05,0.1,0.6,0.9418310688482927,0.8738960620668279,0.8440525281904422,0.898858070390554,0.7116515419039869,0.3917937066235864,0.48397770231514864,,,
0.4,0.2,0.05,0.2,0.2,0.6,0.9418070854568932,0.8900606923315356,0.838123628602112,0.8924452361489555,0.6997145687550854,0.40691234959612277,0.5125748800769045,,,
0.2,0.2,0.1,0.15,0.05,0.6,0.9417995373659245,0.8882255604488253,0.8509267578306783,0.8914801648501363,0.6735436273393003,0.45204367108239096,0.47546556805255147,,,
0.2,0.1,0.05,0.05,0.1,0.4,0.9417940218886992,0.8860319199057716,0.8381621857884375,0.8944281221616712,0.7101516777868186,0.39371791599353795,0.5090685942481775,,,
0.4,0.1,0.05,0.1,0.05,0.4,0.9417308428523251,0.8618685501456822,0.848725097368892,0.9040153310626703,0.7028012929210741,0.39876122455573504,0.46326276952655615,,,
0.4,0.2,0.05,0.15,0.1,0.6,0.9417079728990545,0.8804583048540078,0.8442930637193484,0.8979309623069937,0.6984645996745321,0.4144532381260097,0.48245181895377715,,,
0.3,0.2,0.05,0.2,0.05,0.5,0.941669930476747,0.8850236910296944,0.8504878967245392,0.8941218578564941,0.6722255638730675,0.45363003166397414,0.46788762701273734,,,
0.3,0.1,0.05,0.15,0.2,0.4,0.941660507286217,0.8932924040419069,0.8337881039914086,0.8889361076294278,0.7043141513425549,0.3923866843295638,0.5367881134342706,,,
0.4,0.3,0.15,0.05,0.1,0.3,0.941620918696232,0.7268348514537226,0.8493709810273851,0.9386344350590373,0.726095474369406,0.2400772109854604,0.3870368182327966,,,
0.2,0.1,0.15,0.05,0.05,0.6,0.9415711835214704,0.8821439520922447,0.851924848398067,0.8924874800181654,0.6894626769731489,0.4289966300484653,0.4764246634623088,,,
0.3,0.1,0.1,0.15,0.15,0.5,0.9414174881744521,0.891536679164342,0.8418243676391624,0.8896135758401453,0.6919861423921888,0.4198210546042003,0.5061379296643435,,,
0.3,0.0,0.1,0.1,0.05,0.3,0.9413217659213162,0.8719176302027153,0.852779772507607,0.8940990213442326,0.6829809967453214,0.4290870171243942,0.45999021453176325,,,
0.4,0.1,0.1,0.1,0.15,0.6,0.9413160774450033,0.8837855536544542,0.8409800816180418,0.8948643919164396,0.7072675939788445,0.4000905932148627,0.4989096845309621,,,
0.4,0.1,0.0,0.1,0.2,0.4,0.9413016785440708,0.8851464252433204,0.8287628972614999,0.8948466689373298,0.725725639544345,0.36316541066235863,0.5316418461908196,,,
0.3,0.1,0.15,0.15,0.1,0.6,0.9412682813084063,0.8884353925733061,0.849000127438697,0.8898571439600363,0.6807176126932465,0.4404342966074314,0.4831004993991829,,,
0.3,0.3,0.0,0.15,0.05,0.6,0.9411001737843668,0.8798300409646023,0.8459578602112047,0.8998395617620345,0.693528411716843,0.42452135896607435,0.47591077946006566,,,
0.4,0.2,0.15,0.05,0.05,0.3,0.9409963524380339,0.7441536945012708,0.8570862432432432,0.9322999768392369,0.7186501122864117,0.26981612536348953,0.39661633373387806,,,
0.4,0.2,0.0,0.05,0.15,0.6,0.9409959185614527,0.8779939198561776,0.8337197195274746,0.9001938923705722,0.7251906175752645,0.37075243877221326,0.5072562281502844,,,
0.2,0.0,0.15,0.1,0.1,0.4,0.9409270492454649,0.8933644414605418,0.8476672453910865,0.883882642143506,0.6778366655817738,0.4404966662358643,0.4950690716975086,,,
0.4,0.1,0.1,0.2,0.1,0.5,0.9408997973048132,0.8854193644039428,0.8483929235725791,0.8922139804722979,0.6800223702196908,0.44132450210016155,0.47640642617960427,,,
0.2,0.2,0.05,0.05,0.15,0.6,0.9406827176496093,0.8877687317339285,0.8348658496509755,0.8933829777475023,0.7132776029292107,0.3870379831987076,0.5213112610750621,,,
0.3,0.2,0.05,0.05,0.05,0.6,0.9406514104602199,0.8728091366189326,0.8460255339180239,0.9009259332425068,0.7077725272579333,0.4012120936995154,0.47774727357205804,,,
0.3,0.0,0.05,0.05,0.15,0.3,0.9406448000945273,0.8860194558799827,0.8311055226418471,0.8923790336058129,0.7255935402766477,0.3655351282714055,0.530259077144917,,,
0.2,0.2,0.0,0.15,0.2,0.4,0.9406372932932796,0.8934010811481,0.828831970288169,0.8892897343324251,0.7044105532953621,0.38535670177705983,0.5516661401906593,,,
0.4,0.2,0.05,0.1,0.05,0.6,0.9405527476669087,0.8695458488376419,0.8478378299624126,0.9019163592188919,0.7027726541903987,0.40668130403877223,0.4697762436914203,,,
0.2,0.2,0.05,0.15,0.1,0.5,0.9403971336431223,0.8915904662823135,0.8431000723107214,0.8913076139872843,0.6852242262001628,0.43272670242326333,0.4998491486020989,,,
0.4,0.0,0.15,0.05,0.2,0.6,0.940380562143179,0.8865988809621227,0.8374672795775909,0.891319449137148,0.7156296240846217,0.3854138229402262,0.5160528606905391,,,
0.3,0.1,0.0,0.05,0.05,0.3,0.9403659202262921,0.8627065069989461,0.841241374082692,0.9064885186194369,0.7197685606183889,0.37643020161550894,0.4780610056877353,,,
0.3,0.3,0.0,0.2,0.15,0.6,0.9403004785428752,0.8900318287024983,0.8388592734920352,0.8938540286103542,0.6951473336045566,0.4168457802907916,0.5083128973804374,,,
0.2,0.0,0.1,0.1,0.15,0.3,0.9401671560271835,0.897013937189263,0.8378518403436549,0.8837851217075386,0.6946980903173312,0.4077393621970921,0.537350230393335,,,
0.3,0.2,0.05,0.1,0.1,0.6,0.9401658125148585,0.8834582369350938,0.842349704671559,0.8966996866485013,0.7030897990235964,0.40993465266558965,0.493479890250741,,,
0.4,0.0,0.1,0.15,0.2,0.4,0.9399444533498655,0.8920613272828715,0.8374639595489529,0.8882020499545867,0.7035222172497966,0.4007686578352181,0.5230658844828967,,,
0.4,0.3,0.05,0.05,0.05,0.3,0.9399075346348753,0.7517334578141467,0.849980306246644,0.9363056630336057,0.7300820097640358,0.2656112407108239,0.4064567951614195,,,
0.4,0.0,0.15,0.1,0.1,0.5,0.9398725692757197,0.8787429185295393,0.848281942903168,0.893073955040872,0.6956768934092759,0.4175667050080776,0.4783406993511175,,,
0.4,0.1,0.05,0.05,0.1,0.5,0.9398519510300704,0.8726368539830142,0.8404879765527116,0.9004952661217075,0.7184754507729862,0.382917134733441,0.48940496419130014,,,
0.3,0.1,0.05,0.05,0.2,0.5,0.9398423564657231,0.8877415349575352,0.829973487918382,0.8920048623978202,0.7238051879576891,0.36753397156704365,0.5366057128895297,,,
0.4,0.0,0.15,0.2,0.05,0.4,0.9397428426671075,0.8773150567726737,0.8569496488276356,0.8878601861943688,0.6571652050447518,0.46619233279483036,0.4496514949931907,,,
0.4,0.1,0.1,0.15,0.05,0.5,0.9396863485515123,0.8735106775277416,0.8523200255951315,0.8964259441416893,0.6844929902359642,0.43330033861066236,0.46153831226468,,,
0.3,0.1,0.1,0.1,0.05,0.5,0.939686175623816,0.8778649517822825,0.8509898498299624,0.8952422002724796,0.6894017062652562,0.42950024943457193,0.470350608988224,,,
0.2,0.1,0.15,0.1,0.15,0.6,0.9396447049970786,0.8934929944578761,0.8423584206192948,0.8869884105358765,0.69208472091131,0.4207708775444265,0.512886508691821,,,
0.4,0.1,0.0,0.05,0.05,0.3,0.9395659850317738,0.8426459880230612,0.8436608988723823,0.913464815168029,0.7269655484133442,0.353438453634895,0.4668261603781142,,,
0.3,0.0,0.15,0.2,0.2,0.4,0.9395182927435173,0.899137339606968,0.8412932940755325,0.881590608537693,0.6768673694060212,0.433516447819063,0.5278055478650965,,,
0.2,0.2,0.0,0.05,0.2,0.5,0.9394208437617444,0.8878977997148347,0.8253034653660283,0.8920459554950045,0.7248682359641986,0.35969869531502424,0.5486376401506049,,,
0.3,0.0,0.15,0.15,0.05,0.4,0.9393522781562799,0.8830662581861014,0.8560904216932164,0.8859783819255223,0.6611013547599675,0.46539758707592893,0.4591878429864616,,,
0.4,0.1,0.0,0.2,0.15,0.3,0.9393478388671386,0.8894655261050153,0.8378638065151244,0.8929992715712988,0.6979723352318958,0.41250183327948303,0.5100689419210126,,,
0.4,0.2,0.0,0.15,0.1,0.5,0.9393396840192391,0.8801145826793131,0.8412661976015751,0.8992149459582197,0.7037738014646053,0.40902053764135704,0.4879237106464792,,,
0.4,0.0,0.1,0.15,0.05,0.3,0.9393289723324834,0.8653231020023556,0.8541948083049937,0.8957393119891008,0.6764954410089504,0.4346621117932149,0.4508993362172555,,,
0.3,0.0,0.15,0.05,0.1,0.5,0.9391689677038767,0.882846755786994,0.846508262752819,0.8916091775658492,0.7011117241659885,0.41227761873990304,0.4900995438596491,,,
0.4,0.1,0.05,0.1,0.15,0.5,0.9391378910442745,0.883683580311202,0.8376509246465009,0.895672144414169,0.7134135012205045,0.3924766410339257,0.5066053546423135,,,
0.4,0.2,0.0,0.2,0.2,0.5,0.9390879572658115,0.8903479027710619,0.8351077973867908,0.8927438156221617,0.7046434857607812,0.4007940090468498,0.5226155488264039,,,
0.2,0.3,0.0,0.1,0.05,0.6,0.9390177311566452,0.8829754323476535,0.8438382274923931,0.8986170290644868,0.6982602807160293,0.42065351211631663,0.48722950957301936,,,
0.2,0.1,0.1,0.2,0.05,0.4,0.9389784259885257,0.8953617107184924,0.8523291576874888,0.8819240544959128,0.6413547917005696,0.49235386817447496,0.47242493743491143,,,
0.2,0.1,0.1,0.2,0.2,0.4,0.9389379273860717,0.8999249518070795,0.8374969139072849,0.8829696021798366,0.6757577070789259,0.4292506862681745,0.5440454693583273,,,
0.3,0.1,0.1,0.05,0.15,0.6,0.9388901767889475,0.8865054926538962,0.8385359799534634,0.8930117325158947,0.7121329747762408,0.39460348303715675,0.5118992995273572,,,
0.4,0.2,0.05,0.2,0.15,0.6,0.9387746814947339,0.8886026944144815,0.8417969883658493,0.8934442329700273,0.6945339462978031,0.42245345654281097,0.49960745958503566,,,
0.2,0.1,0.1,0.1,0.2,0.5,0.93875728999824,0.8949544299547455,0.8347001997494183,0.8866173628519528,0.7036016891781937,0.3963007974151858,0.542343667708083,,,
0.2,0.1,0.1,0.05,0.05,0.5,0.9385783599489224,0.8822874357200421,0.8491535308752461,0.8938228056312444,0.6949137290480065,0.4251329893376413,0.4821872868701434,,,
0.4,0.1,0.15,0.2,0.05,0.6,0.9385146217591609,0.8810723349823322,0.8548819770896724,0.8907384591280654,0.669682135069162,0.45774526074313404,0.46097040070495876,,,
0.4,0.1,0.0,0.1,0.05,0.3,0.9384558280377393,0.8576846708077615,0.8447591462323251,0.907614931880109,0.7111269625711961,0.38789274701130855,0.46745431322598735,,,
0.4,0.0,0.15,0.15,0.15,0.5,0.9383171197327602,0.889236034244622,0.8448856076606408,0.8886492384196185,0.6911996004882018,0.42651038772213246,0.49661707858687815,,,
0.4,0.2,0.0,0.1,0.05,0.5,0.9382123573509995,0.8677838985555762,0.8447389076427421,0.9042230603996367,0.7087018982912937,0.40001447754442654,0.47349347272290315,,,
0.2,0.2,0.0,0.15,0.15,0.4,0.9382066487299083,0.8934107147232039,0.8342038532307142,0.8904413169845595,0.6981441236777869,0.40641757802907913,0.5335103664183289,,,
0.2,0.1,0.1,0.2,0.1,0.4,0.9382027290023652,0.8982510019217654,0.846963143726508,0.8823023837420526,0.6552514751830757,0.4710895211631664,0.4978903103420652,,,
0.2,0.1,0.1,0.2,0.15,0.4,0.9381614790662421,0.8996064725807451,0.8422467852156793,0.882666601725704,0.6665844157851912,0.44974813311793216,0.5229422517023151,,,
0.2,0.2,0.05,0.15,0.05,0.5,0.938151363846497,0.8891053771247908,0.848524078754251,0.8923540495004542,0.676650344182262,0.452246853634895,0.4816017755347272,,,
0.3,0.2,0.0,0.05,0.05,0.5,0.9381218484345895,0.8713374844956915,0.8423777458385537,0.9030119009990917,0.7146958462164361,0.393174960904685,0.4828083383801971,,,
0.4,0.0,0.1,0.05,0.2,0.5,0.9380662233235687,0.88661603622838,0.8337886679792375,0.8916536062670299,0.7224890805532953,0.37599983521809366,0.5259762784587038,,,
0.3,0.1,0.1,0.15,0.1,0.5,0.9380351222187187,0.8892437358626247,0.8466202523715769,0.8904437061762035,0.6845638120423109,0.4387840084006462,0.4897659569013859,,,
0.3,0.0,0.15,0.1,0.2,0.5,0.9379647511998512,0.8941200168371459,0.8382475025953106,0.885656042688465,0.7028910008136696,0.40333213893376413,0.529265778899303,,,
0.3,0.2,0.0,0.2,0.05,0.4,0.9379620583079014,0.8855203220879052,0.8479293552890639,0.8953618701180744,0.6753242587469488,0.4540227760904685,0.472788556436754,,,
0.3,0.3,0.0,0.2,0.1,0.6,0.9379071872498189,0.8884977665116855,0.842891355110077,0.8950439990917348,0.6893528421480879,0.4328325557350566,0.4941315110149804,,,
0.3,0.1,0.05,0.15,0.15,0.4,0.9376862476762787,0.8923266956047361,0.8385126332557723,0.8898870317892825,0.6975790268510984,0.41422133182552506,0.5182749302251062,,,
0.4,0.1,0.05,0.2,0.1,0.4,0.9375895204579912,0.8858834828838882,0.8458447707177376,0.8930777733878292,0.6839814231082181,0.4396216387722132,0.4821634740046463,,,
0.4,0.2,0.0,0.1,0.2,0.6,0.9375355962136702,0.8858170873225467,0.8320029287632003,0.8953147942779291,0.7206903677786819,0.3796510552504039,0.5249313437474966,,,
0.2,0.1,0.0,0.05,0.1,0.3,0.9375355962136702,0.8858170873225467,0.8320029287632003,0.8953147942779291,0.7206903677786819,0.3796510552504039,0.5249313437474966,,,
0.3,0.0,0.15,0.2,0.15,0.4,0.9374663194809881,0.8978279318579133,0.8454558777519241,0.8810977247956404,0.6673543807973963,0.45435447043618743,0.5062079610670512,,,
0.3,0.2,0.05,0.15,0.2,0.6,0.9373654247289662,0.8921042470522597,0.835753029890818,0.8904124613987284,0.7040569414157852,0.4029564788368336,0.5278136797244253,,,
0.3,0.2,0.0,0.1,0.1,0.5,0.9373411903391666,0.8833396988407414,0.8388715256846251,0.8977975199818347,0.7092375329536208,0.40337882584814216,0.5011253286870144,,,
0.3,0.1,0.15,0.15,0.05,0.6,0.9372521063546495,0.8849969218027401,0.8538996416681582,0.8894707293369664,0.6732182701383239,0.45662666300484656,0.46994248273652167,,,
0.2,0.2,0.05,0.05,0.1,0.6,0.9371207971675464,0.8862937873659414,0.8396899402183641,0.8948154986376022,0.7081212392188772,0.40492259773828754,0.5071062944804935,,,
0.4,0.1,0.0,0.05,0.1,0.4,0.9371118345684529,0.8708170237926973,0.8358967213173438,0.9024065722070844,0.7269920065093571,0.37160515153473345,0.49631793030521504,,,
0.2,0.2,0.0,0.05,0.15,0.5,0.9371100645227546,0.8875458312565867,0.8302859137282977,0.8936758197093552,0.7204610032546785,0.37717771696284325,0.533748445085316,,,
0.4,0.0,0.1,0.1,0.1,0.4,0.9370841413851562,0.8782700527183684,0.8450536167889744,0.8943590681198911,0.7018577591537836,0.4114562552504039,0.48403340206681084,,,
0.2,0.1,0.15,0.1,0.1,0.6,0.9370291095976468,0.8917772581489058,0.8468948705924467,0.8873629305177112,0.685120937347437,0.4382363082390953,0.49705308099014656,,,
0.2,0.3,0.0,0.15,0.2,0.6,0.9369831787007772,0.8924862281321678,0.8322379625917308,0.890684055404178,0.7045371131000814,0.39734233085621967,0.5388674128014099,,,
0.3,0.1,0.0,0.15,0.2,0.3,0.9369525809944879,0.8935165777943092,0.8286833968140325,0.8888429709355132,0.7117346289666395,0.3814392025848142,0.5559591827285109,,,
0.2,0.0,0.15,0.1,0.05,0.4,0.9366135180296865,0.8889914252805157,0.854617753177018,0.8834224287011807,0.6657998665581775,0.464745766720517,0.4734331910598414,,,
0.4,0.1,0.05,0.15,0.05,0.4,0.9364511088819655,0.8722832204327072,0.8496016790764275,0.8984146521344233,0.6891142262001627,0.43015474119547653,0.46477386077064803,,,
0.4,0.0,0.05,0.15,0.2,0.3,0.9364326869211158,0.8926828522720228,0.833448105781278,0.8883061930063578,0.7109851082180635,0.39084364588045234,0.5387112247055996,,,
0.4,0.1,0.1,0.15,0.2,0.6,0.9363143881522895,0.8910619571756245,0.8386761920529802,0.8899342338782925,0.7032909397884459,0.40895160129240715,0.5179057064808139,,,
0.4,0.1,0.0,0.1,0.15,0.4,0.9362804064011654,0.8833654323972476,0.8334749319849651,0.8964336376021799,0.7210177160292921,0.38263008142164784,0.5165168653368581,,,
0.3,0.1,0.15,0.2,0.2,0.6,0.9362235611250742,0.8967322785196206,0.8417790345444782,0.8846964037238874,0.6837709910496339,0.43353389273021,0.5204106330209084,,,
0.3,0.1,0.05,0.1,0.05,0.4,0.9361851237107403,0.8772827239476784,0.8478164886343297,0.8970421221616712,0.6952197811228641,0.42535195153473343,0.4753236199631499,,,
0.3,0.0,0.1,0.05,0.1,0.4,0.9360906629884982,0.8829079801128262,0.8427714782530875,0.8926765903723887,0.7085913962571196,0.40453288788368336,0.49848804630297205,,,
0.3,0.1,0.05,0.05,0.15,0.5,0.9360135826118928,0.8865344779616887,0.8346448646858778,0.8935608805631244,0.7191297965825875,0.3857787560581583,0.5221754767283505,,,
0.3,0.0,0.15,0.2,0.1,0.4,0.9359696003557387,0.8952113274564504,0.850174747628423,0.8806515490463216,0.6559465109845403,0.47507205040387723,0.48402814948329725,,,
0.4,0.2,0.05,0.15,0.05,0.6,0.9359396473998108,0.8768694675841547,0.8488394272418113,0.8979743537693007,0.6927063091944671,0.4303229137318255,0.47205476007370023,,,
0.2,0.2,0.1,0.2,0.2,0.6,0.9359364262512816,0.8975255704916,0.8389316933953821,0.8855662039055404,0.6836878120423109,0.42964579450726975,0.5322447547865097,,,
0.4,0.0,0.1,0.2,0.05,0.3,0.9357782551955995,0.8765981692145559,0.8548201286916055,0.8889013492279746,0.6579444507729862,0.46879095250403874,0.4514240224305055,,,
0.4,0.1,0.1,0.1,0.1,0.6,0.9357241853178132,0.8809328615460913,0.8453644045104707,0.8951207266121708,0.7020699934906428,0.4165713518578352,0.48765749082752546,,,
0.2,0.1,0.1,0.1,0.15,0.5,0.9356141342486798,0.8943999356518505,0.8392526427420799,0.8870593301544051,0.697301937347437,0.41598972600969303,0.5253742260674518,,,
0.4,0.2,0.0,0.2,0.15,0.5,0.9355926005481806,0.8890078243134337,0.8390525885090389,0.8939691970935513,0.699254946297803,0.4183695948303716,0.5079434299447249,,,
0.3,0.1,0.0,0.05,0.2,0.4,0.9355409743119757,0.8871547933544107,0.82440849328799,0.8920250018165303,0.7324134157851911,0.3548839722132472,0.5516995807097653,,,
0.4,0.0,0.15,0.05,0.05,0.5,0.9354564809340059,0.8640669585766537,0.8533996876678003,0.896691648955495,0.7007945752644427,0.40884388239095315,0.46631356196427143,,,
0.4,0.2,0.0,0.05,0.1,0.6,0.9354447517676137,0.8753622124356829,0.8382081949167711,0.9010344414168937,0.7212871830756713,0.386452543457189,0.49689765761435556,,,
0.4,0.1,0.1,0.2,0.05,0.5,0.9354066155280072,0.8811432681172896,0.8530456205477001,0.8916995980926431,0.6719534109031733,0.4585410707592892,0.46373233821997917,,,
0.4,0.0,0.15,0.05,0.15,0.6,0.9353382715391758,0.8844355469096771,0.8418003844639342,0.8919356244323343,0.7110092945484133,0.4019661021001616,0.5043042584314668,,,
0.4,0.2,0.05,0.2,0.1,0.6,0.9353351178481724,0.8864101328125968,0.845677395919098,0.8940248178928246,0.6887229462978032,0.43782829596122774,0.48697093631338617,,,
0.2,0.2,0.0,0.15,0.1,0.4,0.9352971743878553,0.8924620963610439,0.83957393753356,0.8917574950045414,0.6903573124491456,0.4294990843295638,0.5124276399903869,,,
0.2,0.0,0.1,0.1,0.1,0.3,0.9351307542903556,0.8953036170603186,0.8441225145874351,0.8836916693914623,0.6834602644426363,0.43792094087237476,0.5099291119122006,,,
0.3,0.3,0.0,0.2,0.05,0.6,0.9350915672611277,0.8861402898766351,0.847221160014319,0.895703323342416,0.6828252042310822,0.4485681957996769,0.4804236664263399,,,
0.2,0.2,0.1,0.2,0.15,0.6,0.9349456559876661,0.8969686411257826,0.8426440085913729,0.8857247543142598,0.6771387770545159,0.44532767108239096,0.5162133133060963,,,
0.3,0.2,0.05,0.1,0.05,0.6,0.9349143597048477,0.8803520612733245,0.8473004216932164,0.8970116321525886,0.6972766387306754,0.4269513589660743,0.4813411732756549,,,
0.2,0.3,0.0,0.15,0.15,0.6,0.9348948739903997,0.8921091009112888,0.8362672697333096,0.8916949386920981,0.6995708331977217,0.4135951573505654,0.5245945264760074,,,
0.4,0.0,0.1,0.15,0.15,0.4,0.9347923527703125,0.8900322640877812,0.8420177945229997,0.8889591385104451,0.6966381895850284,0.4221611954765751,0.5058588885684531,,,
0.3,0.0,0.1,0.15,0.05,0.3,0.9347901178219905,0.8835770604922201,0.8536561791659208,0.8866062638510445,0.6629728551668023,0.4681741563812601,0.46310352992069215,,,
0.4,0.0,0.05,0.05,0.2,0.4,0.9347466348563532,0.886382744008431,0.8291365865401825,0.891894354677566,0.7309106273393002,0.3643317163166397,0.5386854986782024,,,
0.3,0.1,0.15,0.2,0.15,0.6,0.9346187496660098,0.8955749949042217,0.845287783246823,0.8847765208900998,0.6770526704637917,0.4490049143780291,0.5049029600256348,,,
0.3,0.2,0.05,0.15,0.15,0.6,0.934578198674185,0.8911422193540388,0.8395558958296044,0.8913332833787466,0.6988849137510171,0.4192062617124394,0.5139124631899383,,,
0.2,0.1,0.05,0.05,0.05,0.4,0.9345004252619917,0.8823485013204388,0.8453704249149812,0.8954502951861943,0.7021828527257933,0.41964508497576736,0.4900956369462469,,,
0.2,0.2,0.1,0.2,0.1,0.6,0.9343618773162918,0.8957651011344616,0.8465106065867192,0.8859364327883742,0.6695250439381611,0.4611521525040388,0.49898539710005607,,,
0.2,0.1,0.15,0.1,0.05,0.6,0.9343017530937231,0.8889396872357571,0.8523035818865223,0.8875895049954586,0.6771984800650935,0.4555483605815832,0.4816825585195866,,,
0.4,0.1,0.1,0.05,0.05,0.6,0.9340828429235429,0.8693958908189201,0.8495483662072669,0.8987320031789282,0.7065090740439381,0.40859165557350563,0.4750236886966274,,,
0.3,0.0,0.1,0.1,0.2,0.4,0.9340406349373949,0.8949003478519622,0.8345121967066405,0.8855597157129882,0.7097444125305127,0.39484350306946686,0.5449603991027798,,,
0.3,0.1,0.1,0.05,0.1,0.6,0.9340158536891601,0.884187209794805,0.8434111120458208,0.8937685404178021,0.7069738543531326,0.41210806655896604,0.4991227669630698,,,
0.2,0.2,0.1,0.2,0.05,0.6,0.9340046945817454,0.8936943946686505,0.8508816685161984,0.8861307593097184,0.6608054353132627,0.4768726074313409,0.4817374400384523,,,
0.3,0.0,0.15,0.1,0.15,0.5,0.933895868722029,0.8926854682288762,0.8425671313764095,0.8859727143505903,0.6963636891781936,0.4228042436187399,0.5129569633902107,,,
0.4,0.2,0.0,0.1,0.15,0.6,0.9336662891202034,0.8843737393094042,0.8358997753713979,0.896569985013624,0.7167769528071603,0.3950987728594507,0.5131452836657855,,,
0.3,0.0,0.15,0.2,0.05,0.4,0.9336422107468862,0.8907195952637779,0.8556359495256846,0.8795268583106267,0.6428043352318958,0.4953162798061389,0.4637081749579428,,,
0.3,0.1,0.1,0.15,0.05,0.5,0.9336087857740496,0.8856023678383237,0.8518661839985681,0.8902897593097184,0.6761961757526445,0.4573736930533118,0.4744064859408796,,,
0.3,0.1,0.05,0.15,0.1,0.4,0.9336036061284201,0.8901608567850722,0.8436721267227492,0.8910217302452316,0.6895740203417413,0.43656208917609046,0.49884430201073465,,,
0.3,0.2,0.0,0.15,0.2,0.5,0.9335640923383027,0.8923797785382184,0.8321763262931806,0.8905052502270664,0.7096333742880391,0.3961431702746365,0.5406536731554915,,,
0.4,0.0,0.05,0.1,0.1,0.3,0.9335537875149382,0.8774698727915196,0.8407546135672096,0.8958965290644869,0.7100352392188772,0.4026886054927302,0.4916984728030121,,,
0.2,0.1,0.05,0.1,0.2,0.4,0.9333988613935481,0.8952950441510136,0.8298627091462323,0.8864616507720254,0.7103880195280716,0.3875286423263328,0.5606514579828566,,,
0.2,0.2,0.0,0.05,0.1,0.5,0.9333783110946707,0.8863086397123551,0.8355499045999641,0.8956274091734786,0.7152189308380797,0.397139086914378,0.517724455980133,,,
0.4,0.3,0.1,0.05,0.05,0.3,0.9333364518365821,0.7322200840121504,0.8532774045104707,0.9369182842870118,0.7265442904800652,0.25769735379644587,0.39481661603781143,,,
0.3,0.0,0.1,0.2,0.2,0.3,0.9332713774249993,0.9006020055297254,0.8378301560766064,0.8811961889191644,0.680641983726607,0.4307537537964459,0.5479456129135625,,,
0.3,0.2,0.0,0.05,0.2,0.6,0.9332162972674021,0.8875644430475482,0.828927018972615,0.8930646621253405,0.7257072131814484,0.3738589996768982,0.5398164141632621,,,
0.3,0.1,0.15,0.2,0.1,0.6,0.9332123291727247,0.893649654082202,0.8492338580633614,0.8849064141689373,0.6693802961757526,0.46444888594507266,0.48927069983177124,,,
0.4,0.0,0.15,0.15,0.1,0.5,0.9331715767777375,0.8859427813278781,0.8494055197780561,0.8884724509536785,0.6838740968266883,0.44457166526655895,0.48258160618441076,,,
0.4,0.1,0.0,0.2,0.1,0.3,0.9330550621017019,0.8863611881718431,0.8426875573653123,0.8939910908265213,0.6892581708706266,0.4372139683360258,0.49005624721621405,,,
0.4,0.1,0.05,0.15,0.2,0.5,0.9330459199632876,0.8915328849048415,0.835633836942903,0.8901239940962761,0.7088127827502034,0.4029040232633279,0.5287060626451975,,,
0.4,0.1,0.1,0.15,0.15,0.6,0.9329239768881206,0.8894661402268923,0.8424602112045821,0.8907965672116257,0.6980510170870627,0.4248306474959612,0.504932176239686,,,
0.2,0.1,0.05,0.2,0.05,0.3,0.9328735454021843,0.8977182303638956,0.849546637014498,0.8813083905540419,0.6385001456468674,0.5013101331179322,0.48214337066410323,,,
0.2,0.2,0.0,0.15,0.05,0.4,0.9328588532388026,0.8901238522596243,0.8454811841775551,0.8932846798365123,0.680830427990236,0.4526209214862682,0.4902418175118161,,,
0.2,0.3,0.0,0.15,0.1,0.6,0.9327681845929834,0.8911263566300911,0.8404587828888491,0.8928360140781108,0.693801634662327,0.430439205815832,0.5092823343747497,,,
0.4,0.1,0.05,0.1,0.1,0.5,0.9327071471189016,0.8807141432521233,0.8422698824055843,0.8963014305177112,0.7079760577705452,0.4112638953150242,0.4938193139469679,,,
0.2,0.2,0.05,0.05,0.05,0.6,0.9326789637083035,0.8837919819478024,0.8452017707177376,0.8956857338782924,0.7023137518307567,0.4231739909531503,0.49313569590643275,,,
0.4,0.2,0.0,0.15,0.05,0.5,0.9326282777762481,0.8762274474986051,0.8460787963128691,0.8996147175295186,0.6975888218063466,0.42722922132471725,0.4761390728190339,,,
0.4,0.0,0.1,0.05,0.15,0.5,0.932577666291809,0.8844915625317711,0.8383837846787183,0.8926065953678475,0.7177600447518308,0.39436140743134085,0.5127389170872386,,,
0.3,0.1,0.0,0.15,0.15,0.3,0.932560995278836,0.8930558651044573,0.8341820984428137,0.8900996312443233,0.7048587575264443,0.4063560917609047,0.5351812131699111,,,
0.2,0.1,0.1,0.1,0.1,0.5,0.9324952427368396,0.8929052426507966,0.8441189880078754,0.8876109859218893,0.6898312636289666,0.43625469789983845,0.5071036496034608,,,
0.4,0.1,0.05,0.05,0.2,0.6,0.9324350427529242,0.8867739593081644,0.832452422767138,0.8929744704813806,0.724534083807974,0.3808804930533118,0.5302384256989506,,,
0.3,0.0,0.05,0.05,0.1,0.3,0.9320578835259784,0.8827478022689232,0.8376883916234116,0.8938649055404178,0.7186171358828316,0.3932564180936995,0.5101662803813186,,,
0.4,0.1,0.0,0.15,0.05,0.3,0.9320071454752686,0.870466171867832,0.8459408666547342,0.9009445481380564,0.6953030073230269,0.4257145802907916,0.4691355090923656,,,
0.3,0.1,0.0,0.05,0.15,0.4,0.9320043860435248,0.8862853723637716,0.8296135153033829,0.8939964450499546,0.7278550821806347,0.37439027786752826,0.535655435872787,,,
0.4,0.0,0.1,0.05,0.05,0.4,0.9319728353832489,0.8609926844708945,0.8508269781635941,0.8992381789282471,0.7079380724165988,0.40116752180936993,0.4704093182728511,,,
0.3,0.2,0.05,0.15,0.1,0.6,0.9318333226173282,0.8894603661521293,0.8437279008412386,0.8923864409627612,0.6930175890968266,0.43554530210016157,0.49971533878074176,,,
0.3,0.1,0.1,0.1,0.2,0.6,0.9316708462395582,0.8932816753580064,0.8363810556649365,0.8878352334241598,0.7079931236777869,0.4049730597738288,0.5337046743571257,,,
0.2,0.0,0.15,0.05,0.2,0.5,0.9316594821838734,0.8965185972103404,0.8355817504922141,0.8833280154405085,0.708661707078926,0.3986348071082391,0.5501569584234559,,,
0.4,0.2,0.0,0.2,0.1,0.5,0.9316191417199624,0.8868175963300479,0.8431586216216217,0.8948296307901907,0.6930810732302686,0.4359445027463651,0.4934305628454698,,,
0.2,0.2,0.05,0.1,0.2,0.6,0.9315289529900541,0.8938471117227699,0.8330113721138357,0.8883886807447775,0.7087454304312449,0.3992079431340872,0.5451587669630698,,,
0.3,0.1,0.1,0.2,0.2,0.5,0.9315014955725539,0.8977508056289133,0.839184325398246,0.8845839523160763,0.6874765663140765,0.4314041033925687,0.5335015014019066,,,
0.3,0.1,0.15,0.2,0.05,0.6,0.9314902144040886,0.8907070383237244,0.8538197374261679,0.8847630054495913,0.6608446086248984,0.4796966397415186,0.4744224881839301,,,
0.2,0.1,0.05,0.2,0.2,0.3,0.9314350643194993,0.9008095137809187,0.8323972706282442,0.8824305249772934,0.678364230268511,0.4265849822294023,0.5662678040535127,,,
0.3,0.1,0.0,0.1,0.05,0.3,0.9313663914949186,0.8763067708387576,0.8434258661177735,0.8993274046321525,0.7031588917819366,0.41926299386106625,0.4822177409276616,,,
0.4,0.1,0.05,0.2,0.05,0.4,0.9312797506216591,0.8811737095778315,0.850706452120995,0.8928635186194369,0.6748872701383238,0.459586943457189,0.4673333866858928,,,
0.4,0.0,0.15,0.1,0.05,0.5,0.9312722844370738,0.8732303669704297,0.8539328065151244,0.8921168900999091,0.6883785272579332,0.43628177899838455,0.46772962188576467,,,
0.4,0.2,0.05,0.2,0.05,0.6,0.9312324935855177,0.8832985122807018,0.8498193209235726,0.8940530840145323,0.6822789625711961,0.45289424168012926,0.4751451463590483,,,
0.3,0.2,0.0,0.1,0.05,0.5,0.9311941572950115,0.8800859601264645,0.8441605421514229,0.8985479391462308,0.7030673336045565,0.4230898520193861,0.4871632298325723,,,
0.4,0.1,0.05,0.05,0.05,0.5,0.9310134990929734,0.8676008797718678,0.8466355885090388,0.9008814500454132,0.7131109096826689,0.40199663586429724,0.4794350523111432,,,
0.4,0.0,0.15,0.2,0.2,0.5,0.9309973255192814,0.896429364031988,0.8418912255235368,0.8835364105358765,0.6872088388934092,0.43614723101777064,0.5206009946327005,,,
0.3,0.0,0.15,0.05,0.05,0.5,0.9308822977086174,0.8779092965346227,0.8527124456774655,0.8905867302452316,0.6937319438567942,0.4326392290791599,0.47710175502683655,,,
0.2,0.3,0.0,0.15,0.05,0.6,0.9308611734589235,0.8893405397557499,0.8450923919813854,0.8940542438692098,0.6871493368592352,0.4471983683360259,0.49365885988944963,,,
0.3,0.0,0.1,0.2,0.15,0.3,0.9308446999369638,0.8997297477155787,0.8425346441739753,0.8805855785649409,0.6701309332790887,0.45521432568659126,0.5230481429143635,,,
0.3,0.1,0.05,0.05,0.1,0.5,0.9305118852719966,0.8842622197755875,0.8398553296939324,0.8947593505903724,0.7138155671277461,0.40566743586429727,0.5075820304414003,,,
0.2,0.0,0.1,0.1,0.05,0.3,0.9303419799245113,0.8908004925919039,0.8517655371397889,0.883525912352407,0.6691357192839708,0.4679404555735056,0.4820140249939919,,,
0.3,0.2,0.0,0.15,0.15,0.5,0.9303360031696561,0.8916595261050151,0.8363445346339716,0.8916266416893733,0.7043102180634663,0.4144971024232633,0.5252266037010334,,,
0.4,0.0,0.15,0.1,0.2,0.6,0.9303312768846803,0.8920209306800571,0.8391868797207804,0.887077767938238,0.7069941741253052,0.4110905906300485,0.5234816763598494,,,
0.2,0.1,0.05,0.2,0.1,0.3,0.9302976544457997,0.9003698536234579,0.8437711752282084,0.88180827702089,0.6555624841334418,0.4760073182552504,0.5157755653288472,,,
0.4,0.0,0.05,0.15,0.15,0.3,0.9301701255562299,0.8908786992746885,0.838430520672991,0.8892175744777475,0.7037304727420668,0.4160065945072698,0.5185537266682688,,,
0.3,0.2,0.0,0.05,0.15,0.6,0.9300733566159424,0.8866441417147107,0.8330284838016825,0.8946123969118983,0.7218128307567128,0.3896512717285945,0.5273103736281343,,,
0.2,0.1,0.05,0.1,0.15,0.4,0.9300142545999074,0.8952678503006634,0.8352029606228745,0.8870437093551318,0.703968390561432,0.4095872277867528,0.5423694751261716,,,
0.2,0.2,0.05,0.2,0.2,0.5,0.930001111103748,0.8982794528051578,0.8356281501700377,0.8854366017257039,0.6871670960130187,0.42783869596122776,0.547401293759513,,,
0.3,0.0,0.15,0.1,0.1,0.5,0.9298230831557092,0.8900914719732193,0.8476319838911759,0.8863557638510445,0.6887945459723352,0.44227374474959613,0.4966001422734919,,,
0.3,0.1,0.1,0.2,0.15,0.5,0.9296136533186176,0.8968144359804103,0.8429738034723465,0.8846841571298819,0.680294295362083,0.44900570468497575,0.5159527145718177,,,
0.4,0.0,0.0,0.05,0.2,0.3,0.9295930718197466,0.8856598813960697,0.8229542129944515,0.8919791012715713,0.7414070146460536,0.34990338933764137,0.5552563761916206,,,
0.3,0.0,0.1,0.2,0.1,0.3,0.9295522179741749,0.8973107523898084,0.8475466982280294,0.8799646553133514,0.6568355622457283,0.47992856736672046,0.4951031439557798,,,
0.2,0.1,0.1,0.1,0.05,0.5,0.9295419137602605,0.8900711181947802,0.8499214259889029,0.8881573873751135,0.6810510829943044,0.4563391819063005,0.4888446576944645,,,
0.2,0.1,0.05,0.2,0.15,0.3,0.9294615943436932,0.9011809786870001,0.8382921344191875,0.8822631739327883,0.6685117819365338,0.4514679683360258,0.5449501228871265,,,
0.2,0.1,0.15,0.15,0.2,0.6,0.9293284591338569,0.8988772375922137,0.8397953617325935,0.8827742089009991,0.6878010073230268,0.4327251399030695,0.538970726427942,,,
0.4,0.1,0.1,0.1,0.05,0.6,0.9292856734928073,0.8769817058334884,0.8502462869160551,0.8947620386012716,0.6962570805532954,0.43278787140549274,0.47737973035328046,,,
0.2,0.0,0.15,0.15,0.2,0.4,0.929258805312763,0.9018005717438473,0.8386466545552175,0.8792541866485014,0.6816541537835639,0.43393294798061394,0.554026537851478,,,
0.3,0.0,0.1,0.1,0.15,0.4,0.9290807928298557,0.8937856627859402,0.8392100021478432,0.8859606939146231,0.7028752693246542,0.4175478552504039,0.5263604007049587,,,
0.4,0.1,0.05,0.15,0.15,0.5,0.9290712808239873,0.8900594464075382,0.8396556060497583,0.8911802652134424,0.7033428470301057,0.42097359224555736,0.5140104809741248,,,
0.4,0.0,0.15,0.05,0.1,0.6,0.9290642411032886,0.8812732278222056,0.8464866556291392,0.891782449137148,0.7058050146460537,0.4188148264943457,0.4931515808699832,,,
0.4,0.1,0.1,0.15,0.1,0.6,0.9290059346386271,0.887053579443308,0.8465656017540719,0.8911168514986376,0.6922032384052075,0.4405378500807754,0.4923271785628454,,,
0.4,0.0,0.05,0.05,0.15,0.4,0.929002623989587,0.8843736642241646,0.8340678566314659,0.8932344713896457,0.7261855614320586,0.3844416723747981,0.523626350877193,,,
0.2,0.2,0.05,0.2,0.15,0.5,0.9289477958963457,0.898053808344182,0.8398470119921245,0.8856461307901907,0.6802341391375102,0.44530294216478195,0.5301649600256348,,,
0.2,0.2,0.05,0.1,0.15,0.6,0.9289456248112593,0.8934204714400844,0.8370575511007696,0.8891135853769301,0.703689688364524,0.41597724717285944,0.5308196741167989,,,
0.4,0.1,0.0,0.1,0.1,0.4,0.9289412513159833,0.8802940487012585,0.8383523880436727,0.8976186966394187,0.7153979039869812,0.40410740355411956,0.5017859764479692,,,
0.4,0.1,0.0,0.15,0.2,0.4,0.9288592308928068,0.8919063092430723,0.8318456678002506,0.8902451920980926,0.7155682880390561,0.39512356704361873,0.5425309158054954,,,
0.4,0.1,0.0,0.05,0.2,0.5,0.9288177539123832,0.886521324877565,0.82822452013603,0.8932142397820164,0.7318767339300244,0.37143291890145397,0.5417104716814868,,,
0.4,0.0,0.1,0.15,0.1,0.4,0.9287105227413922,0.8865874798338602,0.8467772346518704,0.8890390753860128,0.6886176135069162,0.44332308885298866,0.48932211199230957,,,
0.2,0.1,0.0,0.05,0.05,0.3,0.9286969342200795,0.882174030425888,0.8399996840880616,0.8974181752951862,0.7123265142392189,0.4112938436187399,0.5015743717055196,,,
0.4,0.2,0.0,0.1,0.1,0.6,0.9286969342200795,0.882174030425888,0.8399996840880616,0.8974181752951862,0.7123265142392189,0.4112938436187399,0.5015743717055196,,,
0.4,0.2,0.0,0.05,0.05,0.6,0.9286240359157248,0.8717145712727047,0.843303054233041,0.9015188369663942,0.7168491545972335,0.4029174726978998,0.48726690218697427,,,
0.3,0.1,0.05,0.15,0.05,0.4,0.9286141831597244,0.8863234391916186,0.8492689187399319,0.8912418306085377,0.6801428852725794,0.45840514636510504,0.4804207664824161,,,
0.2,0.2,0.05,0.2,0.05,0.5,0.9285750882144715,0.8951667070361417,0.8487045276534814,0.8862368178928247,0.6621377835638731,0.4810959915993538,0.489689323079388,,,
0.3,0.2,0.05,0.15,0.05,0.6,0.9285361419231877,0.8868533096026285,0.8483584361911581,0.8927689963669392,0.6864345711960944,0.45163814216478193,0.48602753697027956,,,
0.2,0.2,0.05,0.2,0.1,0.5,0.9284808057242357,0.8971079681358874,0.8440786805083229,0.8859128396911898,0.6719569902359642,0.4632193525040388,0.5103630662501002,,,
0.4,0.0,0.15,0.2,0.15,0.5,0.9284467412486418,0.8947201991940983,0.8456366404152497,0.8835874473206176,0.6798619471114727,0.45328892471728593,0.5041545450612833,,,
0.3,0.1,0.1,0.1,0.15,0.6,0.9283671424017003,0.8922151100365755,0.8402312063719349,0.888456931880109,0.7027454711147274,0.42167413182552504,0.5197760315629255,,,
0.3,0.0,0.05,0.1,0.2,0.3,0.928311202567933,0.8954984262104024,0.8294748449973152,0.8853262229791099,0.7185287241659887,0.38376628174474964,0.5660555031643034,,,
0.3,0.1,0.1,0.2,0.1,0.5,0.9282068525950389,0.8950024921455582,0.847116956506175,0.8848630395095368,0.6718452701383238,0.4665428691437803,0.4976009760474245,,,
0.2,0.2,0.0,0.05,0.05,0.5,0.9281775567369834,0.8838591505300354,0.8415059382495078,0.897018397366031,0.7091704369406021,0.41835533376413575,0.501510247376432,,,
0.4,0.1,0.05,0.05,0.15,0.6,0.9281730368169008,0.885188670435807,0.8365231129407553,0.8941176403269755,0.7205851204231082,0.39673997415185785,0.5184808323319714,,,
0.3,0.0,0.1,0.2,0.05,0.3,0.9280563663389498,0.8924814991507037,0.8533919670664042,0.8787998138056312,0.6406568633034988,0.5038280297253634,0.4690463180325242,,,
0.3,0.1,0.1,0.05,0.05,0.6,0.9280341131827365,0.8807222057404996,0.8487677657061035,0.8936155585831063,0.7011525679414158,0.4295201137318255,0.4870817335576384,,,
0.2,0.1,0.15,0.15,0.15,0.6,0.9277839608654967,0.8982325735292295,0.8434795426883838,0.8825078024523161,0.6811361074043938,0.4488395890145396,0.5228403119442442,,,
0.4,0.2,0.0,0.15,0.2,0.6,0.9277596870454823,0.8910389843903045,0.8341394619652766,0.8914867193460491,0.7126819340927583,0.4044918817447496,0.5328775553953377,,,
0.2,0.0,0.15,0.05,0.15,0.5,0.927601311569161,0.8958439515715082,0.8401106593878647,0.8831668474114441,0.7022386013018714,0.4190720142164782,0.5331225891212048,,,
0.2,0.0,0.15,0.15,0.15,0.4,0.9275061081515672,0.9013553762816936,0.8432464956148202,0.8781775054495913,0.6722366965012205,0.45519645169628437,0.5327032618761516,,,
0.3,0.1,0.0,0.15,0.1,0.3,0.9273283797078044,0.8911724102163536,0.839905848040093,0.8915668492279746,0.6962707737998373,0.43339250468497575,0.5118910765040455,,,
0.3,0.1,0.05,0.1,0.2,0.5,0.9273057786899848,0.8937732123240963,0.8328142430642562,0.8878226966394187,0.7142634711147274,0.3981571786752827,0.547494873187535,,,
0.3,0.2,0.0,0.15,0.1,0.5,0.9270881029928663,0.8901190706589795,0.8408169384284947,0.8929726784741144,0.6981319902359643,0.4332784678513732,0.508942893214772,,,
0.4,0.1,0.0,0.05,0.05,0.4,0.9270440693954,0.8650721270101047,0.8428134940039377,0.9036243315168029,0.7215239788445891,0.393237349273021,0.4851058953777137,,,
0.4,0.2,0.0,0.2,0.05,0.5,0.927002820304434,0.8835293952761764,0.8474697524610704,0.8951586153496821,0.6860376981285597,0.45310296930533117,0.4798326128334535,,,
0.4,0.0,0.05,0.05,0.05,0.3,0.9269091975849522,0.8564396056785073,0.8472506697691069,0.902427327883742,0.7176181350691619,0.3904055011308562,0.47598237747336375,,,
0.4,0.0,0.1,0.1,0.05,0.4,0.9268129145260416,0.8719480818796107,0.8514425468050834,0.8937058991825613,0.69379174450773,0.4334846306946688,0.4719460704958744,,,
0.3,0.1,0.1,0.2,0.05,0.5,0.9267158291290236,0.8919758526811729,0.8519851068551996,0.8848976026339691,0.6621792685109845,0.4838176833602585,0.4799730890010414,,,
0.2,0.1,0.15,0.15,0.1,0.6,0.9266521096142588,0.8968671050771806,0.8473836058707714,0.8822903019981835,0.6733783889340927,0.465038053634895,0.5055578791957062,,,
0.4,0.0,0.15,0.15,0.05,0.5,0.9266289863441687,0.8811652748372699,0.8543409074637551,0.8872643392370573,0.6756706037428805,0.46226577318255246,0.4700395276776416,,,
0.4,0.0,0.15,0.1,0.15,0.6,0.9264929118949551,0.8902563851714091,0.8431210744585644,0.8876732393278838,0.7016647168429618,0.4273334662358643,0.5105169037891533,,,
0.4,0.0,0.1,0.1,0.2,0.5,0.9264537919397114,0.8926848999814023,0.8361013644173976,0.8870865985467757,0.7131159316517494,0.4051121848142165,0.5350962714091164,,,
0.2,0.0,0.15,0.15,0.1,0.4,0.9264488402382045,0.8997267577955489,0.8478800742795777,0.8768867652134423,0.660587981285598,0.4772485576736672,0.5074577462148522,,,
0.2,0.2,0.05,0.1,0.1,0.6,0.9263109074981402,0.8923280637034281,0.8413294743153751,0.8899415690281562,0.6978263848657446,0.4332886707592892,0.5154651833693824,,,
0.2,0.1,0.05,0.1,0.1,0.4,0.92612144984613,0.8941673565680988,0.8405928557365312,0.8877843287920073,0.695999967453214,0.4336070856219709,0.5211519788512377,,,
0.3,0.0,0.1,0.05,0.05,0.4,0.9260382654834465,0.8773914680552972,0.8496908517988188,0.892003795640327,0.7005244247355574,0.42888892665589656,0.483246239525755,,,
0.3,0.1,0.0,0.05,0.1,0.4,0.9259582434615774,0.8841534514661211,0.8352516404152497,0.8957651607629428,0.7225003474369407,0.39689826235864295,0.5188043912521029,,,
0.4,0.1,0.1,0.2,0.2,0.6,0.9259177160141938,0.8955968519000682,0.8400280420619294,0.8860119713896457,0.6944375671277461,0.43377907334410337,0.5261947656813266,,,
0.2,0.2,0.0,0.1,0.2,0.5,0.9259098684599173,0.8939843151199554,0.8285795351709326,0.8882644600363306,0.7150088763222132,0.39228546623586436,0.560867401906593,,,
0.2,0.0,0.15,0.15,0.05,0.4,0.925903055251607,0.8962935306180646,0.8534522385895829,0.875476863760218,0.6462851529698942,0.4993293021001615,0.4818903774733637,,,
0.3,0.2,0.0,0.05,0.1,0.6,0.9258257507550643,0.8849797125782654,0.8375419418292465,0.8959311707538601,0.7174547917005696,0.4066288019386106,0.5145004785708563,,,
0.4,0.0,0.15,0.2,0.1,0.5,0.9257563316720188,0.8919602054925299,0.8499155648827635,0.8834888841961852,0.6715015337672905,0.47022378998384495,0.4881890406152367,,,
0.3,0.2,0.05,0.2,0.2,0.6,0.9256972687945263,0.8965729585518566,0.8373867137998927,0.8867007479564033,0.6948951253051261,0.42969076058158323,0.5375175012416887,,,
0.2,0.1,0.15,0.15,0.05,0.6,0.9256815176954531,0.8945214225032545,0.85196897547879,0.8820060199818347,0.6644511261187959,0.4812007890145396,0.4882866557718497,,,
0.2,0.1,0.1,0.05,0.2,0.6,0.9256304435607563,0.8952095925609076,0.8337708813316629,0.8857422901907357,0.7131080504475183,0.4011398093699516,0.5517458476327806,,,
0.4,0.1,0.0,0.2,0.05,0.3,0.9255478252966995,0.8811115725249519,0.847673325398246,0.894276257493188,0.678847641985354,0.46102808271405493,0.47221262853480733,,,
0.4,0.0,0.1,0.2,0.2,0.4,0.9254963804025209,0.897658592548509,0.8391938677286558,0.8833152924613987,0.6918864377542718,0.4339410552504039,0.5346763055355284,,,
0.3,0.0,0.15,0.05,0.2,0.6,0.9254354542866443,0.8944283781786623,0.8369575176302131,0.8848251012715713,0.7120591098454028,0.407078256542811,0.5398823479932708,,,
0.2,0.0,0.1,0.05,0.2,0.4,0.9254324582879176,0.8972101111896349,0.8308607637372472,0.8830386925522253,0.7166389430431245,0.38976282261712436,0.5702000573580069,,,
0.4,0.0,0.1,0.05,0.1,0.5,0.9252747762686797,0.8811610972413365,0.8433747993556471,0.892740376475931,0.7123333978844589,0.4136651269789984,0.500075916526476,,,
0.4,0.1,0.05,0.1,0.05,0.5,0.9251848319232996,0.8763895596305251,0.8475471444424557,0.896241762034514,0.7017518291293735,0.4299345919224556,0.48217144965152603,,,
0.4,0.3,0.15,0.05,0.05,0.3,0.9251656813151095,0.7133649004525447,0.8555923032038661,0.9366757693006357,0.7229779202603742,0.2511256549273021,0.38451331875350475,,,
0.3,0.1,0.1,0.1,0.1,0.6,0.9251496532607818,0.8903478434071043,0.8445893162699123,0.889209987284287,0.6967829609438568,0.43839502681744746,0.505576996875751,,,
0.3,0.1,0.05,0.2,0.2,0.4,0.9249662692400431,0.8987748164155973,0.8358720782172901,0.8843850186194369,0.6920337664768105,0.42899128142164783,0.5506322557077625,,,
0.2,0.1,0.0,0.1,0.2,0.3,0.9246700212155363,0.8950884180274007,0.8227110665831394,0.8859152556766576,0.7188176403580147,0.3772190642972536,0.584389561002964,,,
0.4,0.1,0.05,0.15,0.1,0.5,0.9245259028775138,0.8876279959580932,0.8439780828709503,0.891773676657584,0.6971407062652564,0.4389643075928918,0.49952732323960586,,,
0.4,0.2,0.0,0.15,0.15,0.6,0.9245194986716718,0.8899121977062798,0.8377342555933417,0.8926433188010899,0.7081734125305127,0.42013875670436185,0.5201091985900825,,,
0.3,0.0,0.15,0.1,0.05,0.5,0.9243733266529898,0.885950403917922,0.8532319656345086,0.8855379673024524,0.6802715321399512,0.4614096936995154,0.4813559295041256,,,
0.4,0.1,0.0,0.05,0.15,0.5,0.9243295237260082,0.8850653142644598,0.8325699584750315,0.8946918346957311,0.7279669869812856,0.38872231728594503,0.5286134304253784,,,
0.4,0.1,0.1,0.15,0.05,0.6,0.9242572413905144,0.8836195619366438,0.8509722915697154,0.8907147497729337,0.6856880667209113,0.45592527108239095,0.48059191892974445,,,
0.4,0.1,0.0,0.15,0.15,0.4,0.9241786897912834,0.8906397800508338,0.8362149507785932,0.8915207343324251,0.7099325866558177,0.4157950255250404,0.525886710886806,,,
0.3,0.0,0.1,0.1,0.1,0.4,0.924100794030766,0.8912961659413552,0.8445947238231609,0.8865822856494097,0.6946943344182263,0.44060737835218095,0.5069236250901226,,,
0.3,0.2,0.05,0.2,0.15,0.6,0.9239318462368866,0.89586176794991,0.8408416243064256,0.8871129450499545,0.6891747013832384,0.4450176814216478,0.5227353317311544,,,
0.2,0.2,0.05,0.1,0.05,0.6,0.9238888057138245,0.890338194557064,0.8461994854125648,0.8908130808356041,0.6910796940602115,0.4504634772213247,0.49982704061523675,,,
0.4,0.0,0.0,0.05,0.15,0.3,0.9238835346211287,0.8838990302399107,0.828401861822087,0.8936953328792007,0.7369470569568756,0.37148300936995154,0.5381303193142675,,,
0.2,0.3,0.0,0.2,0.2,0.6,0.9238566888186532,0.89693366786932,0.8340764215142296,0.8872190990009082,0.6949702205044751,0.4265281938610662,0.5495910366097893,,,
0.3,0.0,0.15,0.15,0.2,0.5,0.9238027633229049,0.8991158210154361,0.8398774712725972,0.8812345776566758,0.6919921480878763,0.43483414216478194,0.5408565469838982,,,
0.4,0.1,0.1,0.2,0.15,0.6,0.9236906187746375,0.894312825516087,0.8434085493109003,0.8863801380563124,0.688595132628153,0.448735540549273,0.5120923720259554,,,
0.2,0.0,0.15,0.05,0.1,0.5,0.9236076625868299,0.8940945299113509,0.8451051086450689,0.8831412338782925,0.6945973327908869,0.44000272762520193,0.5148164787310743,,,
0.3,0.1,0.05,0.05,0.05,0.5,0.9234417658526719,0.880587710991259,0.8456475686414892,0.8949439155313351,0.7076587282343368,0.4259092316639741,0.49375402739726026,,,
0.3,0.1,0.05,0.1,0.15,0.5,0.9234190559785861,0.8929647414791395,0.8369933760515482,0.8885761298819255,0.7088508974776241,0.41713043231017777,0.5320044824160859,,,
0.3,0.2,0.0,0.15,0.05,0.5,0.9233794471690819,0.8874873293906144,0.8457273739037051,0.8937088964577656,0.6910265850284784,0.4517643709208401,0.4929729515340863,,,
0.2,0.2,0.0,0.1,0.15,0.5,0.9231589526712295,0.8939397426074019,0.8332037435117235,0.8891466925522252,0.7099368462164362,0.4107276387722132,0.5456221509252583,,,
0.4,0.2,0.0,0.1,0.05,0.6,0.9228972695403697,0.879032726377782,0.8445364122069089,0.8976843183469573,0.7072912229454841,0.4274816633279483,0.49069293423055355,,,
0.2,0.1,0.05,0.1,0.05,0.4,0.9227366042647377,0.8914598346289753,0.8468227580096653,0.8887373228882834,0.686273211554109,0.4575055844911147,0.4989273834815349,,,
0.2,0.3,0.0,0.2,0.15,0.6,0.9226632899923022,0.8967553397805468,0.837848522820834,0.8877044682107176,0.6894567363710333,0.44179228174474955,0.5350587177761756,,,
0.3,0.1,0.05,0.2,0.15,0.4,0.9226625392009643,0.8981794345793812,0.8401105448362269,0.8845116839237057,0.6843758006509357,0.4492367321486268,0.5310016207642394,,,
0.4,0.1,0.05,0.05,0.1,0.6,0.9226390939402624,0.8827592490236191,0.8409120826919635,0.894652925976385,0.7161444458909683,0.4133152672051696,0.5069846113914924,,,
0.4,0.0,0.05,0.15,0.1,0.3,0.9225844850867619,0.8873201698592772,0.8434504340433149,0.8896044091734786,0.6949945028478438,0.44154540484652666,0.4985824476488024,,,
0.3,0.2,0.05,0.2,0.1,0.6,0.9225545073809324,0.8945229885066022,0.8445431149096116,0.88761739373297,0.6826017298616761,0.4602614546042003,0.5072249827765761,,,
0.3,0.0,0.05,0.1,0.15,0.3,0.9225490979356921,0.8949318425640072,0.8348460005369608,0.8858458433242506,0.7114956061838893,0.409970960904685,0.5451466157173757,,,
0.2,0.1,0.1,0.15,0.2,0.5,0.9224656776454085,0.8998909859029197,0.8366075731161626,0.8825320949137149,0.692081623270952,0.4313364239095315,0.5554228749499319,,,
0.2,0.1,0.1,0.05,0.15,0.6,0.9224291041823793,0.8947097067013825,0.8378264061213532,0.8860786884650318,0.7079641423921887,0.41846766268174473,0.5373550204277817,,,
0.4,0.0,0.1,0.2,0.15,0.4,0.9224269177746225,0.8961294765110656,0.8431666550921783,0.8833447461398728,0.6839605825874695,0.45374843683360255,0.515585681486822,,,
0.3,0.2,0.0,0.1,0.2,0.6,0.9222639953213471,0.892864445279276,0.8314617402899588,0.8894277561307902,0.7175152481692433,0.4005621828756058,0.5493350881999519,,,
0.4,0.1,0.05,0.1,0.2,0.6,0.922218696192899,0.892090056933854,0.8345901596563451,0.8890040431425976,0.7164626777868186,0.4063413298869144,0.5384242443322919,,,
0.4,0.0,0.15,0.1,0.1,0.6,0.9220078861273668,0.8875775530593268,0.847464192410954,0.8876699691189828,0.6957816753458096,0.44337846203554115,0.4979665937675239,,,
0.2,0.3,0.0,0.2,0.1,0.6,0.9219114694499988,0.896046495393962,0.841651761410417,0.8882867706630335,0.6830355573637104,0.45732822487883684,0.518713285908836,,,
0.4,0.0,0.1,0.1,0.15,0.5,0.9218821024708872,0.8910400080838138,0.8402254292106677,0.887841800181653,0.7075381098454028,0.4237111573505654,0.5204048531602979,,,
0.4,0.0,0.15,0.2,0.05,0.5,0.9217171356692723,0.8878558644349389,0.8544246239484518,0.8823365281562217,0.6621967282343368,0.48689071922455573,0.4735669776496034,,,
0.4,0.0,0.15,0.05,0.05,0.6,0.9216887799560306,0.8768978341330358,0.851651555575443,0.8908245835603997,0.6999612961757526,0.4354313169628433,0.48301901161579747,,,
0.2,0.3,0.0,0.2,0.05,0.6,0.9216604776142645,0.89464139664001,0.8457307549668873,0.8889322134423252,0.6755555378356387,0.4727751747980614,0.5014965029239766,,,
0.2,0.1,0.0,0.1,0.15,0.3,0.9216347628012675,0.895912062885128,0.8295010578127797,0.8868340154405087,0.7126705736371033,0.40114851502423265,0.5658195047664824,,,
0.4,0.1,0.1,0.2,0.1,0.6,0.9215960807936425,0.8922821480875334,0.8472455911938428,0.886782806085377,0.6819826623270953,0.46353482390953155,0.49806522470559966,,,
0.3,0.0,0.15,0.05,0.15,0.6,0.9215631160666912,0.8932219703924122,0.8408704846966172,0.8850987674841053,0.7067147249796583,0.42424171760904683,0.525935389409597,,,
0.4,0.0,0.05,0.1,0.2,0.4,0.9215496773154052,0.8932973661645279,0.8322634671558977,0.8870281071752951,0.7206755313262816,0.3973098016155089,0.5500262146919811,,,
0.2,0.2,0.0,0.2,0.2,0.4,0.9214758772972942,0.8988648104147294,0.8311291791659208,0.8851138405994551,0.6912362213181449,0.4265097363489499,0.5663986267724105,,,
0.3,0.1,0.0,0.15,0.05,0.3,0.9213769234107977,0.8871818733618497,0.8458898310363343,0.8923182711171662,0.6856346126932465,0.4599277363489499,0.48898873523992625,,,
0.3,0.2,0.05,0.2,0.05,0.6,0.9213417326974062,0.8923460918479945,0.84878244191874,0.8881465867393279,0.6751299096826688,0.47531347399030693,0.49189265432988866,,,
0.3,0.1,0.0,0.1,0.2,0.4,0.9212828803543426,0.8940781475172029,0.8281847078933239,0.887662957311535,0.7219567949552481,0.38975522584814215,0.5651479237362813,,,
0.3,0.1,0.1,0.1,0.05,0.6,0.9212770649000048,0.8874336673733805,0.8495626781814927,0.8892511653042688,0.6901329869812857,0.4548734313408724,0.4919365916846912,,,
0.3,0.0,0.15,0.15,0.15,0.5,0.9212111290506779,0.8980377003037631,0.843625880973689,0.8808387352406902,0.6846740781122864,0.4529580374798062,0.5232010878795161,,,
0.3,0.1,0.05,0.2,0.1,0.4,0.9212018222838432,0.8965848980720353,0.8445511091820297,0.8847246189827429,0.6750817225386493,0.4694714946688207,0.5092245988944966,,,
0.4,0.0,0.1,0.15,0.05,0.4,0.9211204391753715,0.8812483432893188,0.852036300340075,0.8880124382379655,0.6793434930838079,0.4639238907915994,0.47466539405591607,,,
0.4,0.2,0.0,0.15,0.1,0.6,0.9209385141575139,0.8880986142954559,0.8416397429747629,0.8934754314259764,0.7031526802278275,0.4357621621970921,0.507299363133862,,,
0.2,0.0,0.1,0.05,0.15,0.4,0.9208462443983039,0.8971003420742669,0.8361154982996242,0.8828774486830154,0.7100555630593979,0.4129190610662359,0.5518243165905632,,,
0.2,0.1,0.1,0.15,0.15,0.5,0.9207187530806612,0.8995952307730457,0.8407740984428137,0.88224609582198,0.6850147331163547,0.44940661453958,0.5380649641913001,,,
0.2,0.2,0.0,0.2,0.05,0.4,0.9206538204901273,0.8969103642675593,0.8459956226955432,0.8862420667574932,0.6639405695687551,0.48704983327948304,0.5012252527437314,,,
0.4,0.0,0.05,0.1,0.05,0.3,0.920629967533639,0.8700291206000867,0.8479775820655092,0.8957841730245231,0.7011607160292922,0.4294759954765751,0.4776509994392374,,,
0.4,0.0,0.05,0.05,0.1,0.4,0.9205269397100142,0.880885398474986,0.8393361909790585,0.8938336135331516,0.720596723352319,0.4066413602584814,0.5090402553873268,,,
0.4,0.1,0.05,0.2,0.2,0.5,0.9205193591579484,0.8965057357138428,0.8373887102201539,0.8859346643960037,0.69915,0.43161794701130857,0.5388158695826324,,,
0.3,0.2,0.0,0.05,0.05,0.6,0.9205190584973976,0.8823587576715641,0.8424968797207804,0.8965529591280654,0.7125157599674532,0.42392650726979,0.5020413097813026,,,
0.3,0.0,0.1,0.05,0.2,0.5,0.9204262438185203,0.8951492912032732,0.8333920631823877,0.8846304963669391,0.7190478917819366,0.4002703476575121,0.5546984367539854,,,
0.2,0.2,0.0,0.2,0.15,0.4,0.9202069007162943,0.8991293351683095,0.8361556248433863,0.8854600086285195,0.6840313360455655,0.4460991088852989,0.5487397623968597,,,
0.3,0.1,0.05,0.2,0.05,0.4,0.9200580447820887,0.8935319612423285,0.8497047753713979,0.8849403074477747,0.6639870667209113,0.48940729628432955,0.48765773804373946,,,
0.2,0.2,0.0,0.1,0.1,0.5,0.9199869431107615,0.8931521341268365,0.837898254877394,0.8901985308810173,0.7038380048820179,0.4306550513731825,0.5283531904189698,,,
0.4,0.1,0.0,0.1,0.05,0.4,0.919913003633742,0.8755139031430166,0.844013393055307,0.8980710004541327,0.7087590797396257,0.4260392213247173,0.48836554225747014,,,
0.2,0.2,0.0,0.2,0.1,0.4,0.9199080138491615,0.8985928860950964,0.8409745720422409,0.885797555404178,0.6750558331977217,0.4664079812600969,0.5265040855563566,,,
0.3,0.1,0.05,0.1,0.1,0.5,0.919558005414963,0.8912399472568346,0.8415984725255057,0.8895870118074478,0.702556474369406,0.43645153021001615,0.5157111279339902,,,
0.4,0.0,0.1,0.2,0.1,0.4,0.9195577086842032,0.8933525407228319,0.8476746094505101,0.8833339627611263,0.6746153506916192,0.47325879935379644,0.4964824375550749,,,
0.2,0.0,0.15,0.05,0.05,0.5,0.919555267311492,0.8908038814952576,0.8513064778951137,0.8828225018165304,0.6856043938161106,0.460742978352181,0.4966087748137467,,,
0.2,0.1,0.1,0.15,0.1,0.5,0.9195285744778815,0.8984973843407105,0.8449773368534097,0.881962025431426,0.676575113913751,0.4678576445880453,0.5181270503885284,,,
0.2,0.1,0.05,0.05,0.2,0.5,0.9194159584482076,0.8955960024796975,0.8293908550205834,0.8855369418710264,0.7201959227013832,0.39414150242326335,0.5686457563085796,,,
0.4,0.0,0.15,0.15,0.2,0.6,0.9194148752671168,0.8966156672245986,0.840506373903705,0.8830344273387829,0.6981126444263629,0.4365476122778675,0.5320498224785708,,,
0.3,0.0,0.05,0.05,0.05,0.3,0.919375007331191,0.8765049713222987,0.8453728926078395,0.8938628755676657,0.7098653881204231,0.4232478474959612,0.4918194828166306,,,
0.3,0.1,0.1,0.15,0.2,0.6,0.919362803117488,0.8977981009732813,0.8380338487560408,0.8840023378746594,0.6988389056143206,0.4324632872374798,0.5437683598493952,,,
0.3,0.2,0.0,0.2,0.2,0.5,0.9193599231211451,0.8972919948174323,0.8342195276534813,0.8865919041780199,0.6995796126932465,0.4274280717285945,0.5523663957382039,,,
0.2,0.1,0.1,0.05,0.1,0.6,0.9192220251250924,0.8934668919719794,0.8421922140683731,0.8865302561307902,0.7019931310008136,0.43624662035541195,0.5219652064407594,,,
0.4,0.1,0.05,0.15,0.05,0.5,0.9190973863504931,0.8839606584340711,0.8486133968140326,0.8916026684831971,0.6900622847843776,0.456544698546042,0.48602673299687577,,,
0.3,0.2,0.0,0.1,0.15,0.6,0.9190893772260804,0.8922399878246854,0.8352092294612494,0.8903483374205268,0.7130794955248169,0.41684887172859447,0.5360574828166307,,,
0.3,0.0,0.15,0.15,0.1,0.5,0.9190832407729063,0.8959704957411195,0.8478808392697333,0.8804831198910082,0.6760420976403579,0.4709761253634895,0.5048191617399663,,,
0.2,0.0,0.1,0.15,0.2,0.3,0.9190498679140557,0.9031459021511377,0.8338097556828351,0.8785045395095369,0.6860275085435313,0.4329407696284329,0.5793033642553873,,,
0.2,0.1,0.1,0.15,0.05,0.5,0.9188490579940942,0.8962618393651974,0.8497647134419187,0.8816876403269756,0.6665217355573637,0.4862767108239095,0.49739523928542817,,,
0.4,0.1,0.1,0.2,0.05,0.6,0.9187305947876377,0.8893175798648566,0.8513839242885269,0.8864701485013624,0.6746731627339301,0.47812360646203556,0.48481319154049507,,,
0.4,0.1,0.0,0.15,0.1,0.4,0.9186963422707868,0.8882444861198935,0.8408005645247898,0.8924281326067212,0.7033731676159479,0.4368588904684976,0.5089714600656893,,,
0.4,0.1,0.05,0.1,0.15,0.6,0.9185398237139613,0.8908537750418449,0.8382534336853409,0.889934004541326,0.711874393002441,0.4223939541195476,0.5256529116398302,,,
0.4,0.1,0.0,0.05,0.1,0.5,0.9180931119374787,0.8826133931436364,0.8372034412027922,0.8956456298819255,0.7234723344182262,0.40738525621970917,0.5156362651606184,,,
0.4,0.0,0.05,0.2,0.2,0.3,0.9179504877681229,0.8989627997024363,0.8357866878467871,0.8829987306993643,0.6978605549227014,0.43102508174474957,0.553939794440439,,,
0.4,0.1,0.05,0.2,0.15,0.5,0.9178561324243552,0.8953882073523031,0.8409828244138178,0.8863614182561308,0.692962588283157,0.4486325531502423,0.5228949563406232,,,
0.3,0.0,0.1,0.1,0.05,0.4,0.9177758141038271,0.8868492880540575,0.8506458813316627,0.8860042089009991,0.6851619829129374,0.4631859360258481,0.48862158679804535,,,
0.3,0.0,0.15,0.05,0.1,0.6,0.9177232830728961,0.8911206948112331,0.8454650023268302,0.8853819182561308,0.7006446175752644,0.441382346365105,0.5117607563886886,,,
0.2,0.2,0.05,0.15,0.2,0.6,0.9176503243958487,0.8983361717686442,0.8349001775550385,0.8848268274296095,0.6992025166802278,0.4293019728594507,0.5563155597212209,,,
0.3,0.1,0.0,0.05,0.05,0.4,0.9174419872229282,0.8802738437542621,0.8414889568641488,0.8965331239782016,0.7160651358828315,0.4208598080775445,0.5025949943122646,,,
0.4,0.1,0.0,0.1,0.2,0.5,0.917276955367052,0.8924782773293658,0.8309912248075889,0.8890199000908265,0.7231787591537836,0.39998007948303715,0.5515907494993191,,,
0.3,0.2,0.0,0.2,0.15,0.5,0.9172443593419003,0.8968484430475482,0.8380383116162521,0.887085338328792,0.6936086305939789,0.4447190384491115,0.536180296723544,,,
0.2,0.2,0.0,0.1,0.05,0.5,0.9171848673670641,0.8913288313185791,0.8431037495972793,0.8914588374205268,0.6966356940602115,0.45057071793214865,0.5101066112312745,,,
0.3,0.1,0.1,0.15,0.15,0.6,0.9171150145609813,0.8969969264149774,0.8414749119384284,0.8840886221616712,0.6930234841334418,0.44817905266558966,0.5289230614435633,,,
0.3,0.1,0.0,0.1,0.15,0.4,0.9169546559646621,0.8936690600954683,0.8328801720064436,0.8886109082652134,0.7165263360455655,0.4110278733441034,0.5481323540815509,,,
0.2,0.1,0.0,0.1,0.1,0.3,0.9167473322581234,0.8955127385282996,0.8358510039377126,0.8878198696639419,0.7044098152969894,0.429771969628433,0.5418223223584074,,,
0.4,0.2,0.0,0.2,0.2,0.6,0.9167473322581234,0.8955127385282996,0.8358510039377126,0.8878198696639419,0.7044098152969894,0.429771969628433,0.5418223223584074,,,
0.4,0.2,0.0,0.15,0.05,0.6,0.9167463249203962,0.8854237605356146,0.8457553894755683,0.8937647220708447,0.697488916192026,0.4511559554119548,0.49505021389089165,,,
0.4,0.0,0.15,0.15,0.15,0.6,0.9166995228289091,0.8951884782840493,0.8439457599785216,0.8830584718437784,0.6921691196094385,0.4518534106623586,0.5179245894416407,,,
0.4,0.0,0.1,0.05,0.05,0.5,0.9166925561950802,0.8763088682660716,0.8490947870055485,0.8920467801998183,0.706074541903987,0.43283777124394185,0.48861261796042615,,,
0.3,0.0,0.15,0.15,0.05,0.5,0.9166730960835708,0.8925228115801873,0.8530043719348488,0.8798458124432333,0.6661137941415786,0.48882299063004847,0.4872145583593687,,,
0.4,0.0,0.1,0.1,0.1,0.5,0.9166608329053314,0.8883086856859462,0.8448189355647038,0.8880784791099,0.7012906794141579,0.44215334862681743,0.5059743536008973,,,
0.2,0.1,0.15,0.2,0.05,0.6,0.9165739206354165,0.8990054107246915,0.8512216670843028,0.8764418946412352,0.6507524141578519,0.5061512374798062,0.4962996170792277,,,
0.3,0.1,0.05,0.05,0.2,0.6,0.9165046287978831,0.8940836672493956,0.8319923943082155,0.8868481153496821,0.7216556541903987,0.4023626009693053,0.5554853048145478,,,
0.4,0.0,0.15,0.1,0.05,0.6,0.9163859679120739,0.8837632330791643,0.8521162985502059,0.8867121176203452,0.6892248600488202,0.4591682100161551,0.48635014387567094,,,
0.4,0.0,0.1,0.05,0.2,0.6,0.9162043242779039,0.893104880714153,0.8349883128691605,0.8861562456857403,0.720340951179821,0.4082766352180937,0.5442245992149324,,,
0.4,0.1,0.05,0.05,0.05,0.6,0.9161549288965767,0.8792800672989896,0.8458163590477895,0.8945120295186194,0.7111150423108218,0.4298657731825525,0.4962158591684691,,,
0.2,0.1,0.1,0.05,0.05,0.6,0.9161285027545583,0.8912093285723142,0.8473826117773402,0.8868844963669391,0.6951281179820993,0.4538942197092084,0.5063487725706962,,,
0.2,0.0,0.1,0.15,0.05,0.3,0.9161129751302467,0.8991000508337983,0.8505077302666905,0.8737518569482289,0.6450152432872254,0.5105927166397416,0.49426593222782983,,,
0.3,0.0,0.1,0.15,0.2,0.4,0.9160623537950172,0.9004339935031926,0.8366521059602648,0.8808452266121707,0.6975222196908055,0.432944847819063,0.5595115255948089,,,
0.2,0.0,0.1,0.15,0.15,0.3,0.9160473089050621,0.9034352044386585,0.8395100281009485,0.8773865095367848,0.675916718470301,0.458568160904685,0.5577415989746055,,,
0.4,0.0,0.05,0.1,0.15,0.4,0.9160425324710382,0.8918682768830203,0.8366641252908538,0.8879217951861943,0.7149235223759154,0.4187559696284329,0.5333409590643275,,,
0.3,0.0,0.05,0.1,0.1,0.3,0.9159946650489085,0.8927270235695245,0.8406567572937175,0.8866679491371481,0.7026863157038242,0.438195050726979,0.5217782005928062,,,
0.2,0.2,0.05,0.15,0.15,0.6,0.9159841651153774,0.898115275680367,0.8386573799892607,0.884983089009991,0.6935957843775427,0.4450107140549273,0.5417004202515421,,,
0.3,0.2,0.0,0.1,0.1,0.6,0.9159265231985706,0.8909631861632881,0.8392498793628066,0.8914698696639418,0.7080023311635476,0.43345256865912757,0.5221003782744532,,,
0.2,0.1,0.05,0.05,0.15,0.5,0.9158796643613977,0.8955063679127147,0.8339962801145516,0.8859573728428701,0.7150184711147274,0.41335911147011306,0.5533398380197068,,,
0.2,0.1,0.15,0.2,0.1,0.6,0.9157943297716247,0.9009651831876512,0.8474194802219438,0.877299464123524,0.6607533767290481,0.4911790817447496,0.5156302042778178,,,
0.3,0.0,0.1,0.05,0.15,0.5,0.9157857947946331,0.8942121197941851,0.8375697599785216,0.8849620949137148,0.713528414157852,0.4198969654281099,0.5391627849074742,,,
0.2,0.0,0.1,0.05,0.1,0.4,0.9157152209172543,0.895763420073151,0.8415116171469483,0.8828074831970936,0.70187939544345,0.4379252206785137,0.5305010654490107,,,
0.3,0.2,0.0,0.2,0.1,0.5,0.9156945265958751,0.8957050951831877,0.8420046436370144,0.8876965921889192,0.6865892831570383,0.4620179037156704,0.518423259633101,,,
0.2,0.1,0.15,0.2,0.2,0.6,0.9155429735848164,0.9025311757981526,0.8406536567030606,0.8789938042688465,0.676669060211554,0.461928233279483,0.5507728307297926,,,
0.4,0.1,0.05,0.2,0.1,0.5,0.9155225892636704,0.8934167278903974,0.8449932425272956,0.8869081217075386,0.6858600455655004,0.46538456478190626,0.5066576226868541,,,
0.3,0.1,0.0,0.2,0.2,0.3,0.9154576630277208,0.8996954399355279,0.8313591702165742,0.8840268878292461,0.697680737184703,0.426681456542811,0.5731198364175278,,,
0.2,0.0,0.05,0.05,0.2,0.3,0.9154549135701254,0.8974504368483045,0.8238635314122069,0.8823832833787466,0.7268273832384052,0.3791871534733441,0.5965883332532244,,,
0.2,0.1,0.15,0.2,0.15,0.6,0.9154476453016581,0.9020628575537785,0.8440130118131377,0.8782021262488646,0.6693245956061838,0.47632959483037157,0.5343402424096771,,,
0.2,0.0,0.1,0.15,0.1,0.3,0.9153079294373494,0.9023709619490422,0.8447217340254162,0.8756576448683016,0.6625932855980472,0.48422759935379645,0.5281754679163663,,,
0.4,0.0,0.1,0.2,0.05,0.4,0.9152762071174417,0.8888952364763499,0.8524029361016646,0.8822301557674841,0.663903983726607,0.4923956717285945,0.47899532820636065,,,
0.3,0.1,0.1,0.15,0.1,0.6,0.9152215403659012,0.8955011080280206,0.8452539951673528,0.8842214732061762,0.6863487713588283,0.46378926591276254,0.5133712923175519,,,
0.2,0.0,0.15,0.2,0.05,0.4,0.9151365866509327,0.9015656789287707,0.851405466081976,0.8676300413260672,0.6242355972335232,0.5320870345718901,0.4931360314027077,,,
0.3,0.1,0.05,0.1,0.05,0.5,0.9151317304804277,0.888260567156407,0.8469007551458744,0.8899488823796549,0.6953938519121237,0.45546654539579967,0.4997850622446527,,,
0.2,0.2,0.0,0.05,0.2,0.6,0.9149690624422955,0.8943524043394706,0.8282710742795777,0.8873352570390554,0.7227140284784378,0.3973360962843296,0.5675397837058399,,,
0.4,0.0,0.0,0.1,0.2,0.3,0.9149002075956475,0.8937386473002294,0.8272700293538572,0.8868334464123524,0.7301999633848657,0.38711139709208403,0.5698222795802291,,,
0.2,0.2,0.05,0.15,0.1,0.6,0.9147423043304317,0.8973140921951521,0.8424710071594773,0.8852061489554951,0.6870647917005696,0.4609571773828756,0.5252624098373788,,,
0.3,0.2,0.0,0.2,0.05,0.5,0.9145872396906934,0.8935955981898208,0.8464596776445319,0.888448674386921,0.6783794784377543,0.47906854991922454,0.5003751284146439,,,
0.4,0.1,0.05,0.1,0.1,0.6,0.9145334415934429,0.8888484885995909,0.842370265437623,0.8905898896457766,0.7068084808787632,0.43838763812600967,0.5128673208363375,,,
0.4,0.2,0.0,0.2,0.15,0.6,0.9144031669686643,0.8946520977744715,0.839123433506354,0.8884467892824706,0.6993719292107404,0.4446680833602585,0.5282028493150684,,,
0.4,0.0,0.0,0.05,0.1,0.3,0.9143208190067156,0.8802846109230673,0.8339687848577054,0.8950212184377838,0.7313774727420668,0.3967575224555735,0.5210656750781063,,,
0.2,0.0,0.15,0.1,0.2,0.5,0.9142573872484289,0.901488023656314,0.8375296225165563,0.8791015940054496,0.6971775565500408,0.43494952439418416,0.5638697896339021,,,
0.4,0.0,0.15,0.15,0.1,0.6,0.9140704232085315,0.8929320902361911,0.8479589896187578,0.883115750681199,0.6854737160292921,0.4669997008077545,0.5039168818393014,,,
0.4,0.0,0.05,0.2,0.15,0.3,0.9140118382604625,0.8977478509453847,0.840124937712547,0.8830172252497729,0.6893458315703824,0.4544944342487884,0.5316825224705599,,,
0.2,0.2,0.05,0.15,0.05,0.6,0.9139418772273769,0.8957342162296199,0.8466548858063361,0.8854612384196185,0.6794669877949553,0.47681334798061387,0.5080011596571337,,,
0.3,0.0,0.05,0.05,0.2,0.4,0.913614674113716,0.8957365290930506,0.8287694413817792,0.884323529972752,0.7277380838079739,0.3917776096930533,0.5737588328126252,,,
0.4,0.1,0.0,0.2,0.2,0.4,0.9134829243279066,0.8974228724567603,0.8341277692858421,0.8857862111716621,0.7049155427176566,0.4289002649434572,0.5552179764479692,,,
0.3,0.1,0.1,0.15,0.05,0.6,0.9134556295407302,0.8930668031740128,0.8497323805262216,0.8843672288828338,0.6787364385679414,0.47924244458804527,0.49804993206761194,,,
0.4,0.0,0.05,0.15,0.05,0.3,0.9134253097360768,0.8812595171533072,0.8489542865580813,0.8889423810172571,0.6843994198535395,0.46621980807754443,0.48097327901946646,,,
0.4,0.0,0.1,0.15,0.2,0.5,0.913244291767489,0.8977230842229248,0.8378636905315912,0.8827574055404178,0.703417588283157,0.43467811114701127,0.5455923657774573,,,
0.3,0.0,0.15,0.05,0.05,0.6,0.9130421287325692,0.8878319701940363,0.8507376255593342,0.8849483042688465,0.693917732302685,0.4583305932148627,0.4982152357606344,,,
0.4,0.1,0.0,0.1,0.15,0.5,0.9130002225914043,0.8914296576777634,0.8349025358868802,0.8901156321525885,0.7185156192026038,0.4180451728594507,0.5374301115116559,,,
0.3,0.0,0.1,0.15,0.15,0.4,0.9128219390007318,0.8997144014878184,0.8407772060139609,0.8803200835603996,0.6897016973148902,0.45391834959612276,0.5397563311703918,,,
0.3,0.1,0.05,0.05,0.15,0.6,0.9128119863319459,0.893377541032794,0.8357561809557903,0.8874805299727521,0.7171458763222132,0.4191244710823909,0.5421708799166867,,,
0.2,0.1,0.05,0.15,0.2,0.4,0.9125907913130815,0.9008026967206002,0.8322592271344191,0.8820866180744777,0.6973025215622457,0.4305807483037157,0.5763008036529681,,,
0.3,0.1,0.0,0.2,0.15,0.3,0.9125607780892229,0.8996352416093236,0.8363704746733488,0.8842151589464123,0.6896592449145648,0.44992985137318253,0.5523057152927981,,,
0.3,0.2,0.0,0.1,0.05,0.6,0.9125309457659748,0.8888242877688922,0.8438485009844282,0.89225809582198,0.7023182676973149,0.4498793861066236,0.508136369302251,,,
0.4,0.1,0.05,0.2,0.05,0.5,0.9125061049263027,0.8903310820655881,0.8493365770538751,0.8867673928247048,0.6778109528071603,0.4818416084006462,0.49118763406232474,,,
0.3,0.0,0.15,0.1,0.2,0.6,0.9124968583014768,0.8989921593453599,0.8386160506533024,0.8808700526793825,0.7028761741253051,0.43533408206785135,0.5503127145718176,,,
0.2,0.1,0.0,0.1,0.05,0.3,0.9123654965224923,0.8931745222490856,0.8426854682298193,0.8892519009990917,0.6936874271765663,0.459391546365105,0.5141904758471522,,,
0.4,0.2,0.0,0.2,0.1,0.6,0.9123654965224923,0.8931745222490856,0.8426854682298193,0.8892519009990917,0.6936874271765663,0.459391546365105,0.5141904758471522,,,
0.4,0.1,0.0,0.15,0.05,0.4,0.912277168825065,0.8843251363461658,0.8456043379273313,0.8926217152588556,0.6956772554922701,0.4573818733441034,0.4931271018184731,,,
0.3,0.1,0.05,0.15,0.2,0.5,0.9122501820879476,0.8987387435124915,0.8349191417576518,0.8837707811080835,0.7042134239218877,0.43048541906300486,0.5596856435151807,,,
0.2,0.2,0.0,0.05,0.15,0.6,0.912147171985025,0.8942659340896411,0.8323478149275103,0.8880414327883742,0.7184669430431244,0.41369278384491115,0.5544228816790836,,,
0.3,0.1,0.0,0.1,0.1,0.4,0.9121129873735236,0.8922080710185358,0.8378535255056382,0.889887568119891,0.7099470480065093,0.4337929473344103,0.5293455621244894,,,
0.4,0.0,0.1,0.05,0.15,0.6,0.9119723389329397,0.891728703638956,0.8387542894218721,0.8867453655767484,0.7156993848657446,0.4247516012924071,0.5314601538091804,,,
0.2,0.1,0.05,0.05,0.1,0.5,0.9119475369855701,0.8945871901308041,0.8387278215500268,0.8865412856494097,0.7087939015459723,0.43396318966074315,0.5359934858607707,,,
0.2,0.0,0.15,0.2,0.1,0.4,0.9118944421665494,0.904328303738144,0.8471431474852336,0.8701952774750227,0.6411044410089504,0.5122097764135702,0.5232105984138429,,,
0.2,0.0,0.15,0.1,0.15,0.5,0.9116258113649258,0.9010832964602319,0.8415919686772865,0.8781737706630336,0.6899658283157037,0.45368293828756057,0.5464143808379396,,,
0.3,0.0,0.1,0.05,0.1,0.5,0.9111113177444324,0.892240696770194,0.8423797186325398,0.8854282198001816,0.7071194434499594,0.43981428949919227,0.522890228630938,,,
0.2,0.1,0.1,0.1,0.2,0.6,0.9109998112794487,0.8997360073894985,0.8357056325398245,0.8820879078110808,0.7035642799023597,0.43216193408723746,0.56333362909557,,,
0.2,0.0,0.05,0.05,0.15,0.3,0.9109362886148502,0.8982666917860022,0.8305211048863432,0.8824142188919164,0.7205238258746949,0.40456970339256865,0.5778960658495553,,,
0.2,0.0,0.1,0.05,0.05,0.4,0.9109253368369947,0.8925306254788916,0.8481859940934312,0.8827624813805631,0.6919008746948739,0.462779910177706,0.5083169004245774,,,
0.3,0.1,0.0,0.2,0.1,0.3,0.9107980345156343,0.8984330416713162,0.8412989577590835,0.8844715458673933,0.6794803116354761,0.47389948562197093,0.5264062219017864,,,
0.4,0.0,0.05,0.2,0.1,0.3,0.9107263339572997,0.8950453535676647,0.844909606944693,0.883007631698456,0.6789402758340114,0.47753167366720517,0.5081921498037331,,,
0.4,0.1,0.05,0.15,0.2,0.6,0.9106940561291248,0.8966191927096895,0.8363164918560946,0.8852345258855585,0.7081540447518307,0.4322885712439418,0.5476570673716255,,,
0.4,0.0,0.05,0.05,0.2,0.5,0.9106388119783868,0.8936842258260492,0.8313341106139253,0.8859795653950954,0.7277070235964199,0.4019112672051696,0.5582696193222783,,,
0.4,0.1,0.0,0.05,0.05,0.5,0.9104931704388627,0.878886219155663,0.8424507766243065,0.8958331080835603,0.7182387461350691,0.4264127386106623,0.5034490502283105,,,
0.4,0.0,0.15,0.15,0.05,0.6,0.9104812277538783,0.8896273853325894,0.852308617504922,0.8823409559491371,0.678070083807974,0.481965050726979,0.4907217829047505,,,
0.2,0.1,0.05,0.15,0.15,0.4,0.9104734032913406,0.9010303255594817,0.8372115645247897,0.881865625794732,0.6899432522375916,0.45100438772213247,0.5584749281422735,,,
0.3,0.0,0.1,0.15,0.1,0.4,0.9103471479160486,0.8978577451118963,0.8452214517630213,0.8798529813805631,0.680226034987795,0.4748678403877221,0.517869596571337,,,
0.3,0.1,0.0,0.2,0.05,0.3,0.9102682641051237,0.895471405368545,0.8468084947198854,0.884798929609446,0.6665958397070789,0.4973185441033926,0.4989867108868061,,,
0.4,0.0,0.05,0.05,0.05,0.4,0.9102098432864633,0.8754336309218275,0.845688195095758,0.8935448319709355,0.7139307754271765,0.4292495017770598,0.49587436129135626,,,
0.4,0.0,0.1,0.1,0.05,0.5,0.9102065910722598,0.8841800056785073,0.8497788322892429,0.8872699441416894,0.6941529666395444,0.4602384355411955,0.492603262837459,,,
0.2,0.1,0.0,0.05,0.2,0.4,0.9101805737941733,0.8956174346289753,0.823329631465903,0.8850584663941871,0.7288870634662327,0.3863034843295638,0.5900134917888329,,,
0.4,0.1,0.0,0.2,0.15,0.4,0.9101365665129397,0.8965647543487694,0.8380383103633434,0.8862768692098093,0.6984354052074858,0.44855275799676897,0.5372870012016342,,,
0.4,0.2,0.0,0.2,0.05,0.6,0.9100329000575889,0.8909113156530903,0.8466348816896366,0.8895811930063579,0.6873380740439381,0.47383554119547655,0.5004921663061764,,,
0.3,0.1,0.0,0.05,0.2,0.5,0.9099698045241253,0.8944158650300663,0.8277263300519062,0.8866316430517711,0.7291951643612693,0.39562389789983843,0.5716594711207241,,,
0.4,0.0,0.1,0.15,0.15,0.5,0.9099638596045675,0.896464539582171,0.8414567555038482,0.8827762075386013,0.697126590724166,0.45214811308562197,0.529609958343347,,,
0.4,0.1,0.05,0.1,0.05,0.6,0.9097088062942158,0.8858784900378154,0.8467926885627349,0.8904867098092643,0.701141918633035,0.4541216762520194,0.5006941499639509,,,
0.4,0.0,0.05,0.1,0.1,0.4,0.9096829723299344,0.8891387590849915,0.8415084324324325,0.8884478297002725,0.7083269430431245,0.4404669053311793,0.5164920277176961,,,
0.3,0.0,0.15,0.1,0.15,0.6,0.9096776208465976,0.898071033909863,0.8420411779130124,0.8805506534968212,0.6969494759967454,0.45146840452342485,0.5354075110149804,,,
0.2,0.0,0.15,0.2,0.15,0.4,0.9095354630286052,0.9055772387328747,0.8432572292822624,0.8725585317892824,0.6545065825874695,0.4935882048465267,0.5501566328606905,,,
0.3,0.1,0.05,0.15,0.15,0.5,0.909510070644891,0.8982212989151324,0.8386910814390549,0.8838574241598547,0.6981392864117169,0.44831247819063,0.5434199530561564,,,
0.2,0.0,0.15,0.1,0.1,0.5,0.9094919093943081,0.8997710653524269,0.8457681861464114,0.8771810508628519,0.6813360048820178,0.4727758481421648,0.5263743297284307,,,
0.3,0.2,0.0,0.15,0.2,0.6,0.9093216874248303,0.8973553343748062,0.8334677529980311,0.8858692924613987,0.7089744003254679,0.4286486242326333,0.5598119269406393,,,
0.2,0.1,0.05,0.15,0.1,0.4,0.9092020037067741,0.9003677790837518,0.8419422511186684,0.8814881989100818,0.6807716338486574,0.47211109919224553,0.5360476286149163,,,
0.3,0.1,0.05,0.05,0.1,0.6,0.9090870409667713,0.8919503685326391,0.8399257982817254,0.8882384927338783,0.7119963344182262,0.4361700135702747,0.5282115150204277,,,
0.2,0.2,0.0,0.05,0.1,0.6,0.9089687868699128,0.8935806759407353,0.8365341755861821,0.8889036371480472,0.713476881204231,0.43119326009693054,0.5398082409677161,,,
0.3,0.0,0.15,0.2,0.2,0.5,0.9089073603465383,0.9031037640815821,0.8407464496151781,0.8769652929155314,0.680195576891782,0.46591949983844916,0.5538730023231595,,,
0.2,0.1,0.05,0.15,0.05,0.4,0.9089049466348045,0.8983878688983944,0.8469988383747986,0.8811592565849229,0.6693975573637103,0.4934886061389338,0.5106303238003685,,,
0.2,0.0,0.15,0.2,0.2,0.4,0.9088747864868242,0.9058213104209286,0.8391135865401825,0.8743361721162579,0.6651893913751017,0.4755487295638126,0.570353343266843,,,
0.2,0.2,0.0,0.15,0.2,0.5,0.9087944762291338,0.8989468730270906,0.8309140372292823,0.8845282225249773,0.7044554214808788,0.4281629059773829,0.573974078827205,,,
0.2,0.1,0.1,0.1,0.15,0.6,0.908750980552161,0.8994505614035087,0.8394315224628602,0.8818154332425068,0.6978562066720911,0.4483438487883683,0.5486582528238404,,,
0.4,0.0,0.0,0.1,0.15,0.3,0.9084199733316078,0.8926820375426199,0.832121083944872,0.8879037879200726,0.7244700781122865,0.41170183909531505,0.5509781475606825,,,
0.4,0.1,0.0,0.05,0.2,0.6,0.9083367591533597,0.892877569623706,0.8302997628423125,0.8879727720254313,0.7289822611879577,0.4036497324717286,0.5585278381799247,,,
0.2,0.1,0.05,0.05,0.05,0.5,0.9082883344974088,0.8924864490484161,0.8442119330588868,0.8871850767484105,0.7014401847030105,0.45452527883683363,0.5177572106064248,,,
0.3,0.0,0.05,0.05,0.15,0.4,0.9082627924949969,0.895228340140103,0.833394720780383,0.8846823242506813,0.7221949259560618,0.41394605105008075,0.5566944747256268,,,
0.3,0.0,0.05,0.1,0.05,0.3,0.9082576818563272,0.8879895756741678,0.8471274728834794,0.886466770208901,0.6919853694060212,0.46577022100161547,0.4989871163983017,,,
0.4,0.1,0.0,0.1,0.1,0.5,0.9082163323290448,0.8894955846258756,0.839230395919098,0.8910567216167121,0.7132696574450773,0.4364461621970921,0.5229096379075543,,,
0.3,0.0,0.1,0.15,0.05,0.4,0.9081325425231803,0.8943076821027836,0.8506554327904063,0.8793046957311534,0.6688418771358828,0.4954585744749596,0.4963014291436354,,,
0.4,0.0,0.15,0.2,0.2,0.6,0.9079944909972232,0.9004591326018226,0.8413805518167173,0.8790884509536785,0.6888080846216436,0.46144113085621974,0.5417341490026436,,,
0.3,0.0,0.15,0.2,0.15,0.5,0.9079853257368347,0.902286990639142,0.8440455885090389,0.8758593928247048,0.6720879397884459,0.4822331909531502,0.535261213330129,,,
0.4,0.1,0.05,0.15,0.15,0.6,0.9079160373255462,0.8956666590291985,0.8395968401646681,0.8855856289736603,0.7030395435313264,0.44753574022617126,0.5339908821597372,,,
0.2,0.0,0.15,0.1,0.05,0.5,0.9078234345406574,0.8971359092926663,0.8507394537318776,0.8761777938237966,0.6710208982912937,0.49180772148626817,0.5056353762717296,,,
0.3,0.0,0.15,0.2,0.1,0.5,0.9077078624793877,0.900615506614593,0.8475758113477715,0.8747729981834697,0.6624314263628968,0.49877925880452345,0.5148474764079147,,,
0.3,0.0,0.15,0.2,0.05,0.5,0.9076888805734017,0.897746763672432,0.8518568015034902,0.8735369227974569,0.6510604580960131,0.5152483812600969,0.49476899991989104,,,
0.2,0.1,0.1,0.2,0.05,0.5,0.9076503843971517,0.9010377684458496,0.849059425093968,0.8753552838328792,0.6507125069161921,0.515176991276252,0.5080304726427942,,,
0.4,0.0,0.1,0.05,0.1,0.6,0.9074460824042778,0.8894895269233153,0.8431127240021479,0.8871363147138965,0.7105692188771359,0.4411433337641357,0.5187312339982376,,,
0.4,0.1,0.0,0.2,0.1,0.4,0.9073855289500609,0.894727868204079,0.8422824639341329,0.8869446925522252,0.6908015353946297,0.46790961163166395,0.518210335336057,,,
0.3,0.1,0.05,0.15,0.1,0.5,0.9073100282582759,0.8969259731696734,0.8426715228208341,0.8840317366030881,0.6909937502034174,0.4661136639741518,0.525582233437475,,,
0.3,0.0,0.15,0.1,0.1,0.6,0.9071917321706572,0.8963689553530468,0.8459285942366208,0.8802925472297911,0.6901511757526444,0.4674976187399031,0.5198515699751662,,,
0.3,0.2,0.0,0.15,0.15,0.6,0.9069941912044309,0.8969548143078544,0.8369099967782353,0.8862867502270663,0.7040433873067534,0.4440817977382876,0.5460001683890091,,,
0.4,0.0,0.1,0.15,0.1,0.5,0.9069892118189837,0.8942466357200423,0.8456285172722391,0.8829326185286104,0.6898987811228641,0.4693659644588045,0.5133837269887047,,,
0.2,0.1,0.1,0.1,0.1,0.6,0.9069005599122735,0.8985218657987726,0.8432393708609272,0.8815890653950953,0.6911940154597234,0.4647443095315024,0.5321504122406473,,,
0.2,0.2,0.0,0.15,0.15,0.5,0.9068814902313074,0.8991140573058087,0.8352573148380169,0.8847621961852862,0.6987214222945484,0.4455587224555735,0.5588897635183849,,,
0.3,0.1,0.0,0.1,0.05,0.4,0.9068176593396547,0.8892314408778129,0.8434872328620011,0.8906890858310627,0.702252802278275,0.45628492536348947,0.510377760474245,,,
0.2,0.1,0.0,0.05,0.15,0.4,0.9068027567007114,0.8961460911536792,0.828872490782173,0.8856650663033606,0.7239347518307567,0.4069290294022617,0.5742958910518304,,,
0.4,0.0,0.15,0.2,0.15,0.6,0.9064300930709971,0.8992930876697044,0.8443775786647575,0.8786246898274296,0.6822924987794955,0.4757091760904685,0.526501701674277,,,
0.3,0.1,0.1,0.2,0.2,0.6,0.9063493711291556,0.9015387969995661,0.8391170085913728,0.8802962938237965,0.6891003637103337,0.4597693634894992,0.5548675896819675,,,
0.4,0.0,0.05,0.2,0.05,0.3,0.9062361481210518,0.890192205393342,0.8497938081260068,0.8819674900090827,0.6663320504475183,0.49994934539579966,0.48654591300168226,,,
0.2,0.1,0.1,0.2,0.1,0.5,0.9060089453207086,0.9028312357076436,0.8451279897977447,0.8764897456857402,0.6621097298616762,0.4985136387722132,0.5313750986141152,,,
0.2,0.2,0.0,0.05,0.05,0.6,0.9059652197534819,0.8920931722521852,0.8411998131376409,0.8898030603996366,0.7077093832384052,0.44872423780290793,0.5244246423135465,,,
0.3,0.1,0.0,0.05,0.15,0.5,0.9058878977440283,0.8940326705597917,0.8318581797028818,0.8873815485921889,0.7247142196908055,0.4141188549273021,0.5572785583593687,,,
0.3,0.0,0.1,0.05,0.05,0.5,0.9057728187240198,0.8888186638150146,0.8480832189010202,0.8852620867393279,0.6998361724979658,0.4594173369951534,0.5070689997596731,,,
0.4,0.0,0.05,0.05,0.15,0.5,0.9056515819812755,0.8925017524765978,0.835289403615536,0.8866898855585831,0.7229852644426363,0.42056231470113087,0.5441019929504125,,,
0.3,0.1,0.05,0.15,0.05,0.5,0.9055200162976622,0.8945351412559668,0.847348171111509,0.8843441139872843,0.682660997558991,0.4836429822294022,0.5075315722182168,,,
0.2,0.2,0.0,0.15,0.1,0.5,0.905468930015885,0.898647149860517,0.8394950606765706,0.8850270054495912,0.6918246460537022,0.4635014184168013,0.5408548332932789,,,
0.2,0.1,0.1,0.1,0.05,0.6,0.9054584332211324,0.8967084539334202,0.8475716865938786,0.8814119586739327,0.6834627705451586,0.48106049240710824,0.5148670205879997,,,
0.4,0.1,0.05,0.15,0.1,0.6,0.9054162809280841,0.8940336014134275,0.8432706030069804,0.886099464123524,0.6972769283970708,0.46260446397415184,0.5199813032123688,,,
0.3,0.1,0.1,0.2,0.15,0.6,0.9053433461571108,0.9009392742173454,0.8422295482369787,0.8798378301544051,0.6827260358014646,0.4740892226171244,0.5393708775134182,,,
0.4,0.0,0.05,0.15,0.2,0.4,0.9051860851570509,0.8988874823879486,0.8346117352783247,0.8823861852861036,0.71001793002441,0.4323092355411955,0.5632398405831931,,,
0.4,0.0,0.15,0.2,0.1,0.6,0.9051732032351466,0.8973994758415473,0.8478143730087704,0.8781727965485921,0.6748345524816924,0.4898395773828756,0.511060984538973,,,
0.3,0.1,0.05,0.05,0.05,0.6,0.9051600853595299,0.8895458194036329,0.8448619880078755,0.8887376589464123,0.7062390919446705,0.4530206959612278,0.5143098875270368,,,
0.2,0.1,0.1,0.2,0.15,0.5,0.9051011614510326,0.9036483042092865,0.8414273826740648,0.8776072643051771,0.6715692872253864,0.48236239806138936,0.5522920519105984,,,
0.3,0.2,0.0,0.15,0.1,0.6,0.9050075300792745,0.8959893707023743,0.8405065724002148,0.8867954609445958,0.698352951179821,0.45959806397415187,0.5309867711287352,,,
0.2,0.1,0.1,0.2,0.2,0.5,0.9049025016200885,0.9037779309156282,0.8375865534275998,0.8784417729336966,0.6794505622457283,0.4668802229402262,0.5692088805575582,,,
0.3,0.0,0.05,0.15,0.2,0.3,0.9048707550294786,0.9017323938255533,0.8322765024163236,0.8802707370572207,0.7045956899918633,0.43124443295638126,0.5842969846991909,,,
0.3,0.1,0.1,0.2,0.1,0.6,0.9047610324776212,0.8997290716012647,0.8455032398424914,0.8794190504087194,0.675372667209113,0.4885467831987076,0.5225098960185852,,,
0.2,0.2,0.0,0.15,0.05,0.5,0.9047306202417948,0.8973032571074329,0.8439539189189189,0.8853931698455949,0.6835928706265256,0.4815567935379645,0.5207229332692462,,,
0.3,0.0,0.15,0.1,0.05,0.6,0.9046404142681197,0.8936175493397805,0.8506381462323249,0.8798020399636695,0.682389344182262,0.48337186171243945,0.5045783521589362,,,
0.3,0.1,0.1,0.2,0.05,0.6,0.9045449063635613,0.8976978099063915,0.8492815552174691,0.8789925799273388,0.6668621879576891,0.5028805570274637,0.5054772304734438,,,
0.3,0.0,0.1,0.1,0.2,0.5,0.9045148221860875,0.9001635633500714,0.8355474216932164,0.8804719477747502,0.7089856110659072,0.4336783153473344,0.5673634887446928,,,
0.4,0.1,0.0,0.05,0.15,0.6,0.9043467995516641,0.8919802549129006,0.8338586216216217,0.8888455712988192,0.725045932465419,0.41968174151857834,0.5462429486501642,,,
0.4,0.1,0.0,0.2,0.05,0.4,0.9042183265222811,0.8915456419068875,0.8468380581707534,0.8870161167120799,0.6818503222131814,0.4867647605815832,0.49970182616358244,,,
0.4,0.0,0.1,0.1,0.2,0.6,0.9041333784260035,0.8976924640009918,0.8367200452836944,0.8822485985467757,0.7120100349877949,0.4348936038772213,0.5537428805575583,,,
0.2,0.0,0.05,0.05,0.1,0.3,0.9041333784260035,0.8976924640009918,0.8367200452836944,0.8822485985467757,0.7120100349877949,0.4348936038772213,0.5537428805575583,,,
0.2,0.0,0.15,0.05,0.2,0.6,0.9037673096915486,0.9011133891513234,0.836453409164131,0.8788807697547684,0.7080559829129373,0.43512515411954766,0.5706977998878475,,,
0.4,0.0,0.15,0.2,0.05,0.6,0.9037072712365418,0.894547122286281,0.8518659262573832,0.8774886298819256,0.6664132123677787,0.5038710733441034,0.49626796843707444,,,
0.3,0.0,0.0,0.05,0.2,0.3,0.9036984823755663,0.8959667623085983,0.822348501342402,0.8837489918256131,0.738720411716843,0.38131389854604203,0.5986716340623247,,,
0.4,0.1,0.0,0.15,0.2,0.5,0.903466406624147,0.8974572711673175,0.8332049464829068,0.8850205326975478,0.714191048820179,0.42995358901453956,0.5628176436753985,,,
0.4,0.0,0.0,0.05,0.2,0.4,0.9034352296362151,0.8941325292914264,0.8267123166278861,0.8856746784741145,0.7367080260374288,0.39388622810985463,0.5761691486020989,,,
0.3,0.2,0.0,0.15,0.05,0.6,0.9033787205494135,0.8942657175128633,0.8445523910864506,0.8874309155313351,0.6918654239218877,0.4748826093699516,0.5155924740847553,,,
0.2,0.2,0.05,0.2,0.05,0.6,0.9033705253682657,0.9000894984563883,0.8466722536244854,0.8802452543142598,0.6670945972335232,0.5025700032310177,0.5177481286549708,,,
0.4,0.0,0.1,0.15,0.05,0.5,0.9031447666835369,0.8907599313371769,0.8502333083944871,0.8822703583106267,0.6817048584214809,0.4862912762520194,0.49798695826323797,,,
0.2,0.0,0.1,0.1,0.2,0.4,0.9029662912343587,0.9027466070299424,0.8333441388938607,0.8784801203451408,0.7036121366965012,0.4347351231017771,0.586789502363214,,,
0.3,0.1,0.05,0.1,0.2,0.6,0.9029569120230203,0.8986212095964292,0.8340455319491678,0.883205699818347,0.7130960911310008,0.4312407663974152,0.5662987326764399,,,
0.2,0.2,0.05,0.2,0.2,0.6,0.9026305588690617,0.9020204267311387,0.836101116699481,0.8813133878292462,0.6889283539462978,0.45993153602584813,0.568106143715453,,,
0.4,0.1,0.0,0.1,0.05,0.5,0.9026250626171,0.8864077000309962,0.8438533110792913,0.891247278383288,0.7072597209113101,0.4544992077544427,0.5089056396699512,,,
0.2,0.2,0.05,0.2,0.1,0.6,0.9026134683431134,0.9013565811171037,0.8430708745301593,0.8806128138056313,0.6755333799837265,0.4880302571890145,0.5366067692061204,,,
0.3,0.1,0.0,0.15,0.2,0.4,0.9025981316168707,0.8996136195648131,0.830870379631287,0.8834093755676657,0.7108218966639545,0.42849402649434576,0.5799006275734999,,,
0.4,0.1,0.05,0.15,0.05,0.6,0.9025921060440485,0.8915163975946935,0.8474611514229461,0.8861652561307902,0.6908519918633035,0.477395194184168,0.506323962829448,,,
0.2,0.0,0.1,0.2,0.05,0.3,0.9025274834162438,0.9045355208232596,0.8479318922498658,0.8643524514078111,0.6163641724979658,0.5503031508885299,0.5116733120243531,,,
0.2,0.2,0.05,0.2,0.15,0.6,0.9023771386203272,0.9019422054429359,0.8396245156613567,0.8810061498637601,0.6827405117982099,0.4737786345718901,0.5536704484498919,,,
0.3,0.0,0.05,0.05,0.1,0.4,0.9023179560201317,0.893524195548943,0.8384613918023985,0.8853161507720254,0.7154897632221318,0.4375923386106623,0.5378766184410799,,,
0.4,0.0,0.05,0.1,0.05,0.4,0.9020124605159611,0.8846528658607651,0.8467419437981026,0.8878892942779292,0.7005577957689179,0.4616427185783522,0.5008183750700953,,,
0.2,0.1,0.0,0.05,0.1,0.4,0.9019833698178469,0.895757581303081,0.8342239205298012,0.886381921435059,0.7176253287225387,0.43083105008077544,0.5551834377954018,,,
0.4,0.0,0.1,0.05,0.05,0.6,0.9018584035955515,0.8861631963548446,0.8478405382137103,0.8865596725703906,0.7048546948738812,0.45727906817447495,0.5066689250981334,,,
0.4,0.0,0.0,0.05,0.05,0.3,0.901518697339419,0.8740507897092554,0.84100577232862,0.8954438660308811,0.7244119340927584,0.42399128077544423,0.5056761909797324,,,
0.3,0.1,0.0,0.05,0.1,0.5,0.9013318586258691,0.8928369888785569,0.8362772888849115,0.8883510885558583,0.719437816110659,0.43378632633279485,0.5415901124729632,,,
0.2,0.1,0.05,0.1,0.2,0.5,0.9012697415287141,0.9006024047114252,0.8318136343296939,0.8816803147138965,0.709654609438568,0.4312841066235864,0.5823622717295522,,,
0.3,0.0,0.1,0.1,0.15,0.5,0.9010206711540598,0.8995390611617382,0.8392453504564167,0.8800223960036331,0.7027902294548414,0.4520577008077545,0.5510438066169991,,,
0.4,0.0,0.05,0.15,0.15,0.4,0.9010117703289444,0.8979001862252805,0.8384484154286737,0.8823801276112625,0.7034170179007323,0.4526318016155089,0.5452261060642474,,,
0.4,0.0,0.1,0.1,0.15,0.6,0.9008457064955214,0.8966199819725994,0.8400148994093432,0.882277189373297,0.7068128372660699,0.4505211663974152,0.5400569449651526,,,
0.2,0.0,0.15,0.05,0.15,0.6,0.9007898425828167,0.9007318589052136,0.8401147023447287,0.8780675930971844,0.7022345695687551,0.4518310772213247,0.5559758824000641,,,
0.3,0.0,0.05,0.15,0.15,0.3,0.9006574327983687,0.9015829609323663,0.8370955215679254,0.8796442688465032,0.6963999446704638,0.4556522474959612,0.563293262837459,,,
0.4,0.0,0.0,0.1,0.1,0.3,0.9002654730093755,0.8900588565371024,0.8372716837300878,0.8887038755676658,0.7176056069975589,0.4379847489499192,0.5309532062805415,,,
0.4,0.0,0.05,0.05,0.1,0.5,0.9002461425282656,0.8903121870931745,0.839858056917845,0.8873584904632154,0.7176629788445891,0.4394813201938611,0.5296366318993831,,,
0.4,0.1,0.0,0.05,0.1,0.6,0.9001300484242594,0.8903708857975328,0.8378545319491678,0.8897974718437784,0.7206465109845404,0.43600217576736666,0.5335700229111592,,,
0.3,0.1,0.05,0.1,0.15,0.6,0.9001165810310607,0.8981536836897898,0.8374605845713263,0.8832615935513171,0.7080754182262001,0.44708569305331175,0.5524462927180966,,,
0.4,0.1,0.0,0.15,0.15,0.5,0.9000366507926176,0.8967279147975947,0.8367136540182567,0.8854215540417802,0.7089115850284784,0.4473207954765751,0.5477534283425458,,,
0.2,0.2,0.0,0.1,0.2,0.6,0.8998769796921265,0.898894763598041,0.8305544814748523,0.8839619396003633,0.7138426525630595,0.42883742552504034,0.5791845349675558,,,
0.2,0.0,0.1,0.1,0.15,0.4,0.8997354417525876,0.9028951086727419,0.8381638262036872,0.8774943169845595,0.6960816932465419,0.4561099890145396,0.5688159705199071,,,
0.2,0.1,0.0,0.15,0.2,0.3,0.8992926422119032,0.9013726462587563,0.8257498802577412,0.8812125644868302,0.7035674629780309,0.42936962261712436,0.6025060918048546,,,
0.4,0.0,0.1,0.2,0.2,0.5,0.8992348129760179,0.9018336862190812,0.8389892001073921,0.8785488578564942,0.6931923474369406,0.46370498610662364,0.557578618120644,,,
0.3,0.1,0.0,0.15,0.15,0.4,0.8991708465186619,0.8995160581737028,0.835180845534276,0.8835124650317893,0.7045904890154597,0.44877724717285944,0.5627427924377153,,,
0.3,0.0,0.15,0.15,0.2,0.6,0.8987655331993135,0.9027398393899945,0.8396913359584751,0.8770680581289737,0.6931727729861676,0.4634123967689822,0.5618047608747897,,,
0.2,0.1,0.05,0.1,0.15,0.5,0.898616608340591,0.9007274449941107,0.8361042262394845,0.8814368483197094,0.7038116305939789,0.44937555993537964,0.5671761015781462,,,
0.4,0.1,0.05,0.2,0.2,0.6,0.8984379131983503,0.9004294229743972,0.8375590877035977,0.8815632870118074,0.6994860333604557,0.45796116768982226,0.5579839403989425,,,
0.2,0.0,0.15,0.05,0.1,0.6,0.8981898889663025,0.8996279251627303,0.8439236699480938,0.877279453678474,0.6954218014646054,0.4687333925686591,0.5394356302170953,,,
0.3,0.0,0.1,0.1,0.1,0.5,0.8980560811936766,0.8980337675035646,0.8432604236620728,0.8796920417801998,0.6954860016273393,0.470417611631664,0.5331623757109669,,,
0.3,0.0,0.0,0.05,0.15,0.3,0.8979300741819254,0.8961460420556693,0.8278117488813317,0.8841981158038148,0.7334793759153784,0.40574675411954764,0.580729683089001,,,
0.4,0.0,0.1,0.1,0.1,0.6,0.897798024925371,0.8947907031926104,0.8438403488455343,0.8823952570390553,0.700933799837266,0.46597272180937,0.5260617670431788,,,
0.2,0.0,0.05,0.05,0.05,0.3,0.897798024925371,0.8947907031926104,0.8438403488455343,0.8823952570390553,0.700933799837266,0.46597272180937,0.5260617670431788,,,
0.4,0.0,0.0,0.05,0.15,0.4,0.8976422884314916,0.8932609474180151,0.8309660164667979,0.8864893524069027,0.7320410650935719,0.4149100911147011,0.5605178772730914,,,
0.3,0.1,0.05,0.1,0.1,0.6,0.8975892534016312,0.897059076163908,0.8410858526937534,0.8834238905540418,0.7022915923515053,0.4630171896607431,0.5374037441320195,,,
0.2,0.2,0.0,0.1,0.15,0.6,0.8975799314513774,0.898987047597793,0.8343903921603723,0.8841257434150772,0.7090981554109032,0.4445536665589661,0.5660859315869583,,,
0.3,0.0,0.05,0.15,0.1,0.3,0.8975112323633125,0.9001340711673177,0.8418645786647574,0.8789675217983651,0.685962165174939,0.48065705654281093,0.5372087440519105,,,
0.4,0.0,0.05,0.15,0.1,0.4,0.8974682475274479,0.8958021357634369,0.8427856617146948,0.8825883401453224,0.6956157876322213,0.47259805621970924,0.526120129936714,,,
0.4,0.0,0.1,0.2,0.15,0.5,0.897393892546047,0.9008630422912405,0.8421213529622338,0.8779484936421434,0.6862232107404393,0.479745546365105,0.5404831697508612,,,
0.2,0.1,0.0,0.05,0.05,0.4,0.8973424927741753,0.8939928280453785,0.8400828759620548,0.887375138510445,0.7098120618388933,0.4554748969305331,0.5336639408795962,,,
0.3,0.0,0.15,0.15,0.15,0.6,0.8971178830480186,0.9020324941293163,0.8427366549131913,0.8761385367847411,0.6866767778681855,0.4781804381260097,0.5462640376512057,,,
0.2,0.0,0.1,0.1,0.1,0.4,0.8971178830480186,0.9020324941293163,0.8427366549131913,0.8761385367847411,0.6866767778681855,0.4781804381260097,0.5462640376512057,,,
0.4,0.1,0.0,0.15,0.1,0.5,0.8970945726747409,0.8952330733370529,0.8405406434580276,0.8860505018165303,0.7028222530512612,0.4644632930533118,0.5317569648321717,,,
0.3,0.0,0.1,0.2,0.05,0.4,0.8968195550647724,0.8999763003905523,0.8493548782888849,0.8719068056312443,0.6512050772986168,0.5264575231017771,0.5064577902747737,,,
0.3,0.0,0.1,0.2,0.2,0.4,0.8967446208478638,0.9046808606781973,0.8376710184356542,0.876217912352407,0.6840752351505289,0.4711560878836834,0.5753622813426259,,,
0.4,0.1,0.05,0.2,0.15,0.6,0.8967318618130602,0.8996958047238236,0.8405014909611599,0.881432172116258,0.693880295362083,0.4720976394184168,0.5435577492589923,,,
0.3,0.1,0.0,0.05,0.05,0.5,0.8966764574060734,0.8904951056227141,0.8414777261499911,0.8892299100817439,0.7133996647681041,0.4533234836833603,0.5255570136986302,,,
0.3,0.1,0.0,0.15,0.1,0.4,0.8964153668919033,0.8985507179716075,0.839489322355468,0.8837120422343324,0.6969880610252238,0.4694455560581583,0.5424148225586798,,,
0.2,0.1,0.05,0.1,0.1,0.5,0.8964003683537235,0.9001510504494451,0.8402901243959191,0.881112833787466,0.6967582335231896,0.4679539108239095,0.5490597740927662,,,
0.4,0.0,0.1,0.2,0.1,0.5,0.8961347152447376,0.8990693609571633,0.8456250755324861,0.8773941176203451,0.6780841074043938,0.4955918849757674,0.5224418375390532,,,
0.4,0.0,0.05,0.1,0.2,0.5,0.8961240375166152,0.8987272969561713,0.8335972038661178,0.8818391076294279,0.7186806501220504,0.4327981221324717,0.5698807414884243,,,
0.3,0.0,0.1,0.05,0.2,0.6,0.8960199892238945,0.8998599261546092,0.8345605441202792,0.8801016425976386,0.7173500016273393,0.4339417647819063,0.5731078322518625,,,
0.3,0.1,0.05,0.2,0.2,0.5,0.895983416665152,0.9027423846754696,0.8362190459996421,0.879839740236149,0.6934060431244914,0.46310250726978996,0.5728653995033245,,,
0.2,0.0,0.15,0.05,0.05,0.6,0.895939811512739,0.8975078038311326,0.8484157947019867,0.8765277089009992,0.6874812335231896,0.485588394184168,0.5221751024593447,,,
0.3,0.0,0.15,0.15,0.1,0.6,0.8959341088654418,0.9006417659165581,0.8460049881868624,0.8752841739327883,0.6791580895036615,0.4930463379644588,0.5293502251061444,,,
0.3,0.0,0.1,0.2,0.1,0.4,0.8959128850894444,0.9028089690409771,0.8450180121711115,0.8734366984559492,0.6645409731489016,0.5077144348949919,0.5315532939197308,,,
0.3,0.0,0.05,0.05,0.05,0.4,0.8958842650028449,0.8900281043952637,0.8445775890459997,0.8855357720254314,0.7076554198535395,0.4609056568659127,0.5190453737082432,,,
0.4,0.1,0.0,0.1,0.2,0.6,0.8958732253350539,0.8974177605108178,0.8324058208340792,0.8843428683015441,0.7211743246541904,0.4305572077544427,0.568564375550749,,,
0.3,0.0,0.1,0.2,0.15,0.4,0.8958336399972937,0.9042212951211951,0.8413527784141758,0.8749048074477747,0.6752861440195281,0.48914032245557354,0.5556336090683329,,,
0.2,0.2,0.0,0.1,0.1,0.6,0.8956295153003688,0.8985620942285042,0.8381892131734383,0.8843345240690282,0.7035150333604556,0.4606129673667205,0.550953197788993,,,
0.3,0.0,0.05,0.15,0.05,0.3,0.8954880701033963,0.8965969390862314,0.8475708917129049,0.8783924246139874,0.67275427908869,0.5050937046849758,0.5097447238644557,,,
0.4,0.1,0.05,0.2,0.1,0.6,0.8954792574946027,0.8983692760523216,0.843699674959728,0.8813591144414169,0.6874825109845403,0.48606057318255247,0.528300663141873,,,
0.2,0.0,0.1,0.1,0.05,0.4,0.8954757483784419,0.8996156635050524,0.8478540263110792,0.8748493401453225,0.6749555980471929,0.500447797092084,0.5207766230873989,,,
0.2,0.0,0.15,0.15,0.2,0.5,0.8954274888968372,0.9053434460355837,0.8384923130481474,0.8748636017257039,0.6846041399511797,0.4718073363489499,0.5783689651526076,,,
0.3,0.1,0.05,0.1,0.05,0.6,0.8953816918543073,0.8951152661087347,0.8453336916055127,0.883621833787466,0.695680230268511,0.47870200646203553,0.5220238184731234,,,
0.3,0.2,0.0,0.2,0.2,0.6,0.8953795980315393,0.9011020012646457,0.8348691396098085,0.882429509082652,0.6999248633034988,0.457010042003231,0.5710409790915645,,,
0.3,0.0,0.1,0.1,0.05,0.5,0.8953386368743418,0.8952809018163783,0.8481906903526043,0.879302472297911,0.6869268828315704,0.4885442836833603,0.5151571077465352,,,
0.4,0.1,0.0,0.05,0.05,0.6,0.8952041293374691,0.8878493505176368,0.8423155840343656,0.8900233492279747,0.715777916192026,0.4521222914378029,0.5211475095730194,,,
0.2,0.0,0.15,0.15,0.05,0.5,0.8951705959560643,0.9019552151261547,0.8496706112403795,0.8695614691189828,0.6551981497152156,0.5221347037156705,0.5168952354401987,,,
0.2,0.1,0.1,0.15,0.2,0.6,0.8951556125228869,0.9034174109230674,0.8369276092715231,0.8784618796548592,0.6933188803905614,0.4636767211631664,0.5756232389649923,,,
0.2,0.0,0.1,0.2,0.1,0.3,0.8950376120100576,0.9070326179406113,0.84366370986218,0.8680350517711172,0.6379938746948739,0.5287310862681744,0.551761677000721,,,
0.3,0.0,0.15,0.15,0.05,0.6,0.8950002943864914,0.8983234623023991,0.8499263465187041,0.8743223478655768,0.6704562148087876,0.5078261111470113,0.5123284869021869,,,
0.4,0.0,0.1,0.2,0.05,0.5,0.8949398451653048,0.8961378403818735,0.8498456269912297,0.876729425976385,0.6686397314890155,0.5112459890145397,0.5049538397821036,,,
0.3,0.1,0.05,0.2,0.15,0.5,0.8948633716755467,0.9024293745459054,0.8396727877214963,0.8792997584014531,0.686661716029292,0.47884393667205166,0.5565131795241529,,,
0.2,0.1,0.05,0.1,0.05,0.5,0.8948403123505928,0.89857425647511,0.8448084191873994,0.8809067615803815,0.6883403799837267,0.4866136562197092,0.5288575412961628,,,
0.2,0.0,0.15,0.15,0.15,0.5,0.8947325854683423,0.9051096854007811,0.8421932588151065,0.8733558328792007,0.6765724703010577,0.4879272678513732,0.5613496494432428,,,
0.2,0.0,0.15,0.15,0.1,0.5,0.8945876470830896,0.9040965743723265,0.8457628494719885,0.8714777284287012,0.6669326891781936,0.5047745576736672,0.5403276651445966,,,
0.2,0.1,0.0,0.15,0.15,0.3,0.89453873305055,0.9024120435186908,0.8321117739395024,0.881208174386921,0.6962639560618389,0.4553804878836834,0.5860119652327165,,,
0.3,0.1,0.05,0.2,0.05,0.5,0.8945319602686483,0.8995338041286962,0.8469992645426884,0.8782351089918257,0.6692638104149715,0.5109710164781907,0.5171126508050949,,,
0.3,0.1,0.0,0.15,0.05,0.4,0.8945244776137669,0.8963096598846941,0.8443761417576517,0.884160151226158,0.687815886086249,0.48976075605815833,0.5206627775374509,,,
0.4,0.1,0.05,0.2,0.05,0.6,0.894450071752445,0.8962475753270102,0.8474440110971898,0.881366678928247,0.6801979300244101,0.4998778151857835,0.5131459793318914,,,
0.2,0.1,0.05,0.2,0.05,0.4,0.8944447774850918,0.9034371981154299,0.8462926531233219,0.8738990349682108,0.6506267225386493,0.5280122772213247,0.5257234733637747,,,
0.3,0.1,0.05,0.2,0.1,0.5,0.8943634005954679,0.901448733122559,0.8431288134956149,0.8787431571298819,0.6787145728234337,0.4949226442649434,0.5373983263638549,,,
0.4,0.0,0.1,0.1,0.05,0.6,0.8943380733500338,0.8919659783274441,0.8482572172901378,0.8820746984559492,0.6943832432872254,0.4811609428109854,0.5124816097092045,,,
0.4,0.0,0.0,0.15,0.2,0.3,0.8943101792995259,0.9000433702312318,0.8304168641489171,0.8818718124432334,0.7183829910496339,0.4294191502423263,0.5864128462709285,,,
0.2,0.1,0.1,0.15,0.15,0.6,0.8942936501832465,0.9032757674291737,0.8403810155718632,0.877720603996367,0.687033623270952,0.47801216478190633,0.5610917431707122,,,
0.2,0.0,0.1,0.2,0.2,0.3,0.894285657275116,0.907319314090881,0.8340011847145158,0.872857791099001,0.6652366078112286,0.4841393298869144,0.5967430697748939,,,
0.3,0.2,0.0,0.2,0.15,0.6,0.8941880756413039,0.9008685611555389,0.8380713547521031,0.8823502670299727,0.6945027306753458,0.4709834888529887,0.5571438777537451,,,
0.2,0.2,0.0,0.1,0.05,0.6,0.89416726321793,0.8974396280205814,0.8422155659566852,0.8846499518619437,0.6970089666395444,0.4767044051696284,0.5342830345269566,,,
0.4,0.1,0.0,0.15,0.05,0.5,0.8939806149422829,0.8927001170169239,0.8449286377304457,0.8863268387829246,0.6959136248982912,0.4812334436187399,0.5159079049907875,,,
0.2,0.1,0.1,0.15,0.05,0.6,0.8938872865593139,0.9011052644969313,0.84737991068552,0.8759261425976385,0.6711096924328722,0.5077535508885299,0.5250373940559161,,,
0.2,0.1,0.1,0.15,0.1,0.6,0.8938402145776114,0.9025747091438844,0.8437661297655271,0.8767922061762035,0.679700934906428,0.49272638578352185,0.5439750346871746,,,
0.4,0.0,0.05,0.05,0.05,0.5,0.8937142747742334,0.8868024365507409,0.8448729847861105,0.886987406448683,0.7116174182262002,0.45805752310177705,0.515778556436754,,,
0.3,0.0,0.05,0.1,0.2,0.4,0.8937024469304066,0.901326671378092,0.8315734431716485,0.8799303101725704,0.7166195817737998,0.43204174991922456,0.5892247998077386,,,
0.3,0.1,0.0,0.1,0.2,0.5,0.8936707583995431,0.8994269439960324,0.8303153398961876,0.8828321035422344,0.7199001554109031,0.42937264878836834,0.5844886189217335,,,
0.3,0.2,0.0,0.2,0.1,0.6,0.893493988691453,0.9001391637468229,0.8412911362090567,0.8823077992733879,0.6882386118795768,0.48512030371567044,0.5412967272290314,,,
0.2,0.1,0.0,0.15,0.05,0.3,0.8932858762067931,0.9010029573616019,0.843365758725613,0.8803048319709355,0.673594639544345,0.5045333583198708,0.531573044780902,,,
0.3,0.2,0.0,0.2,0.05,0.6,0.8932485523561651,0.8987510242886367,0.844784222301772,0.8823224178019982,0.6810249877949552,0.49923806978998386,0.5244155738203957,,,
0.4,0.0,0.05,0.15,0.05,0.4,0.8932286473676081,0.8921466676585456,0.8476227143368533,0.88206489373297,0.686532311635476,0.492097904361874,0.5077086500040054,,,
0.2,0.1,0.05,0.05,0.2,0.6,0.8931819315781672,0.9003276453536668,0.8312815971004117,0.8812649009990917,0.7184175191212367,0.43146544426494343,0.5865095142193383,,,
0.2,0.0,0.1,0.05,0.2,0.5,0.8930580712155761,0.9022477043456698,0.8326595485949526,0.8783195204359674,0.7150499707078927,0.4345311683360259,0.5912172894336297,,,
0.2,0.1,0.0,0.15,0.1,0.3,0.8930178905354604,0.9024630518628727,0.8378219171290496,0.8808041793823796,0.6864533995117982,0.4795182701130856,0.5626338351357847,,,
0.3,0.0,0.1,0.05,0.15,0.6,0.8925643246934714,0.8992976320872854,0.8379311064972257,0.8797154396003632,0.7122345598047193,0.4502259263327948,0.5592231364255387,,,
0.4,0.1,0.0,0.1,0.15,0.6,0.8925336507281372,0.8967757323910482,0.835608292643637,0.8846892016348774,0.7167442229454841,0.4460582998384491,0.555591932067612,,,
0.4,0.0,0.05,0.1,0.15,0.5,0.8920456647435072,0.897886002826855,0.8370641041703957,0.881840838328792,0.7133119153783564,0.4506635315024233,0.5547763213971001,,,
0.2,0.2,0.0,0.2,0.05,0.5,0.8914524435457258,0.9019515057962929,0.8441348917129049,0.8795673814713897,0.6695337013832383,0.5117539360258482,0.5336223632139709,,,
0.2,0.1,0.05,0.2,0.1,0.4,0.8912978017843574,0.9049237839191618,0.8421465915518167,0.875473459582198,0.6638078730675346,0.5097526849757673,0.5539638521188817,,,
0.4,0.0,0.1,0.15,0.2,0.6,0.8912846491699178,0.9015244235323291,0.8379649577590835,0.8784661553133515,0.7033393213995118,0.46123293570274637,0.5644054658335336,,,
0.2,0.0,0.1,0.2,0.15,0.3,0.8909940533563226,0.9077471682350754,0.8392163348845534,0.8709513051771117,0.6537263197721725,0.5094607909531502,0.5788043516782825,,,
0.4,0.0,0.0,0.05,0.1,0.4,0.8909774167946147,0.8912100654888103,0.835758160193306,0.8874572638510445,0.7266183165174939,0.4371041182552504,0.5439215310422174,,,
0.4,0.0,0.0,0.1,0.05,0.3,0.8907296776112102,0.8851723747814767,0.8426416575979954,0.8885849123524069,0.7091632131814484,0.46355659515347336,0.5120424301850517,,,
0.2,0.1,0.05,0.2,0.2,0.4,0.8904955695359369,0.9049490412001735,0.8333033586898156,0.8775981280653951,0.6826076867371847,0.4741195444264944,0.5918198641352239,,,
0.2,0.1,0.05,0.05,0.15,0.6,0.8902636626963014,0.9003751696980967,0.8350815244317165,0.8810047270663034,0.7135850870626526,0.4477268885298869,0.573346890170632,,,
0.3,0.0,0.0,0.05,0.1,0.3,0.890169979957554,0.894950212162916,0.833320593520673,0.8849483124432334,0.72669123270952,0.43420168206785137,0.5591379043499158,,,
0.3,0.1,0.0,0.1,0.15,0.5,0.8901182688216714,0.8992967156406918,0.834121016287811,0.8828831907356949,0.7148131253051261,0.4473044084006462,0.569946383241208,,,
0.2,0.2,0.0,0.2,0.1,0.5,0.890052348283597,0.9029493812162915,0.8402798127796671,0.8800626689373298,0.6787694263628967,0.49588221453958,0.5552735682127693,,,
0.2,0.2,0.0,0.2,0.2,0.5,0.8899679008081461,0.9029048084309714,0.8322935262215858,0.880769123524069,0.6929031749389748,0.4652651651050081,0.587309227269086,,,
0.4,0.1,0.0,0.1,0.1,0.6,0.8895238406426464,0.8955198795610935,0.8391080683730088,0.8851631203451408,0.7117049056143206,0.46141570016155087,0.541854085075703,,,
0.2,0.1,0.05,0.2,0.15,0.4,0.8895056416079915,0.9053145792325336,0.8379216919634868,0.8767595272479565,0.6742603213995118,0.4927515605815832,0.5756687302731716,,,
0.2,0.2,0.0,0.2,0.15,0.5,0.8894924359352693,0.903200235893621,0.8363932715231788,0.8805036366939146,0.6864964987794956,0.48054791147011305,0.5731021222462549,,,
0.2,0.0,0.1,0.05,0.15,0.5,0.8894650897222733,0.9022963498605171,0.8368553889386074,0.8774367697547684,0.709081804719284,0.45339356252019386,0.5759530375710967,,,
0.3,0.0,0.1,0.05,0.1,0.6,0.8894357115259492,0.8980306787427934,0.8416101909790585,0.8794693732970028,0.7063359406021156,0.4665764439418417,0.5441720700152207,,,
0.3,0.0,0.05,0.1,0.15,0.4,0.889258048019195,0.9011462239662762,0.8357487742974763,0.8793599078110809,0.7102439048006509,0.4531675715670436,0.5719618973003284,,,
0.4,0.0,0.05,0.05,0.2,0.6,0.8892162213186499,0.8985310272642738,0.832731940755325,0.8813482820163487,0.7251999275834011,0.4330386875605816,0.5748908597292318,,,
0.4,0.0,0.1,0.15,0.15,0.6,0.8890845033800956,0.9006855554646334,0.8408631587614105,0.8779763564940962,0.6976326305939788,0.4757000840064621,0.5499421805655692,,,
0.4,0.0,0.0,0.15,0.15,0.3,0.8888118097927133,0.8994881785382183,0.8346739799534634,0.8818415663033606,0.7115823344182262,0.4533356969305331,0.566702706240487,,,
0.4,0.0,0.05,0.1,0.1,0.5,0.8884280713652544,0.8961874999690038,0.8409888816896366,0.8820041739327884,0.7070951847030106,0.46828101518578347,0.5387721355443402,,,
0.4,0.1,0.0,0.2,0.2,0.5,0.8884045751824714,0.9015512181265887,0.8347358596742438,0.8811444059945505,0.7047223230268511,0.4601792691437803,0.5750804074341104,,,
0.3,0.1,0.05,0.15,0.2,0.6,0.8883309931988037,0.9023783732440643,0.8354815389296582,0.8796781802906449,0.7040767428803906,0.46036943844911143,0.5779309230153008,,,
0.2,0.1,0.0,0.1,0.2,0.4,0.8877263919669625,0.901257259983882,0.8263993731877572,0.8809746843778383,0.7170956045565501,0.4312120788368336,0.60599994744853,,,
0.2,0.1,0.05,0.05,0.1,0.6,0.8876668355702908,0.899853097662885,0.838857441739753,0.8807185363306085,0.7078867266069976,0.4642622436187399,0.5581673024112793,,,
0.4,0.0,0.05,0.2,0.2,0.4,0.8874515007806224,0.9033030752464201,0.8360195573653123,0.8778938496821072,0.6986322611879577,0.46725787399030694,0.5778982733317312,,,
0.4,0.0,0.1,0.15,0.1,0.6,0.8872702618174053,0.8991846832558428,0.8441067467334885,0.8775463846503179,0.691116490642799,0.4900673040387722,0.5346678772730914,,,
0.3,0.0,0.1,0.15,0.2,0.5,0.8872676533935221,0.9041636203583163,0.8368676683372115,0.8764166666666666,0.6982293059397885,0.46734375056542815,0.5811146463189939,,,
0.2,0.0,0.05,0.1,0.2,0.3,0.8871132005313342,0.9037581901927965,0.827062257562198,0.877402618982743,0.7117138567941416,0.43484369240710824,0.6161096215653288,,,
0.2,0.0,0.15,0.1,0.2,0.6,0.8870633032140152,0.9047841029322423,0.8376817404689458,0.8751558919164396,0.69783595362083,0.4675635903069467,0.5835020974124809,,,
0.3,0.1,0.0,0.1,0.1,0.5,0.8870623381031272,0.8984783236749115,0.8379813816001431,0.8830504500454133,0.7087813775427176,0.4654014229402262,0.553235944244172,,,
0.3,0.1,0.0,0.05,0.2,0.6,0.8869531113063984,0.8991986483664992,0.8297838698764991,0.8823039096276112,0.7265785915378357,0.42992884975767365,0.5878584354722423,,,
0.3,0.1,0.05,0.15,0.15,0.6,0.8866005563104278,0.9020835285103218,0.8386203619115805,0.8791978033605813,0.6985612563059398,0.4747529809369952,0.5639674764079148,,,
0.4,0.1,0.0,0.1,0.05,0.6,0.88654257008117,0.8934383500836899,0.8432270017898693,0.885583517257039,0.7060784109031732,0.47654775702746366,0.5280842948009292,,,
0.3,0.0,0.1,0.05,0.05,0.6,0.88646998571037,0.8958030562519373,0.8460828688025774,0.8791140086285195,0.6995595606183889,0.4827769027463651,0.5288295430585597,,,
0.4,0.1,0.0,0.2,0.15,0.5,0.8863922891133643,0.9010568046370342,0.8379069582960443,0.8809557892824704,0.6988741822620016,0.47582853441033923,0.5595982662821437,,,
0.2,0.0,0.1,0.05,0.1,0.5,0.8862342689840722,0.9015542016242017,0.8409548517988186,0.8763393006357856,0.7018562530512612,0.4726521964458804,0.5577800970920452,,,
0.3,0.0,0.05,0.05,0.2,0.5,0.8858620127025376,0.9008906588556196,0.8308633654913192,0.8795745921889191,0.7249132066720911,0.43233475864297255,0.592526033966194,,,
0.4,0.0,0.0,0.1,0.2,0.4,0.8856774142464848,0.8997522906453412,0.8296881202792197,0.8813064114441417,0.7268770138323841,0.4304524407108239,0.5902886608988224,,,
0.4,0.0,0.1,0.15,0.05,0.6,0.8855456859549291,0.8968000820779864,0.848019742437802,0.8770287497729337,0.6836708380797396,0.5043197621970921,0.519552388047745,,,
0.2,0.1,0.05,0.05,0.05,0.6,0.8855358341881535,0.898540985729341,0.8429529454089851,0.880576549500454,0.7012433091944671,0.4808378701130856,0.5414829137226628,,,
0.3,0.0,0.05,0.1,0.1,0.4,0.8854923456251469,0.8999828646705101,0.8399730579917666,0.8788555386012716,0.7024557160292921,0.4745472646203554,0.551553138989025,,,
0.2,0.0,0.15,0.1,0.15,0.6,0.8854531418376519,0.9045511598536978,0.84103595095758,0.8738582420526794,0.6914382367778682,0.4824289699515348,0.5688955760634463,,,
0.3,0.0,0.1,0.15,0.15,0.5,0.8853777272947961,0.9037510626247598,0.840198295328441,0.8753058410535877,0.6913526183889341,0.4836315838449112,0.5646681842505807,,,
0.3,0.1,0.05,0.15,0.1,0.6,0.8853612044780999,0.901241902771062,0.8417997517451226,0.8787560499545867,0.6921763897477624,0.4892735728594507,0.548076921252904,,,
0.4,0.0,0.05,0.05,0.15,0.6,0.8853474216737098,0.8977910689975822,0.8359144302845892,0.881355027702089,0.7206927135882831,0.44893477867528275,0.5618985380116959,,,
0.4,0.0,0.05,0.2,0.15,0.4,0.8852038721206488,0.9026264198375797,0.8393876890996956,0.8771086285195276,0.6912211635475997,0.4852954016155089,0.5592798950572779,,,
0.4,0.1,0.0,0.2,0.1,0.5,0.8849759501289444,0.8999080645713223,0.8412284385179881,0.8808371080835604,0.6920486826688365,0.49149225783521805,0.5422797607946808,,,
0.3,0.0,0.15,0.2,0.05,0.6,0.8847188637372158,0.9020762443493893,0.8488911349561482,0.8689332856494096,0.6577398519121236,0.5319145641357027,0.5216193129856604,,,
0.4,0.0,0.05,0.1,0.05,0.5,0.8845316346404427,0.8933006345297873,0.8456394945408985,0.8818715603996368,0.7000345752644427,0.48562126849757675,0.523010371064648,,,
0.3,0.1,0.05,0.15,0.05,0.6,0.8845189757694528,0.8996591293286218,0.8453578884911401,0.8783793324250682,0.6848242514239219,0.5038205731825525,0.5311812801409918,,,
0.3,0.1,0.0,0.1,0.05,0.5,0.8845133297896878,0.8966931033661893,0.842362076248434,0.8833612034514078,0.7017076712774614,0.4833402785137318,0.5353758756709124,,,
0.3,0.0,0.15,0.2,0.2,0.6,0.8843955102052341,0.905760269295146,0.8401726763916235,0.8733311920980926,0.6827285150528886,0.49142419709208396,0.5741716561723944,,,
0.4,0.0,0.0,0.15,0.1,0.3,0.8842329446466954,0.8976493724629596,0.8392488043672811,0.8820243001816531,0.7032105353946299,0.47714727819063,0.5440197623968597,,,
0.2,0.0,0.15,0.1,0.1,0.6,0.8841971079632174,0.9036907485462774,0.8443392210488635,0.8723174227974568,0.6839257119609439,0.49767482326332796,0.5517333205159016,,,
0.3,0.0,0.15,0.2,0.1,0.6,0.8841776052523052,0.9040510662451181,0.8456985231788079,0.8704192547683924,0.667411525630594,0.5180779534733441,0.5405265602819835,,,
0.2,0.1,0.0,0.1,0.15,0.4,0.8841581686371301,0.901983314859587,0.8316278874172185,0.8808471162579473,0.7113607827502034,0.45195735379644586,0.5912986564127213,,,
0.3,0.0,0.1,0.15,0.1,0.5,0.884065766003229,0.9025888243754262,0.8435691022015394,0.8741519772933697,0.683214444263629,0.5002487179321486,0.545498329247777,,,
0.3,0.0,0.15,0.2,0.15,0.6,0.884056113838784,0.9052048653152316,0.8429155929837122,0.8719219037238873,0.6756470756712775,0.5045143172859451,0.5585868605303212,,,
0.4,0.1,0.0,0.2,0.05,0.5,0.8840207465735026,0.8978502507718058,0.8450680286379094,0.8808875445049955,0.6841289113100082,0.5069589731825525,0.5245381043018505,,,
0.4,0.0,0.05,0.2,0.1,0.4,0.8838265422278481,0.9010224978984563,0.8429734995525326,0.8763726802906449,0.6823399780309194,0.5033519237479807,0.5380879295041257,,,
0.2,0.0,0.1,0.05,0.05,0.5,0.8836234698801021,0.8996479119211456,0.8455591166994809,0.8754095145322435,0.6931821716842962,0.492043881098546,0.537565888648562,,,
0.3,0.1,0.0,0.05,0.15,0.6,0.8834703355833455,0.8990415631764925,0.8332049273313047,0.8823086911898275,0.722305606997559,0.44590115605815833,0.5752566873347753,,,
0.2,0.0,0.15,0.1,0.05,0.6,0.8833577641293155,0.9019531119707396,0.8479525362448542,0.870824381017257,0.6751004597233524,0.5132796756058158,0.5328005993751502,,,
0.3,0.0,0.1,0.15,0.05,0.5,0.8833110500504916,0.9003546086169487,0.8475226805083229,0.8730164813805631,0.6735214654190399,0.5169251101777059,0.5252087389249379,,,
0.2,0.2,0.0,0.15,0.2,0.6,0.8831243953858102,0.9026253407724257,0.8320992391265438,0.880603332425068,0.7043537249796582,0.4615206688206785,0.5912019549787711,,,
0.4,0.0,0.0,0.05,0.05,0.4,0.883017217849172,0.8875308194904222,0.8410047062824413,0.8874180458673933,0.7202943043124492,0.45903324652665595,0.5277499868621325,,,
0.4,0.0,0.05,0.2,0.05,0.4,0.8829759448183964,0.8980620524951956,0.8473231011276178,0.8756563950953679,0.6716299357200977,0.5211351399030695,0.5168237694464471,,,
0.3,0.0,0.05,0.1,0.05,0.4,0.8824066152207353,0.8973357674539706,0.8450626509754788,0.8784988274296095,0.693006195280716,0.4957197932148627,0.5298063289273411,,,
0.4,0.1,0.0,0.15,0.2,0.6,0.8822359003117994,0.9012351664744902,0.8339913864327905,0.880840765667575,0.7130590756712775,0.4578611747980614,0.579420973804374,,,
0.2,0.0,0.15,0.2,0.05,0.5,0.8822358426228001,0.9054768147541999,0.8481535867191695,0.863253242506812,0.6375191334418226,0.5517573415185784,0.531104714091164,,,
0.2,0.2,0.0,0.15,0.15,0.6,0.8819660441728412,0.9028347735416279,0.8357351782709862,0.8803361099000908,0.6991118934092758,0.4755874940226171,0.5785936529680366,,,
0.3,0.0,0.0,0.05,0.05,0.3,0.8818076595124258,0.8915217073213069,0.8398029437981027,0.8856467093551317,0.7183722318958502,0.4630189738287561,0.536118805255147,,,
0.4,0.0,0.05,0.05,0.1,0.6,0.8817887797482437,0.8963654656499906,0.8395215398245928,0.8814624400544959,0.7155547192839707,0.46469001486268174,0.5481744237763359,,,
0.2,0.1,0.1,0.2,0.05,0.6,0.8817744531009921,0.9045323931312379,0.8467991243959192,0.8706104046321526,0.657740086248983,0.5340043741518579,0.5372104909076344,,,
0.3,0.0,0.05,0.05,0.15,0.5,0.8814964327524434,0.9006825693385407,0.8345788172543405,0.8790551494096276,0.7197209462978031,0.4508910804523425,0.5779208645357686,,,
0.3,0.1,0.0,0.2,0.2,0.4,0.8814650227005413,0.9039259114748001,0.8323881340612135,0.8791856816530427,0.6986398120423108,0.4690023127625202,0.5952675097332372,,,
0.2,0.2,0.0,0.15,0.1,0.6,0.8814002848745232,0.9025912751348335,0.839234715231788,0.8799490113533152,0.69293637184703,0.489797689822294,0.5634556460786669,,,
0.2,0.2,0.0,0.15,0.05,0.6,0.8813957729367069,0.9017435802120141,0.8427537529980312,0.8795669759309719,0.6857232489829129,0.5042733279483037,0.5458690619242169,,,
0.2,0.1,0.0,0.1,0.1,0.4,0.8813162123838504,0.9019485975574981,0.8364762870950421,0.8804693878292461,0.7040314898291293,0.47323250920840065,0.5722694483697829,,,
0.2,0.0,0.05,0.1,0.15,0.3,0.8812182621893367,0.9047784338230737,0.8332618716663683,0.8764865090826521,0.7042434239218878,0.4617563573505654,0.5995326641031803,,,
0.2,0.1,0.05,0.15,0.2,0.5,0.8811757970498644,0.9045433577335565,0.8332283884016466,0.8777730063578565,0.6981778388934092,0.46975804588045234,0.596361757430105,,,
0.2,0.1,0.0,0.05,0.2,0.5,0.880856774661529,0.9009807229310025,0.8265447266869519,0.8806429754768392,0.7260094833197722,0.4309601053311793,0.607613539373548,,,
0.3,0.0,0.1,0.1,0.2,0.6,0.880690376028201,0.9036244147542001,0.8360215416144622,0.8764933964577657,0.7083307127746136,0.4638904271405493,0.585144197869102,,,
0.4,0.0,0.0,0.1,0.15,0.4,0.8805574888799441,0.8992598500030996,0.8334425221048865,0.8812468319709355,0.7214279528071603,0.450959802907916,0.5740011694304253,,,
0.3,0.1,0.0,0.2,0.05,0.4,0.880465639067633,0.9017064128200359,0.844166485233578,0.8771733614895549,0.6725092156224572,0.5220512814216478,0.5337427413282064,,,
0.3,0.0,0.05,0.2,0.05,0.3,0.8804211091987935,0.9027179468600831,0.8460223599427241,0.8695891180744777,0.6514805223759154,0.5426617460420032,0.5246476023391813,,,
0.3,0.1,0.0,0.05,0.1,0.6,0.880323063589294,0.8983219887421735,0.836720753534992,0.8824516189827429,0.7173343075671278,0.46203494281098545,0.5610871921813666,,,
0.4,0.0,0.05,0.15,0.2,0.5,0.8802511350781301,0.9028370196516026,0.8351632795775908,0.8778543673932788,0.7092196574450773,0.4639721525040387,0.5825835113354162,,,
0.2,0.1,0.05,0.15,0.05,0.5,0.8801933622966565,0.9032409981774223,0.8448096473957402,0.87474298955495,0.6743150130187144,0.5181127147011308,0.5423953756308579,,,
0.3,0.1,0.0,0.2,0.15,0.4,0.8801308062748003,0.9040209959952885,0.8363934574906032,0.8786041480472297,0.6916109682668836,0.48626394507269793,0.578947871825683,,,
0.2,0.1,0.1,0.2,0.1,0.6,0.880053099723759,0.9057503251131362,0.8437171886522284,0.8722232597638511,0.6672592530512612,0.5206169667205169,0.5575056869342305,,,
0.2,0.1,0.05,0.15,0.15,0.5,0.8800410079930157,0.9047951091190874,0.8372559058528728,0.877021586739328,0.6916445158665582,0.4856092219709208,0.5820695584394777,,,
0.4,0.1,0.0,0.15,0.15,0.6,0.8799673402905712,0.9007888259128386,0.8369013014139969,0.8806723274296094,0.7081753238405207,0.472030202907916,0.5661266562525035,,,
0.3,0.1,0.0,0.2,0.1,0.4,0.8798290992829708,0.9033917446407538,0.8401783030248792,0.8778703228882834,0.6830190358014646,0.5038906610662359,0.5581488111832091,,,
0.2,0.1,0.05,0.15,0.1,0.5,0.879754820783979,0.9044410228008184,0.841031122069089,0.8759425222524978,0.6837647729861676,0.5015758849757673,0.5641152633181127,,,
0.2,0.1,0.0,0.1,0.05,0.4,0.8795498389443732,0.9007948575041845,0.8413183685340969,0.8801275608537693,0.6948782449145646,0.4947688374798061,0.5489111266522471,,,
0.4,0.0,0.0,0.05,0.2,0.5,0.8793437856178179,0.8994388787551918,0.829053135672096,0.8808019940962761,0.7330148510984541,0.4310289990306947,0.5930886493631339,,,
0.4,0.0,0.0,0.15,0.05,0.3,0.8792988147382484,0.8938722311078049,0.8442783253982459,0.881615274750227,0.693064609438568,0.5002880277867529,0.5213395914443644,,,
0.2,0.1,0.1,0.2,0.15,0.6,0.8789130211782571,0.9062956722583844,0.8406636187578307,0.8736779772933696,0.6753231301871441,0.5080087386106623,0.5743557547064007,,,
0.2,0.0,0.15,0.2,0.1,0.5,0.8789117292172598,0.9072717801996157,0.8450277755503848,0.8661222606721162,0.6509251277461351,0.5366038229402261,0.5571081187214612,,,
0.2,0.0,0.1,0.15,0.05,0.4,0.8787999738832761,0.9046607516706963,0.8467647268659387,0.8671950149863761,0.6562680545158666,0.5370658229402262,0.5369057439718017,,,
0.3,0.0,0.05,0.2,0.2,0.3,0.8787417643283764,0.9062617851342136,0.8333571984965098,0.8751495467756585,0.6888512530512613,0.48054147140549275,0.6028537639990387,,,
0.2,0.0,0.1,0.15,0.2,0.4,0.8786402217452265,0.9068260753084124,0.8343761113298729,0.8737654314259764,0.6890491895850285,0.48068174862681745,0.6032860453416646,,,
0.2,0.1,0.1,0.2,0.2,0.6,0.8784519965569675,0.9063417999380075,0.8374361578664757,0.8748124055404178,0.6822113205858422,0.49562690339256865,0.5880342754145638,,,
0.3,0.0,0.1,0.1,0.15,0.6,0.8783280442093787,0.9032420158948609,0.8390719736889207,0.8755376416893732,0.7027060447518307,0.4787127282714055,0.5711176097092046,,,
0.3,0.0,0.0,0.1,0.2,0.3,0.8782116920000185,0.9023379711115244,0.826026715410775,0.8790886267029973,0.7262585598047193,0.43123695056542816,0.617383822318353,,,
0.4,0.0,0.05,0.05,0.05,0.6,0.8782024096968357,0.8940122668898394,0.8438782373366744,0.8814807488646684,0.7097846094385679,0.480243869466882,0.534469959785308,,,
0.4,0.1,0.0,0.15,0.1,0.6,0.8781031500480009,0.8998051763188891,0.8399611242169323,0.8805980140781109,0.702585362896664,0.48622370533117937,0.551500196266923,,,
0.2,0.0,0.05,0.05,0.2,0.4,0.8780888738648784,0.9032336681668837,0.8273706196527654,0.8774273664850136,0.7237449479251423,0.4348842048465266,0.616984468316911,,,
0.3,0.0,0.05,0.2,0.1,0.3,0.8780805847945341,0.9053675791953382,0.8416949198138537,0.8716994623069937,0.667353148901546,0.5210049680129241,0.5572137994071937,,,
0.4,0.0,0.1,0.2,0.2,0.6,0.8778779074179992,0.9046727347591593,0.8386942781456953,0.8748246643960036,0.6941487933279089,0.4873547373182553,0.5759371743971802,,,
0.2,0.0,0.05,0.1,0.1,0.3,0.8778779074179992,0.9046727347591593,0.8386942781456953,0.8748246643960036,0.6941487933279089,0.4873547373182553,0.5759371743971802,,,
0.3,0.0,0.05,0.05,0.1,0.5,0.8776119998659766,0.8996993273076686,0.8384009572221227,0.8786698138056313,0.7135442026037428,0.4695920613893376,0.5611772381639029,,,
0.4,0.0,0.05,0.15,0.15,0.5,0.87760162318659,0.9022456912776641,0.8382372529085377,0.8771955049954586,0.703248823433686,0.48006835476575127,0.5670318912120484,,,
0.3,0.1,0.0,0.05,0.05,0.6,0.8775454808663172,0.8968384306490609,0.8407123719348487,0.8826729868301544,0.7116035174938975,0.4780428878836834,0.5460017763358167,,,
0.3,0.0,0.05,0.2,0.15,0.3,0.8774466238299085,0.9063430513669332,0.8377341847145159,0.8736729450499546,0.6794315858421481,0.5006016439418417,0.5837761043018506,,,
0.2,0.0,0.1,0.15,0.1,0.4,0.8772862941012155,0.906527726662947,0.842807572042241,0.8698729055404177,0.6697951318144834,0.517709672374798,0.5652623958984219,,,
0.2,0.1,0.0,0.05,0.15,0.5,0.8772855790267959,0.9014908924927159,0.8310045645247897,0.8804503619436875,0.721288176566314,0.4491825576736672,0.5945931957061604,,,
0.2,0.0,0.1,0.15,0.15,0.4,0.8768710833194789,0.9071081458806025,0.8388195720422409,0.8721633792007266,0.6805023238405208,0.4997564665589661,0.5870548912921573,,,
0.4,0.0,0.1,0.2,0.15,0.6,0.8767872159169101,0.9040112249953506,0.8412710098442813,0.8738070558583106,0.6879344003254678,0.5004410326332794,0.5611237777777778,,,
0.2,0.0,0.15,0.2,0.15,0.5,0.8766079230049231,0.9080986134275619,0.8419106183998567,0.8685854859218892,0.6617108787632221,0.5230346397415186,0.5771017128895297,,,
0.4,0.1,0.0,0.15,0.05,0.6,0.8765839819351021,0.8981027609447648,0.843489978342581,0.8806105753860127,0.6962049495524817,0.5002842474959612,0.5363507019146039,,,
0.3,0.0,0.1,0.1,0.1,0.6,0.8764095599450334,0.902250930630463,0.8422050638983354,0.8746036103542234,0.6961748291293736,0.4936899140549273,0.5552029944724826,,,
0.2,0.0,0.05,0.1,0.05,0.3,0.8761037689982707,0.902767563548447,0.8440098909969572,0.8728424636693916,0.6807875207485761,0.5137768122778675,0.5447167405271169,,,
0.4,0.0,0.1,0.2,0.1,0.6,0.8761037689982707,0.902767563548447,0.8440098909969572,0.8728424636693916,0.6807875207485761,0.5137768122778675,0.5447167405271169,,,
0.2,0.0,0.15,0.2,0.2,0.5,0.8760101899524904,0.9082315779554895,0.8385025049221406,0.8705319800181652,0.6706341269324654,0.5088638474959613,0.5925729855002804,,,
0.4,0.0,0.0,0.1,0.1,0.4,0.8759837122782589,0.8977999212696051,0.8375000136030071,0.8814014568574023,0.7148968559804719,0.4715067735056543,0.5556981970680125,,,
0.4,0.0,0.1,0.2,0.05,0.6,0.8756944878802166,0.9007421529477403,0.8472681600143189,0.8718271553133515,0.6725068144833198,0.5271858584814216,0.5279726687494993,,,
0.2,0.1,0.05,0.1,0.2,0.6,0.8755933755797123,0.9040569889033538,0.8328742024342223,0.8777947756584923,0.7089545370219691,0.46508604975767365,0.5989966767603941,,,
0.4,0.0,0.05,0.15,0.1,0.5,0.8755083019684972,0.9009202602442501,0.8415270316806872,0.8766333460490463,0.6962581366965012,0.49622055702746365,0.5496815845549948,,,
0.3,0.1,0.0,0.15,0.2,0.5,0.8752768921522951,0.903470463877007,0.8320362702702703,0.8790945054495912,0.7099767803091944,0.4645533596122779,0.5979892487382841,,,
0.4,0.0,0.05,0.1,0.2,0.6,0.8749875323210274,0.9023686880416588,0.8343493986039019,0.8777663860127157,0.717058406834825,0.46108312956381264,0.5860664446046623,,,
0.3,0.0,0.1,0.1,0.05,0.6,0.8749045526134803,0.9004164557683962,0.8458465346339717,0.873738068119891,0.6885958120423108,0.5086848155088853,0.5383262882319956,,,
0.4,0.0,0.0,0.05,0.15,0.5,0.8746287627740383,0.8989842813464758,0.8324427725076069,0.8807369464123523,0.728490623270952,0.44895307463651046,0.579233936553713,,,
0.3,0.0,0.05,0.05,0.05,0.5,0.8742106806835651,0.8976016730022938,0.8429813832110256,0.8783702316076295,0.7062520244100895,0.48812905718901456,0.5433482630777858,,,
0.2,0.1,0.0,0.05,0.1,0.5,0.8739320329815119,0.9013912114314053,0.8352447263289781,0.880087321071753,0.715469423108218,0.4680655974151858,0.5786376795642073,,,
0.2,0.1,0.05,0.1,0.15,0.6,0.8738301981711358,0.9042218797594692,0.836452842849472,0.8771165004541327,0.7036095296989423,0.47968407560581583,0.5863299182888728,,,
0.4,0.0,0.05,0.15,0.05,0.5,0.873795231457561,0.8985670324964354,0.8455189156971542,0.8761089673024522,0.6880958616761594,0.5122014726978998,0.5319540208283265,,,
0.2,0.1,0.0,0.2,0.2,0.3,0.8736595127454021,0.9058056746388939,0.8266850218364059,0.8761635490463214,0.68546439544345,0.48107276187399034,0.618443168469118,,,
0.2,0.0,0.05,0.05,0.15,0.4,0.8733382052551512,0.9039226177422354,0.8324863166278861,0.876566053133515,0.7178829576891782,0.45670327302100167,0.602227364736041,,,
0.3,0.1,0.0,0.15,0.15,0.5,0.8731860683409193,0.9035066425888041,0.8355864873814212,0.8785700072661217,0.7043090154597234,0.480416794184168,0.5837910221901786,,,
0.3,0.1,0.05,0.2,0.05,0.6,0.8728919404578807,0.903300920885252,0.8450266031859673,0.8732351580381471,0.6732829918633034,0.528658913085622,0.5420161735159817,,,
0.3,0.1,0.05,0.2,0.2,0.6,0.8728752464767405,0.9054342676337487,0.8362909040630033,0.876181444595822,0.6943932205044752,0.48975420743134085,0.5900405615637268,,,
0.2,0.1,0.05,0.1,0.1,0.6,0.8725382618133375,0.9038871188395016,0.8398750050116343,0.8761913324250681,0.6973149381611066,0.49442940484652664,0.5711204755267163,,,
0.2,0.1,0.0,0.2,0.05,0.3,0.872508041277141,0.9062362627735416,0.8424995115446572,0.8719042992733878,0.6504362620016273,0.5484846261712439,0.5555037404470079,,,
0.3,0.1,0.05,0.2,0.1,0.6,0.8724129692192639,0.9046040878804785,0.8420385929837123,0.874233129427793,0.6813967762408463,0.5152841092084006,0.5602946919810943,,,
0.3,0.1,0.05,0.2,0.15,0.6,0.8723777912257635,0.9052583286095096,0.8392074601754071,0.8752791539509537,0.6883704296175752,0.5023892575121163,0.5764799154049507,,,
0.3,0.0,0.0,0.1,0.15,0.3,0.8723593848501064,0.9028325589734053,0.8310965362448541,0.8784832915531335,0.7200211057770545,0.4557261350565428,0.6003533943763518,,,
0.4,0.0,0.05,0.1,0.15,0.6,0.8721884793922089,0.9018368652904345,0.8371898032933597,0.8772067488646685,0.7120731171684297,0.47561874119547654,0.5727321440358888,,,
0.3,0.0,0.0,0.05,0.2,0.4,0.8720957291371312,0.9018164309466244,0.825963734204403,0.8788099495912807,0.734219667209113,0.43115696995153474,0.6168995706160378,,,
0.2,0.1,0.05,0.1,0.05,0.6,0.8717798801331331,0.9028751396689604,0.8433562749239306,0.8752380308810173,0.6899333026851099,0.5094150571890145,0.553489454458063,,,
0.3,0.1,0.0,0.15,0.1,0.5,0.871761660561523,0.902955841770504,0.8390094234830857,0.877965457311535,0.6975659910496338,0.49643323554119545,0.5667148348954578,,,
0.2,0.0,0.1,0.1,0.2,0.5,0.871678831453661,0.9061588266319509,0.8341047336674422,0.8742565449591281,0.7036076574450773,0.4744155715670436,0.6058801147160138,,,
0.4,0.0,0.0,0.1,0.05,0.4,0.8714755423015498,0.894913539024239,0.8423429167710756,0.8814549950045414,0.7072782937347436,0.4916127075928918,0.537035004726428,,,
0.2,0.1,0.0,0.05,0.05,0.5,0.8714007793654683,0.900422187812287,0.8395732641847145,0.8798386471389645,0.7084290414971522,0.4868908084006462,0.5599493355763838,,,
0.3,0.0,0.05,0.15,0.2,0.4,0.8711444670714695,0.9056155938999442,0.8331338233398962,0.875538546321526,0.704507388120423,0.4740982882067851,0.6053487714491709,,,
0.3,0.1,0.0,0.15,0.05,0.5,0.8709665711818697,0.9015818396131673,0.8426431116878468,0.877465293369664,0.6895754711147274,0.5127157705977382,0.5472485243931747,,,
0.3,0.1,0.0,0.1,0.2,0.6,0.8708499066733202,0.9029922993986733,0.8315727522820834,0.8789444409627611,0.7181693685923515,0.46089806914378034,0.5997929081150364,,,
0.4,0.0,0.0,0.2,0.2,0.3,0.8706184647807111,0.9048146153617258,0.8321051365670306,0.8770316775658493,0.7054958657445077,0.4736515153473344,0.6042582345590002,,,
0.3,0.0,0.1,0.2,0.05,0.5,0.8705284335030344,0.904229073213068,0.8464228476821193,0.8669239950045413,0.6589424841334418,0.5448809124394184,0.5375603318112634,,,
0.4,0.0,0.0,0.05,0.1,0.5,0.870228656810305,0.8977672665054863,0.8361279747628424,0.8808558119891009,0.7231727729861677,0.46701046203554125,0.5639512790194664,,,
0.2,0.0,0.15,0.15,0.05,0.6,0.8700807213817672,0.9053625564441139,0.8471564659029891,0.865385065849228,0.6616531025223759,0.5408038552504039,0.5454849483297284,,,
0.4,0.0,0.05,0.1,0.1,0.6,0.8697863022602085,0.9007062685512367,0.8402472180060856,0.8767720513169845,0.7063450056956876,0.49020342552504037,0.5580916169190098,,,
0.2,0.0,0.1,0.1,0.15,0.5,0.869648608991367,0.906334459041597,0.8380026062287453,0.8728776566757493,0.696929555736371,0.4909710533117932,0.5915332833453496,,,
0.3,0.0,0.1,0.2,0.1,0.5,0.8693317898232882,0.9060769663877007,0.8432813628065151,0.868863035876476,0.6698640903173312,0.5296444898222941,0.5601906935832732,,,
0.2,0.0,0.15,0.15,0.1,0.6,0.8693083387522782,0.9068244906329428,0.8441878106318238,0.8676711012715713,0.6714557062652563,0.526761152180937,0.5658436681887367,,,
0.2,0.0,0.15,0.15,0.2,0.6,0.8693045507164581,0.9076593095530345,0.8381621371039913,0.8713713415077203,0.6867564995931652,0.5006010197092083,0.5964334751261715,,,
0.2,0.0,0.05,0.05,0.1,0.4,0.869082272791277,0.9037481525509887,0.8371530068015035,0.8752045504087193,0.7103419471114728,0.4790758126009693,0.583090726427942,,,
0.2,0.0,0.15,0.15,0.15,0.6,0.8690499931137776,0.9075227618870497,0.841265704492572,0.8697072797456857,0.6797214825061025,0.5134940588045235,0.5827164397981255,,,
0.3,0.0,0.1,0.2,0.2,0.5,0.8690087428027764,0.9072737872171596,0.8373476819402184,0.8723707515894642,0.686487360455655,0.5014428129240711,0.5952408598894496,,,
0.3,0.0,0.05,0.15,0.15,0.4,0.8687998577743816,0.9056301902175935,0.8369701437265079,0.8742813596730246,0.6973194109031733,0.49217956898222937,0.5889397367619963,,,
0.3,0.0,0.1,0.2,0.15,0.5,0.8687959841187931,0.9070009143140537,0.8403910603185968,0.8707606625794732,0.6788962473555736,0.5152956917609046,0.5796900020828326,,,
0.3,0.1,0.0,0.1,0.15,0.6,0.8683940341660603,0.9029810917612051,0.8347705340970109,0.8784651693914622,0.7134336338486574,0.475455355088853,0.5873165360890812,,,
0.2,0.0,0.1,0.1,0.1,0.5,0.8682657384710489,0.9058249427809806,0.8416163733667442,0.871018780653951,0.6888518331977217,0.5077256025848143,0.5734978173515982,,,
0.4,0.1,0.0,0.2,0.2,0.6,0.8679198898553699,0.9043964091500837,0.8350291575085018,0.8774363142597638,0.7044781074043938,0.4851067056542811,0.5909740698550028,,,
0.4,0.0,0.0,0.2,0.15,0.3,0.86778722038903,0.9045763907011345,0.8359209627707177,0.876056891462307,0.6977188006509357,0.49386874959612276,0.5850900056076264,,,
0.4,0.0,0.05,0.1,0.05,0.6,0.8676564499550605,0.8987676080838137,0.8439199865759799,0.8763210581289737,0.6997887624084622,0.5046684439418417,0.5429749673956581,,,
0.2,0.2,0.0,0.2,0.05,0.6,0.8675708443143686,0.9051313388134647,0.8427780132450332,0.8746521121707538,0.6735852294548413,0.5319933292407109,0.5593431093487142,,,
0.2,0.0,0.1,0.1,0.05,0.5,0.8675553210344285,0.9043390474738082,0.8452891251118669,0.868961325613079,0.6790671781936534,0.5250392168012924,0.5517224314667948,,,
0.2,0.0,0.1,0.05,0.2,0.6,0.8674335030689062,0.9054604694315294,0.8335868238768569,0.8745285908265213,0.713683555736371,0.4688071612277867,0.607176123688216,,,
0.3,0.0,0.05,0.15,0.1,0.4,0.8673479467648865,0.9048266878432831,0.8405581551816718,0.8727303678474114,0.6884852408462164,0.5106433150242327,0.5680242010734599,,,
0.2,0.1,0.0,0.2,0.1,0.3,0.8671986287903919,0.907191097861261,0.8378751648469661,0.8740302865576748,0.6657352912937348,0.5300054009693054,0.5853189553793159,,,
0.3,0.0,0.0,0.1,0.1,0.3,0.8671615071056191,0.9022456363275679,0.8357602001073923,0.8777015926430518,0.7118446086248983,0.48114902358642975,0.5779585692541857,,,
0.3,0.0,0.05,0.15,0.05,0.4,0.8668152293897249,0.902796527902796,0.8444906167889744,0.8712136843778383,0.6775973962571196,0.52963469273021,0.5435694209725226,,,
0.2,0.1,0.0,0.2,0.15,0.3,0.8667832350234758,0.906917396466431,0.8326761095400036,0.8754350272479564,0.6772010740439381,0.5090719592891761,0.6053684369142033,,,
0.4,0.1,0.0,0.2,0.15,0.6,0.8666630286290858,0.9040926460107866,0.8377072244496152,0.8768022620345142,0.6991519072416599,0.4979046074313409,0.5777001062244652,,,
0.3,0.0,0.0,0.05,0.15,0.4,0.8666314419092042,0.9021190484408903,0.8302817692858421,0.8782250585831062,0.7291553384865744,0.45230675282714056,0.6021602496194824,,,
0.3,0.0,0.05,0.1,0.2,0.5,0.8665201721621604,0.904931914376046,0.8326395675675675,0.8757240304268846,0.715007427990236,0.4686037253634895,0.6065525476247696,,,
0.3,0.1,0.0,0.1,0.1,0.6,0.8663828245782421,0.9024828153493274,0.837911775013424,0.8779550812897365,0.7079028877135883,0.490117695638126,0.5728580748217575,,,
0.4,0.0,0.0,0.2,0.1,0.3,0.8662465137378791,0.9033052399975203,0.8396518045462682,0.8750333723887375,0.6879904678600488,0.5144816807754442,0.5606965916846912,,,
0.2,0.2,0.0,0.2,0.1,0.6,0.8661786364545164,0.9057826616328808,0.8396367069983891,0.8757210967302452,0.6815308633034988,0.5193301441033926,0.5770093261235281,,,
0.4,0.0,0.0,0.05,0.05,0.5,0.8660904734094187,0.8954658005083379,0.8406288870592447,0.8810582188919165,0.7170722294548414,0.48474759935379647,0.5482032871905792,,,
0.4,0.1,0.0,0.2,0.1,0.6,0.8659552081813188,0.9033184979728474,0.8403943338106318,0.8761968110808356,0.6930212351505289,0.5107755618739903,0.5624831417127294,,,
0.4,0.0,0.0,0.2,0.05,0.3,0.8659290170353678,0.9004178400843096,0.8440766848040093,0.8741011998183469,0.6757172335231896,0.5349753602584815,0.5340122787791396,,,
0.2,0.0,0.05,0.05,0.05,0.4,0.8658442578525756,0.9022619633004773,0.8419029395024163,0.8737820817438693,0.7008422912937348,0.5016214119547657,0.5596553278859249,,,
0.2,0.2,0.0,0.2,0.2,0.6,0.865733019576264,0.9056245755625814,0.8329229155181672,0.8771887465940055,0.6940776655817738,0.4943521983844911,0.6030614277016743,,,
0.4,0.1,0.0,0.2,0.05,0.6,0.865597621816212,0.9019140973529229,0.843364802219438,0.8756493392370572,0.685977216436127,0.5238420465266559,0.5460599844588641,,,
0.2,0.2,0.0,0.2,0.15,0.6,0.8654478532848736,0.9059051451986857,0.8363798584213353,0.8765790699364214,0.6883107737998373,0.5070467457189015,0.5913775976928622,,,
0.4,0.0,0.0,0.15,0.2,0.4,0.8654285544260267,0.9041905362097824,0.8316240234472884,0.8770842870118074,0.716466053702197,0.4684653822294023,0.6054902422494592,,,
0.3,0.1,0.0,0.1,0.05,0.6,0.8649316614385631,0.9013215405864485,0.8412659901557186,0.8775774350590373,0.701490774613507,0.5047801583198708,0.5567187288312104,,,
0.2,0.0,0.1,0.05,0.15,0.6,0.8649141888416484,0.9055550829334821,0.8370697324145338,0.8733199922797458,0.7082258340113914,0.4839874093699515,0.594473941200032,,,
0.3,0.0,0.1,0.15,0.2,0.6,0.8644609205353969,0.9066528782840493,0.8368271730803651,0.8729112543142598,0.698655479251424,0.494103540549273,0.597683932067612,,,
0.2,0.1,0.05,0.2,0.05,0.5,0.8643604970319225,0.9066951752526192,0.844174005190621,0.8689166961852861,0.6587967428803906,0.5497608717285946,0.5591254732035569,,,
0.3,0.0,0.05,0.1,0.15,0.5,0.8636119753775203,0.9048933802244126,0.8360647261499912,0.8746388928247049,0.7092108193653377,0.48510001873990305,0.5923180677721701,,,
0.4,0.0,0.05,0.2,0.2,0.5,0.8635463889917969,0.9061195023247163,0.8360028607481654,0.8739780467756585,0.6990675370219691,0.4951203728594507,0.5961193394216133,,,
0.3,0.0,0.0,0.1,0.05,0.3,0.8634238043487238,0.8999108797470707,0.84095106246644,0.8771880744777475,0.7013760333604556,0.5063809861066236,0.5513821507650404,,,
0.3,0.0,0.1,0.15,0.15,0.6,0.8632582405471997,0.9063930828838881,0.8396305534275998,0.871535121253406,0.6925129259560618,0.5072708484652665,0.5840901988304094,,,
0.3,0.0,0.05,0.05,0.2,0.6,0.8631714043093028,0.9042688764738702,0.8320646243064256,0.875797300181653,0.7225873181448331,0.4642561311793215,0.6072709995994552,,,
0.2,0.1,0.0,0.15,0.2,0.4,0.8630273638961035,0.9055053970367616,0.8279996754966887,0.8767001221616711,0.7039602587469487,0.47768025266558967,0.621398344788913,,,
0.2,0.0,0.1,0.05,0.1,0.6,0.8627262802744563,0.9050888483045069,0.8403823857168427,0.8717720172570391,0.7017830919446704,0.4993754785137318,0.5792238876872546,,,
0.3,0.0,0.1,0.15,0.1,0.6,0.8625183269297869,0.9056004216477589,0.8423538512618579,0.8699594963669391,0.6853587217249797,0.5207409195476576,0.5678598771128736,,,
0.3,0.0,0.1,0.15,0.05,0.6,0.8623079005956478,0.9040736164155974,0.8453067442276715,0.8684176444141689,0.6769932115541091,0.5345563166397416,0.5495400193863655,,,
0.4,0.0,0.05,0.2,0.15,0.5,0.8622482931766364,0.9057020152253425,0.8387757819939144,0.8727504709355132,0.6924933360455655,0.5093612394184168,0.5807747711287351,,,
0.4,0.0,0.0,0.15,0.15,0.4,0.8619872768602321,0.9039528438658484,0.8350173878646858,0.8762473138056313,0.7102920740439381,0.48669085751211627,0.5893383885283986,,,
0.4,0.0,0.0,0.1,0.2,0.5,0.8618796249469505,0.9035734667162605,0.8310578201181315,0.8770526857402361,0.7242074157851912,0.4642085292407108,0.6062528070175439,,,
0.2,0.1,0.05,0.2,0.1,0.5,0.8617301925471944,0.9076519181699834,0.8409192160372293,0.870945727520436,0.6694512855980472,0.5360172807754443,0.5804830947688857,,,
0.4,0.0,0.05,0.2,0.1,0.5,0.8616517269555227,0.904653443655074,0.8415430073384643,0.8714843841961853,0.6847690374288039,0.5238366901453958,0.56255936633822,,,
0.4,0.0,0.05,0.2,0.05,0.5,0.8616005851738452,0.9027183218151384,0.8447595002684805,0.8702352325158946,0.6755952986167616,0.5385911993537964,0.5428323108227189,,,
0.3,0.0,0.0,0.05,0.1,0.4,0.8614226696615095,0.9015842367615151,0.8343944574906031,0.8775932815622162,0.72279983726607,0.47419393990306946,0.5840764830569575,,,
0.3,0.0,0.05,0.1,0.1,0.5,0.8612365905636339,0.9041981511623582,0.8393552545194202,0.87338138328792,0.7022727681041496,0.5018338642972536,0.5751735006008171,,,
0.2,0.1,0.05,0.2,0.2,0.5,0.8611015011337697,0.9075485961440705,0.8336669615178092,0.8737532529518619,0.6854954524003255,0.5075131437802908,0.6097060408555636,,,
0.2,0.0,0.1,0.05,0.05,0.6,0.8610720964278401,0.9038500600334759,0.8438141281546447,0.8701370435967303,0.6941478641171684,0.5149586720516963,0.561570714091164,,,
0.2,0.1,0.05,0.2,0.15,0.5,0.8602582126901818,0.9078688941045192,0.8374574302845892,0.872585800181653,0.6782392774613507,0.5227102403877221,0.5969048566850917,,,
0.2,0.0,0.1,0.2,0.05,0.4,0.860239020724351,0.9080320558427871,0.8448627866475747,0.8601155267938239,0.6345699934906428,0.5748851651050081,0.5587005340062485,,,
0.4,0.0,0.05,0.15,0.2,0.6,0.8600438626287444,0.9055198406298431,0.8354008693395382,0.8742997048138056,0.7084816484947111,0.4890329150242327,0.5979841643835616,,,
0.3,0.0,0.05,0.05,0.15,0.6,0.860025985482198,0.9041882374558303,0.8351728415965634,0.8748454686648501,0.7177508771358828,0.47934145654281096,0.5947652815829528,,,
0.2,0.1,0.0,0.15,0.05,0.4,0.8598361552137692,0.9057112138863059,0.8415219054948989,0.873210621253406,0.6785452262001628,0.5337812588045234,0.567735378674998,,,
0.3,0.0,0.05,0.1,0.05,0.5,0.8595952407924956,0.9025571572500155,0.8429818951136567,0.8722455731153497,0.6940055248169243,0.5186875340872374,0.5556602666025795,,,
0.4,0.0,0.0,0.15,0.1,0.4,0.8594533009391621,0.9029104868638026,0.8384019681403257,0.87545248955495,0.7028233694060211,0.5049463967689822,0.5699633096210847,,,
0.2,0.1,0.0,0.15,0.15,0.4,0.8593918866627279,0.9063186197259935,0.8329378086629676,0.87600148955495,0.6973946118795769,0.4981282080775444,0.6085222286309381,,,
0.4,0.0,0.0,0.05,0.2,0.6,0.8592162097384388,0.9029914195028206,0.8305041269017363,0.8769744482288828,0.7300164727420667,0.4607228297253635,0.606777721701514,,,
0.2,0.1,0.0,0.1,0.2,0.5,0.8590614781541863,0.9050039283863368,0.828419192410954,0.8769125313351498,0.7155197542717657,0.471496118901454,0.621553816069855,,,
0.2,0.1,0.0,0.15,0.1,0.4,0.858921926858208,0.9064775049531957,0.8373967436907105,0.8748278297002725,0.6890340235964199,0.515797486914378,0.591074361611792,,,
0.4,0.0,0.0,0.1,0.15,0.5,0.858238259476458,0.9033312709937387,0.834134373724718,0.8763262629427793,0.719113978844589,0.4806931431340873,0.5923638830409357,,,
0.4,0.0,0.05,0.15,0.15,0.6,0.8581857098574158,0.9051363486454653,0.8379761034544478,0.8732458928247048,0.7030355353946298,0.5022759243941841,0.5846728174317071,,,
0.2,0.0,0.05,0.15,0.2,0.3,0.8577990428269977,0.9080661791085488,0.8279735385716843,0.8719858297002725,0.6940429007323027,0.49036836058158323,0.633430081871345,,,
0.4,0.0,0.0,0.15,0.05,0.4,0.8577566425697147,0.9006784381377472,0.842401555396456,0.8748005890099909,0.6938172302685109,0.5230272529886915,0.5488471535688536,,,
0.2,0.0,0.0,0.05,0.2,0.3,0.8576339352829316,0.9037552360548013,0.819234078396277,0.8758444532243416,0.73462788364524,0.43533167302100156,0.649093288952976,,,
0.3,0.0,0.05,0.05,0.1,0.6,0.857301801503472,0.9035662709565433,0.8382253991408628,0.8738045345140781,0.7120739462978031,0.49448520775444266,0.5802739275815109,,,
0.2,0.1,0.05,0.15,0.2,0.6,0.8572409006052605,0.9070161729588989,0.8337026627886164,0.8742619091734787,0.6987019641985354,0.49894785783521806,0.6113154953136265,,,
0.3,0.0,0.0,0.05,0.05,0.4,0.8572311238153375,0.8997692958651046,0.8390232378736353,0.8772284259763851,0.714980788445891,0.49582019063004845,0.5633046448770328,,,
0.2,0.1,0.05,0.15,0.05,0.6,0.8569692682001411,0.9062335335193107,0.8432780508322892,0.8701826993642143,0.6777490602115541,0.5381658933764136,0.5674897713690619,,,
0.2,0.1,0.0,0.05,0.2,0.6,0.8569616319754547,0.9044462864298555,0.8284569674243779,0.8769644732061762,0.7235905443449959,0.4659033815831987,0.6209842957622367,,,
0.4,0.0,0.05,0.15,0.1,0.6,0.8568916724838858,0.9042318309094292,0.8405874453194917,0.8722063732970027,0.6967414524003255,0.5155473576736672,0.5694221520467836,,,
0.2,0.0,0.1,0.2,0.2,0.4,0.8564246223461921,0.9096746094848429,0.834023484875604,0.8688418138056312,0.6721753531326282,0.523695462358643,0.6178289880637667,,,
0.2,0.1,0.05,0.15,0.15,0.6,0.8564128113689972,0.9072510369350938,0.8370872024342223,0.8732309069028156,0.6928217851912124,0.5120660329563813,0.5995955928863254,,,
0.2,0.1,0.05,0.15,0.1,0.6,0.8563687271925299,0.907040207352303,0.8402397633792732,0.8718421630336058,0.6858994320585843,0.5249561357027464,0.5851910489465674,,,
0.2,0.1,0.0,0.1,0.15,0.5,0.8562793834968994,0.9056097752402207,0.8326568512618578,0.8762569114441416,0.710191606997559,0.48839864232633284,0.6095991588560442,,,
0.3,0.1,0.0,0.2,0.05,0.5,0.8562686621524896,0.9053477252495195,0.8423818548415966,0.8717647693006357,0.676536458096013,0.5419616012924071,0.5615208421052632,,,
0.4,0.0,0.05,0.15,0.05,0.6,0.8559923733730466,0.9026171878494824,0.8435902559513155,0.8712271180744777,0.6894700065093572,0.5289775631663974,0.5529716580950093,,,
0.3,0.1,0.0,0.2,0.2,0.5,0.8559182072386851,0.9066564711921147,0.8328960957580096,0.8753241748410536,0.6991816948738813,0.5001423599353796,0.6114159134823359,,,
0.2,0.0,0.15,0.2,0.05,0.6,0.8556035113555704,0.9078792116545782,0.8459330579917667,0.8603303201634878,0.6468337200976404,0.5690956277867528,0.5611595114956341,,,
0.4,0.0,0.0,0.05,0.15,0.6,0.8555669110890866,0.9027431333209348,0.8333341619831752,0.8763406326067211,0.7256996802278275,0.47570545266558967,0.5946563590483057,,,
0.4,0.0,0.0,0.1,0.1,0.5,0.8553703799455078,0.9024400408654144,0.8372559923035618,0.8757093851044505,0.7130908006509358,0.49696931502423264,0.5763248286469599,,,
0.2,0.0,0.1,0.2,0.1,0.4,0.8553391939822678,0.9095651117227699,0.8417130229103276,0.8638248551316985,0.6503743482506102,0.5597725751211632,0.5850979836577745,,,
0.3,0.1,0.0,0.2,0.1,0.5,0.8553376250478918,0.9064243260058273,0.8393272287453016,0.8731080644868301,0.6854393726606998,0.5276209253634895,0.5818917816230073,,,
0.3,0.1,0.0,0.2,0.15,0.5,0.8552388415503599,0.906794875581179,0.8362309305530696,0.8743626775658493,0.6929133661513425,0.5138180626817448,0.5983084226548105,,,
0.3,0.0,0.05,0.05,0.05,0.6,0.8551503234017028,0.9021895560349636,0.8415997932700913,0.8729251530426885,0.7054568868999187,0.5096335838449111,0.5641235662901546,,,
0.2,0.1,0.0,0.1,0.1,0.5,0.8546232206638835,0.9056815804847808,0.836577319491677,0.8752514459582198,0.7036329161920261,0.5047809266558967,0.5944327885924858,,,
0.2,0.1,0.0,0.05,0.15,0.6,0.854216458118504,0.9048972191928585,0.8321799273313047,0.8763571998183469,0.7191215516680228,0.48098955476575117,0.6100290805094929,,,
0.3,0.1,0.0,0.15,0.2,0.6,0.8538481357400544,0.906076287917674,0.8326879790585288,0.8755846226158038,0.7091761065907242,0.49218827592891756,0.6118713900504686,,,
0.2,0.1,0.0,0.1,0.05,0.5,0.8537630418582339,0.9050200604302275,0.8403127279398603,0.8739718923705722,0.6956891285598047,0.5213299470113086,0.5755326602579508,,,
0.2,0.0,0.1,0.2,0.15,0.4,0.8532347236577666,0.9100030110966463,0.8381608113477715,0.8667281330608537,0.662594786004882,0.5443563722132472,0.6040790487863494,,,
0.2,0.0,0.15,0.2,0.1,0.6,0.8531011025810487,0.9091523958093113,0.8434464884553428,0.8631896566757493,0.6577250919446705,0.5572728794830372,0.5807590058479533,,,
0.4,0.0,0.0,0.1,0.05,0.5,0.8530196768246565,0.9006317314735602,0.8409179421872203,0.8751889804722979,0.7060275142392188,0.5131822442649435,0.558950332291917,,,
0.4,0.0,0.0,0.05,0.1,0.6,0.8525822836644662,0.9019578907941231,0.8362409248254877,0.8758562515894641,0.7206854344995932,0.49040492859450724,0.5809862653208363,,,
0.3,0.1,0.0,0.15,0.15,0.6,0.8524598560810533,0.9061592501642799,0.8357067678539466,0.8747334972752043,0.703979146460537,0.5051331457189014,0.6000570873988624,,,
0.2,0.1,0.0,0.05,0.1,0.6,0.8519609810445439,0.9049022575661769,0.8356915911938428,0.8754733528610353,0.7137606753458096,0.49606449757673665,0.5967738511575743,,,
0.2,0.0,0.05,0.15,0.05,0.3,0.8518228622177292,0.9078777922261484,0.8427585187041347,0.8639881398728428,0.6576892766476811,0.5612893873990307,0.5701680338059761,,,
0.3,0.1,0.0,0.15,0.1,0.6,0.8515919637389718,0.9058147590849916,0.8385604789690352,0.87367138328792,0.6979147192839708,0.5181469925686591,0.585850666025795,,,
0.2,0.0,0.15,0.2,0.15,0.6,0.8515368568436289,0.909749255941975,0.8408195983533203,0.8655694573115349,0.6668428502847843,0.5459110397415186,0.5961445985740607,,,
0.2,0.0,0.15,0.2,0.2,0.6,0.8513858325063115,0.9098369509887794,0.8379260316806874,0.8675144854677566,0.6745641757526444,0.5336924239095314,0.6085728233597693,,,
0.3,0.1,0.0,0.15,0.05,0.6,0.8512716891344684,0.9048960379641683,0.8414232711652049,0.8725866121707538,0.6908514597233524,0.5314561143780291,0.5690905993751502,,,
0.2,0.0,0.05,0.1,0.2,0.4,0.8512028892672996,0.9074204806397619,0.8290221118668337,0.8729141957311535,0.710712051261188,0.48382073344103393,0.6332168618120644,,,
0.2,0.1,0.0,0.05,0.05,0.6,0.8502444718225536,0.9043085076684645,0.8391171687846788,0.8744274032697548,0.7073976663954434,0.5112303954765751,0.5809576755587599,,,
0.2,0.0,0.1,0.15,0.05,0.5,0.85019235776631,0.9077264232099684,0.844434067836048,0.863030593551317,0.663477839707079,0.5583598733441034,0.5691322254265802,,,
0.4,0.0,0.0,0.05,0.05,0.6,0.8499747059458895,0.9004390010538714,0.8396378351530339,0.8754534241598547,0.7149142400325468,0.5050630455573506,0.5662846690699351,,,
0.2,0.0,0.1,0.15,0.2,0.5,0.8499684192310537,0.9090806646581118,0.8345055102917487,0.870071772479564,0.6909991098454027,0.51393546365105,0.6198154504526155,,,
0.3,0.0,0.05,0.2,0.05,0.4,0.8498720368048225,0.9067137819849979,0.8432571605512799,0.864308757493188,0.6605227949552481,0.5634685802907916,0.5610464691180005,,,
0.2,0.0,0.05,0.15,0.15,0.3,0.8498347721761044,0.9091294582108983,0.833751371218901,0.8703753351498638,0.6854270317331164,0.5193359993537965,0.6202458038932949,,,
0.2,0.0,0.05,0.05,0.2,0.5,0.8494897865696249,0.9066471360486021,0.8292339561482013,0.8734209872842871,0.7212026078112287,0.4759072717285945,0.631400016983097,,,
0.2,0.0,0.0,0.05,0.15,0.3,0.8494021959087065,0.9054261231665737,0.8260312536244854,0.8751756866485014,0.7294313384865745,0.4633241634894992,0.6368644587038372,,,
0.3,0.0,0.1,0.2,0.05,0.6,0.8489571128419625,0.906892533680491,0.8444467657061034,0.8633684368755677,0.6644081277461351,0.5605300504038773,0.5628925644476488,,,
0.2,0.0,0.05,0.15,0.1,0.3,0.8489268723376928,0.9092339027462649,0.8386071290495793,0.8677064591280654,0.67358376729048,0.5409924891760904,0.6001243635344068,,,
0.2,0.0,0.1,0.15,0.1,0.5,0.8488351556707187,0.9089471679127147,0.8414013708609273,0.8659205290644868,0.6744890211554109,0.5436969621970921,0.5905393070575983,,,
0.3,0.0,0.0,0.15,0.2,0.3,0.8485316375643445,0.9069658175438596,0.8277931610882405,0.8742433837420527,0.7123519877949552,0.4847713428109855,0.6355618373788352,,,
0.2,0.0,0.1,0.15,0.15,0.5,0.8484380850854387,0.909319532254665,0.8381456284231251,0.8682801507720255,0.6835429349064279,0.5295606042003231,0.6069994978771129,,,
0.2,0.0,0.1,0.1,0.2,0.6,0.8480786673347597,0.9083697593453599,0.8344163336316449,0.8708802397820163,0.7034459113100081,0.5037556148626817,0.6199453374989986,,,
0.3,0.0,0.1,0.2,0.1,0.6,0.8478960518011776,0.9081945691153679,0.8420116935743691,0.8655983060853769,0.6736461163547599,0.548018089822294,0.581993613714652,,,
0.3,0.0,0.05,0.2,0.2,0.4,0.8478170469067972,0.9087921782158577,0.8335097433327366,0.8710612756584923,0.6910438519121237,0.5163396348949919,0.6207933104221741,,,
0.3,0.0,0.05,0.2,0.1,0.4,0.847767306622957,0.9083285830016737,0.8401938313943081,0.8669544682107175,0.6729855793327909,0.547128972536349,0.5870027467756148,,,
0.3,0.0,0.1,0.2,0.2,0.6,0.8473419352556816,0.9090358579877255,0.8369860794701987,0.8692986920980926,0.6882141017087062,0.525022518901454,0.610002173195546,,,
0.3,0.0,0.1,0.2,0.15,0.6,0.8473178701916233,0.9088547242700391,0.83959349328799,0.8676063015440509,0.681481978844589,0.5364378235864297,0.5974140797885124,,,
0.3,0.0,0.0,0.1,0.2,0.4,0.847279387145915,0.9061878226272395,0.8280912704492571,0.8746476507720254,0.7232196891781937,0.4761014849757674,0.632871357045582,,,
0.3,0.0,0.05,0.2,0.15,0.4,0.8469048494034149,0.908913459549935,0.8370542597100411,0.8692800694822888,0.6829683018714402,0.5320881298869143,0.6062571178402628,,,
0.3,0.0,0.0,0.05,0.2,0.5,0.8468484600320931,0.9054075174260741,0.8280091909790585,0.8748537892824705,0.7305933352318958,0.4692562610662359,0.630324836177201,,,
0.2,0.0,0.05,0.1,0.15,0.4,0.846773303232122,0.9081847865600396,0.8338137272239127,0.8715102120799274,0.7039623100081367,0.5048120749596122,0.6203296188416246,,,
0.2,0.0,0.1,0.1,0.15,0.6,0.846542258267213,0.9085334931250388,0.8376810268480401,0.8693326830154404,0.6974225630593979,0.5174043256865912,0.608210143875671,,,
0.3,0.0,0.05,0.15,0.2,0.5,0.8461026229259284,0.9080682382245365,0.8335002199749418,0.8718366444141689,0.7042339210740439,0.5053303806138935,0.6204908030120965,,,
0.2,0.0,0.05,0.05,0.15,0.5,0.8458672348525396,0.9072009634864546,0.8333584197243601,0.8721832188919164,0.7157381155410903,0.49349513861066235,0.6194383677000721,,,
0.2,0.0,0.1,0.1,0.1,0.6,0.8456787875697331,0.9081948898394396,0.8406855938786468,0.8673574713896457,0.6902988437754272,0.5308857163166397,0.5937767599134823,,,
0.3,0.0,0.05,0.1,0.2,0.6,0.8454202432004343,0.9073257312751845,0.8331995913728297,0.8723592520435968,0.7135936517493898,0.4963879250403877,0.6197349249379156,,,
0.2,0.0,0.1,0.1,0.05,0.6,0.8453096351509,0.9071783162854131,0.8435774403078575,0.8650158460490464,0.681866344182262,0.5447880336025848,0.5760353778739085,,,
0.2,0.0,0.05,0.1,0.1,0.4,0.8449137401784254,0.9082063786746016,0.8380351043493826,0.8693742102633969,0.6953243043124492,0.5235742061389338,0.6028230380517504,,,
0.3,0.0,0.05,0.15,0.15,0.5,0.8445965788747887,0.9081319320810861,0.8366904596384463,0.8703200263396912,0.6978097005695687,0.5196677744749596,0.607353465192662,,,
0.4,0.0,0.05,0.2,0.2,0.6,0.844433007830766,0.9080625170913148,0.8358726241274387,0.8708671012715713,0.6992904759967453,0.5172399928917609,0.610059015461027,,,
0.2,0.0,0.05,0.1,0.05,0.4,0.8442521792113777,0.9071424593391606,0.8418788467871845,0.8665790376930063,0.6843994776240846,0.54264037092084,0.5793969286229271,,,
0.3,0.0,0.0,0.15,0.15,0.3,0.8440594069795464,0.9076057066765855,0.8325210877035977,0.8728924346049046,0.7051067160292921,0.5068095851373182,0.6208035739806137,,,
0.4,0.0,0.0,0.2,0.2,0.4,0.8440594069795464,0.9076057066765855,0.8325210877035977,0.8728924346049046,0.7051067160292921,0.5068095851373182,0.6208035739806137,,,
0.3,0.0,0.05,0.15,0.1,0.5,0.8438490738892497,0.9076239277664125,0.8396056334347592,0.8684130858310627,0.6901153515052888,0.534039421647819,0.5908687235440199,,,
0.3,0.0,0.05,0.15,0.05,0.5,0.8436952353059408,0.9063105391110284,0.842519373724718,0.8663388910081744,0.6808689438567941,0.5492230882067851,0.5704556113113834,,,
0.4,0.0,0.05,0.2,0.15,0.6,0.8436287205242626,0.9077824316905339,0.8382455002684804,0.86944092506812,0.693370358014646,0.5288962138933765,0.5974176640230714,,,
0.4,0.0,0.05,0.2,0.05,0.6,0.8435143008865396,0.9056793085115615,0.8429774637551458,0.8662734591280654,0.6785184532139952,0.5532899508885298,0.5646077284306656,,,
0.4,0.0,0.0,0.15,0.2,0.5,0.8433860991994557,0.906874413663133,0.8322676826561661,0.8733608760217983,0.7148240772986167,0.4976190836833602,0.6197138748698229,,,
0.3,0.0,0.05,0.1,0.15,0.6,0.8433498623129927,0.9073413184551484,0.8361038491140147,0.8710406780199819,0.7082825158665581,0.5098523302100162,0.6078935810302011,,,
0.4,0.0,0.05,0.2,0.1,0.6,0.8433125826619952,0.9070432214493832,0.8405212862001074,0.8678474659400545,0.6865088730675346,0.5408373085621971,0.58222973724265,,,
0.3,0.0,0.0,0.1,0.15,0.4,0.8432384791006059,0.906633913532949,0.8321454340433149,0.8734796298819255,0.717438227827502,0.4950103676898223,0.6193676500841144,,,
0.2,0.0,0.05,0.05,0.1,0.5,0.8431120500909902,0.9071533943090943,0.8371093264721676,0.8704120145322434,0.7089911993490643,0.5106974100161551,0.6042447584715213,,,
0.4,0.0,0.0,0.1,0.2,0.6,0.8429794031519545,0.9061640783336433,0.8318716201897262,0.8736743796548592,0.7219777583401139,0.4903701621970921,0.6187262747736922,,,
0.2,0.0,0.0,0.05,0.1,0.3,0.8429794031519545,0.9061640783336433,0.8318716201897262,0.8736743796548592,0.7219777583401139,0.4903701621970921,0.6187262747736922,,,
0.3,0.0,0.0,0.05,0.15,0.5,0.842763568548081,0.9057116390304383,0.8315777465545016,0.8738229986376023,0.7258003685923515,0.48633248336025847,0.6181509863013699,,,
0.4,0.0,0.0,0.2,0.15,0.4,0.842446324098437,0.907525374893063,0.8356330037587256,0.871470025431426,0.6982126314076486,0.5222324355411955,0.6058640842746135,,,
0.4,0.0,0.0,0.2,0.05,0.4,0.842186303364959,0.9050133461533693,0.8416251995704314,0.8681462484105359,0.6795678201790073,0.5542506946688207,0.563417724905872,,,
0.3,0.0,0.0,0.15,0.1,0.3,0.842166652470347,0.9073606797842663,0.8366066844460355,0.8709296648501362,0.695597853539463,0.5273352775444264,0.6000079067531843,,,
0.3,0.0,0.0,0.15,0.05,0.3,0.8419434413458607,0.9057349518814706,0.8405088244138178,0.8686998051771117,0.6832283157038243,0.5487674959612278,0.5714749507329969,,,
0.4,0.0,0.0,0.2,0.1,0.4,0.8418200179078247,0.906767947876759,0.8385102328620011,0.8698058878292462,0.6898230642799024,0.537895802907916,0.5867334882640391,,,
0.3,0.0,0.05,0.1,0.1,0.6,0.8417864269280317,0.9068804778377039,0.8388305487739395,0.8694403955495005,0.7020526940602115,0.5233128820678514,0.5936706373467916,,,
0.4,0.0,0.0,0.15,0.15,0.5,0.8411117035391983,0.9067695032174075,0.8351082972972973,0.872141653496821,0.7091898193653376,0.5120559851373183,0.6064995090923656,,,
0.2,0.0,0.05,0.05,0.05,0.5,0.8410813265604508,0.9062585026098816,0.8406821831036335,0.8682206158038147,0.7007399780309195,0.5280119844911147,0.5852970532724505,,,
0.2,0.1,0.05,0.2,0.05,0.6,0.8407851534128938,0.9087497996900378,0.842654206192948,0.8654433065395095,0.6643992986167616,0.5682609654281098,0.5827821938636546,,,
0.3,0.0,0.05,0.1,0.05,0.6,0.8406657978273273,0.9057711845514846,0.8416048467871846,0.8677684659400545,0.6947218030919446,0.5372119431340872,0.5768610692942402,,,
0.4,0.0,0.0,0.1,0.15,0.6,0.840437526875812,0.9060379895604735,0.8344899828172543,0.8726117770208901,0.7172275166802279,0.5037323935379645,0.6069623326123528,,,
0.2,0.1,0.0,0.2,0.2,0.4,0.8403653776474357,0.9085645177608331,0.82816405136925,0.872159121253406,0.6889283474369406,0.5209258707592892,0.6347147432508211,,,
0.3,0.0,0.0,0.1,0.1,0.4,0.8401871948336675,0.9063769476411878,0.8357905607660641,0.871890336058129,0.7101515077298617,0.5137775011308562,0.6018757144917087,,,
0.4,0.0,0.0,0.15,0.1,0.5,0.8394951995082596,0.9061108306986547,0.8378001365670306,0.8707738524069029,0.7024944947111472,0.5266100465266559,0.5904273282063607,,,
0.3,0.0,0.0,0.05,0.1,0.5,0.8393434391020846,0.9054406149897712,0.834884710220154,0.8725045476839237,0.7199330341741252,0.5032713324717285,0.6031968118240808,,,
0.2,0.1,0.05,0.2,0.1,0.6,0.8391591234469745,0.9094269118839501,0.8399400712367997,0.8675592579473206,0.6734225785191212,0.5566025214862682,0.5990232352799808,,,
0.2,0.1,0.05,0.2,0.2,0.6,0.8390571062198671,0.9092998276114315,0.8337880196885628,0.8706257606721163,0.6875254654190399,0.5322349059773829,0.6227197106464792,,,
0.4,0.0,0.0,0.15,0.05,0.5,0.8385977004586891,0.9046667195834108,0.8407221972436013,0.869492997729337,0.6945544589096827,0.5414388200323101,0.5717224844989185,,,
0.4,0.0,0.0,0.1,0.1,0.6,0.8383379906566328,0.9054473165953753,0.8370293483085735,0.8714749990917348,0.7116929422294548,0.5171855140549273,0.5931763205960106,,,
0.2,0.0,0.0,0.05,0.05,0.3,0.8383379906566328,0.9054473165953753,0.8370293483085735,0.8714749990917348,0.7116929422294548,0.5171855140549273,0.5931763205960106,,,
0.3,0.0,0.0,0.1,0.05,0.4,0.8382120333688241,0.9050768684892444,0.8393960123500984,0.8702334895549501,0.7010831301871441,0.5328062423263328,0.5799214970760234,,,
0.2,0.1,0.05,0.2,0.15,0.6,0.8381171524596542,0.9095676882772301,0.8370026355826026,0.8692916198910082,0.6810719544344995,0.5453387269789984,0.612157394216134,,,
0.2,0.1,0.0,0.2,0.05,0.4,0.8378085842590542,0.9090818508461967,0.8406506685161984,0.8667271671207993,0.660011276647681,0.574998250726979,0.5885129278218377,,,
0.2,0.1,0.0,0.1,0.2,0.6,0.8372545020362238,0.9074606424648192,0.8296226525863611,0.8735482502270663,0.7141110903173311,0.501434656542811,0.6330575762236642,,,
0.2,0.1,0.0,0.15,0.2,0.5,0.8370941209281832,0.9080721561465501,0.829240867549669,0.8730235395095368,0.7039779007323027,0.5114182423263328,0.6345411702315149,,,
0.4,0.0,0.0,0.1,0.05,0.6,0.8368018108195305,0.9042194198003843,0.8397922623948451,0.8704604795640327,0.705264458096013,0.5307298113085622,0.5775761573339742,,,
0.3,0.1,0.0,0.2,0.05,0.6,0.8367570962859258,0.9076795573244064,0.8411485632718811,0.8678722098092643,0.6793780951993491,0.558382118901454,0.5831516747576705,,,
0.3,0.0,0.0,0.05,0.05,0.5,0.8366489001737624,0.9043465654206188,0.8382528240558439,0.871235901907357,0.7128621944670464,0.5202975347334411,0.5854152319154049,,,
0.3,0.1,0.0,0.2,0.2,0.6,0.8362094222694132,0.9085318459859897,0.8331424016466799,0.8721818832879201,0.6994785703824248,0.5238484316639741,0.6234954123207562,,,
0.3,0.1,0.0,0.2,0.1,0.6,0.8358658834954508,0.9084318012026533,0.8386412303561839,0.8695554659400545,0.6871563596419854,0.5467924801292408,0.5994224984378755,,,
0.3,0.1,0.0,0.2,0.15,0.6,0.8357153643737247,0.9086742264707705,0.8360015725792018,0.8710212220708446,0.6937962668836453,0.5353605079159935,0.6126505570776256,,,
0.2,0.1,0.0,0.1,0.15,0.6,0.8351144652931123,0.907958743958837,0.8331742756398782,0.8726245926430517,0.7091439446704638,0.5154825415185784,0.6230705269566611,,,
0.2,0.1,0.0,0.2,0.15,0.4,0.8350882342473697,0.9093949152811357,0.8328584812958654,0.8710022547683924,0.6815765248169243,0.5431649641357027,0.6240729291035808,,,
0.2,0.1,0.0,0.2,0.1,0.4,0.8347709421660943,0.9096414569958465,0.8370035059960622,0.8692078133514987,0.6720608877135883,0.5602893357027463,0.609007197788993,,,
0.2,0.1,0.0,0.15,0.05,0.5,0.834657677477699,0.908406344950716,0.8402646115983534,0.8684958687556766,0.6817480895036615,0.5565031618739903,0.5928104742449731,,,
0.2,0.0,0.05,0.2,0.2,0.3,0.8343421439759571,0.9107264505610316,0.8265137850366924,0.8660560858310626,0.6713561464605371,0.5399644684975767,0.6454016805255147,,,
0.2,0.1,0.0,0.15,0.15,0.5,0.8342515408404473,0.9087137540636043,0.8332688462502238,0.8719901839237056,0.6980128616761595,0.5281095877221325,0.6240201284947529,,,
0.2,0.1,0.0,0.1,0.1,0.6,0.8340275238817123,0.9080576710929267,0.8364637376051548,0.8713305013623979,0.7032041586655818,0.5287726126009693,0.6107063077785788,,,
0.2,0.1,0.0,0.15,0.1,0.5,0.8339392035868887,0.9088810425888041,0.8369312788616431,0.8704874686648502,0.6906671855166803,0.5423546410339257,0.6103387241848914,,,
0.2,0.1,0.0,0.1,0.05,0.6,0.8334603861265096,0.9076287673423842,0.8395361490961161,0.8696810245231608,0.696177544344996,0.5421933680129241,0.5955417273091405,,,
0.2,0.0,0.1,0.2,0.05,0.5,0.8309520294706737,0.9100319532329055,0.8428123114372651,0.8574144609445958,0.64586432546786,0.5944102991922455,0.5869700751421933,,,
0.2,0.0,0.1,0.2,0.2,0.5,0.8300946485663537,0.9111545020643482,0.8338867895113656,0.8657217865576748,0.6767019153783563,0.551123176736672,0.6318350228310502,,,
0.2,0.0,0.1,0.15,0.2,0.6,0.8286351022859949,0.9105718189820843,0.8344557954179346,0.8671323369663942,0.6922935834011391,0.5384526423263327,0.6316866343026516,,,
0.2,0.0,0.1,0.15,0.05,0.6,0.8281455409883891,0.9096182131299982,0.8427942167531771,0.8602297897366031,0.6683889796582587,0.5760438339256866,0.5916187394055916,,,
0.2,0.0,0.1,0.2,0.1,0.5,0.8281196906785341,0.9110913675779556,0.8402617952389476,0.8608681148955495,0.6583199113100081,0.5818730907915993,0.6059533679403989,,,
0.2,0.0,0.05,0.05,0.2,0.6,0.8280142964923987,0.9088355953629658,0.8302991954537318,0.8702096167120799,0.7190385777054515,0.5061330752827141,0.6419060381318593,,,
0.2,0.0,0.1,0.15,0.1,0.6,0.827400595042433,0.9104931518442749,0.840285544836227,0.8630202920072662,0.6777558258746949,0.563761373828756,0.6079418585275975,,,
0.3,0.0,0.0,0.05,0.2,0.6,0.8273146449573932,0.9077761605108178,0.8292571240379452,0.8716490136239782,0.7275931692432872,0.4980877227786753,0.6404114453256429,,,
0.2,0.0,0.1,0.2,0.15,0.5,0.8273000959228763,0.9114003883950158,0.8373044800429569,0.863609197547684,0.6684509275834012,0.5683433660743133,0.6206481818473123,,,
0.2,0.0,0.1,0.15,0.15,0.6,0.8271597340086478,0.9107619212944021,0.8375303175228208,0.8653119268846503,0.6856462310821806,0.5518940439418416,0.6211052386445566,,,
0.3,0.0,0.05,0.15,0.2,0.6,0.826889016132209,0.9097256527431653,0.8336343364954357,0.8688606516802906,0.7038995321399512,0.5290322248788368,0.6316718638147881,,,
0.3,0.0,0.05,0.2,0.05,0.5,0.8266634590701458,0.9090418739817742,0.8415349210667621,0.860864823342416,0.6663809129373474,0.5804375521809371,0.5875673754706401,,,
0.2,0.0,0.0,0.05,0.2,0.4,0.826057338175527,0.9076026298431591,0.822961018972615,0.871741472297911,0.7303815158665582,0.48528118901453954,0.6604271644636707,,,
0.4,0.0,0.0,0.15,0.2,0.6,0.8260513758610967,0.9087197601140661,0.832611249507786,0.8703706421435059,0.7133998152969894,0.5202619502423264,0.63053263366178,,,
0.2,0.0,0.05,0.1,0.2,0.5,0.8259708147019785,0.9096320706217842,0.8300532477179166,0.8693928451407811,0.7096944914564687,0.517597617447496,0.6448764425218297,,,
0.2,0.0,0.05,0.15,0.2,0.4,0.8259529212098216,0.9103436202343314,0.8291314327904064,0.868156964123524,0.6958644890154597,0.5299247657512116,0.6471924622286309,,,
0.3,0.0,0.05,0.15,0.15,0.6,0.8257780199691434,0.9097981849606348,0.836366346697691,0.8672568169845595,0.698062425549227,0.5410185570274637,0.6208029629095569,,,
0.2,0.0,0.05,0.2,0.05,0.3,0.8255672784932191,0.9108020252185233,0.8397408677286559,0.855696217075386,0.6291400602115541,0.6135199683360258,0.5946435634062325,,,
0.2,0.0,0.0,0.1,0.2,0.3,0.8255354051635437,0.9082756730022936,0.8209876255593341,0.870696993188011,0.7192356696501221,0.493968375444265,0.6656377798606105,,,
0.3,0.0,0.05,0.2,0.2,0.5,0.8253427243342975,0.9104287516458992,0.8334873356005011,0.867851916893733,0.6924513531326281,0.5421497395799677,0.6332803213971001,,,
0.3,0.0,0.05,0.15,0.05,0.6,0.8253384670650957,0.908511803384787,0.8412040375872561,0.8629958619436876,0.6831481358828316,0.565089420355412,0.5912263316510454,,,
0.2,0.0,0.05,0.05,0.15,0.6,0.8252118835362743,0.9092791631516955,0.8337396987649901,0.8687803197093552,0.7139475809601302,0.5206602365105009,0.6319193943763518,,,
0.3,0.0,0.05,0.15,0.1,0.6,0.825184513222372,0.9094409872915504,0.8388494544478252,0.8652829909173478,0.6912067038242473,0.553026847819063,0.607550038772731,,,
0.3,0.0,0.05,0.2,0.1,0.5,0.8249880262564326,0.9101420554212386,0.8391151068551996,0.863655262034514,0.6767332888527258,0.5678910591276252,0.6066707849074742,,,
0.3,0.0,0.0,0.1,0.2,0.5,0.8246939256422553,0.9085963497861261,0.829268772507607,0.8711177279745685,0.7206940553295362,0.5082234022617125,0.6438609074741649,,,
0.3,0.0,0.05,0.2,0.15,0.5,0.8244443956514156,0.9105421450870994,0.8364786465008054,0.8659921857402361,0.6853151041497152,0.5554635399030695,0.6215493331731154,,,
0.2,0.0,0.05,0.2,0.15,0.3,0.8244174853281692,0.9117521878122868,0.8320548170753536,0.863862972297911,0.6620499039869813,0.5703150287560581,0.6360977659216535,,,
0.4,0.0,0.0,0.15,0.15,0.6,0.8244140782377443,0.9086746953071726,0.8350667243601217,0.8689850322434151,0.7082097697314891,0.5322361938610662,0.6194912963229993,,,
0.3,0.0,0.0,0.05,0.15,0.6,0.8243483888441058,0.9080482125348708,0.8322838854483622,0.8704067420526793,0.7230627095199349,0.5120009046849758,0.630165126812465,,,
0.4,0.0,0.0,0.2,0.2,0.5,0.824031023596772,0.9094500037691402,0.832692325040272,0.8696483287920073,0.7046479487388121,0.5316064374798062,0.6327042784587038,,,
0.4,0.0,0.0,0.15,0.1,0.6,0.8232953911928284,0.9082192072903106,0.837341531412207,0.8673546734786558,0.7021582262001627,0.544196328917609,0.6062367892333573,,,
0.2,0.0,0.05,0.05,0.1,0.6,0.8232508847055509,0.9092737564193168,0.8368689142652586,0.8668914314259764,0.7078272074857608,0.5346104071082391,0.6195434299447248,,,
0.4,0.0,0.0,0.2,0.05,0.5,0.8232000505620919,0.9077418762878928,0.8401005251476642,0.8640573574023616,0.6822300122050448,0.569687020355412,0.5867383197949211,,,
0.4,0.0,0.0,0.2,0.15,0.5,0.822963706653265,0.9094307643171534,0.8353437734025416,0.8680509264305177,0.6984361057770545,0.5441544077544427,0.6206245630056877,,,
0.4,0.0,0.0,0.15,0.05,0.6,0.8226992817424593,0.9072092281693634,0.8396270234472883,0.8656625926430517,0.6950916704637917,0.556497157996769,0.5904353352559482,,,
0.4,0.0,0.0,0.2,0.1,0.5,0.8226638004844502,0.9089241987229558,0.8377370877035977,0.866124189373297,0.6910382058584216,0.5566870578352181,0.6055830845149404,,,
0.2,0.0,0.05,0.1,0.15,0.5,0.8224328359913581,0.9102152407166325,0.8339446661893681,0.8677711811989102,0.7035533270951994,0.5347748607431341,0.6343508602098854,,,
0.3,0.0,0.0,0.1,0.15,0.5,0.8218256880894403,0.9089713743227327,0.8326296248433863,0.8697129772933697,0.7153199682668836,0.5233734067851373,0.6328116899783706,,,
0.3,0.0,0.0,0.05,0.1,0.6,0.8218219556901449,0.9078931709627425,0.8350737272239126,0.8688320735694823,0.717656625711961,0.5258671179321486,0.617762809901466,,,
0.2,0.0,0.05,0.05,0.05,0.6,0.8217915688539207,0.9086644682660715,0.8397878523357796,0.8645589255222524,0.7005242579332791,0.5486339534733441,0.6043657316350236,,,
0.3,0.0,0.0,0.15,0.2,0.4,0.8217004217190578,0.9094215053499474,0.8289178129586541,0.870335348773842,0.7110578266883646,0.5210335437802908,0.6476689601858527,,,
0.2,0.0,0.05,0.1,0.1,0.5,0.8211202496671217,0.9102593044448578,0.8373964650080544,0.8655481725703905,0.695947062652563,0.5497792148626818,0.6206311862533045,,,
0.3,0.0,0.0,0.2,0.2,0.3,0.8207135305183492,0.9101639245180089,0.8277964988365849,0.8691187820163487,0.6963652652563059,0.5351613466882068,0.6510051370664104,,,
0.2,0.0,0.05,0.1,0.05,0.5,0.8206998673118596,0.9095613759841299,0.8404802964023625,0.8627015567665759,0.6866237469487388,0.5647475243941842,0.6030508039734038,,,
0.2,0.0,0.05,0.15,0.05,0.4,0.8204088187246019,0.9103566286033105,0.8407627947019867,0.8600013124432334,0.6657303881204231,0.5859191088852989,0.6007013871665465,,,
0.2,0.0,0.05,0.15,0.15,0.4,0.8200307872461542,0.9111077163474055,0.8336366137461966,0.8662777543142598,0.6882458909682668,0.5525232491114701,0.6364939620283586,,,
0.2,0.0,0.05,0.2,0.1,0.3,0.8199721254865575,0.9119019324034469,0.8364334181134777,0.8604918969118983,0.6484915508543532,0.5964836361873991,0.6198360927661619,,,
0.3,0.0,0.0,0.05,0.05,0.6,0.8198996020357822,0.9071634979108549,0.8377637027027027,0.8670381734786557,0.7112570634662327,0.5396575405492731,0.6029137140110551,,,
0.3,0.0,0.0,0.1,0.1,0.5,0.8197535456326013,0.9088411521418387,0.8356531036334347,0.8678533133514986,0.7087630113913751,0.5382497945072697,0.6188687288312105,,,
0.2,0.0,0.0,0.05,0.15,0.4,0.819147024124072,0.9088018454652533,0.828131260068015,0.8705274981834695,0.7252454995931652,0.5082121486268174,0.6504663861251302,,,
0.2,0.0,0.05,0.15,0.1,0.4,0.8188387859438901,0.9112019307172525,0.8375038032933595,0.8635861716621253,0.6783553751017087,0.570112227463651,0.6213577104862613,,,
0.3,0.0,0.0,0.1,0.05,0.5,0.8184755287047012,0.9080119395945695,0.8384641211741543,0.8656513860127157,0.7008218429617575,0.5531682804523425,0.6014648667788192,,,
0.3,0.0,0.0,0.15,0.15,0.4,0.8183976462205913,0.9099286954311575,0.8327197757293717,0.868712851044505,0.7044923051261188,0.5385581059773829,0.6359334397180165,,,
0.3,0.0,0.0,0.2,0.05,0.3,0.8182173149143134,0.9095292788295828,0.8389314809378916,0.8608211248864669,0.6624559308380797,0.5921860006462035,0.5960841091083874,,,
0.2,0.1,0.0,0.15,0.2,0.6,0.8179321899723414,0.9097856411133842,0.8299806760336494,0.8700234432334242,0.7038088982912938,0.5359676439418417,0.6440571021389089,,,
0.3,0.0,0.0,0.15,0.05,0.4,0.8175024445458353,0.9088435758229495,0.8389756332557723,0.8637140313351498,0.6858951855166803,0.5701127243941841,0.5994073190739405,,,
0.2,0.1,0.0,0.2,0.2,0.5,0.817282612695726,0.9103186698406794,0.829011989439771,0.8689557447774751,0.6910357957689178,0.5482563308562197,0.6456440403749099,,,
0.3,0.0,0.0,0.15,0.1,0.4,0.8172721078044631,0.9098236922695431,0.8360325437623054,0.866476752951862,0.6962290895036616,0.5543329977382876,0.6202417881919411,,,
0.2,0.1,0.0,0.15,0.05,0.6,0.8156174778499358,0.9101093783894365,0.8392935049221406,0.865149657129882,0.6839333213995118,0.5742473447495962,0.6100079238964993,,,
0.2,0.1,0.0,0.15,0.15,0.6,0.8155099229328762,0.910297528262352,0.833379187041346,0.8688094532243416,0.6983339519934907,0.5502014991922456,0.6351522198189538,,,
0.2,0.1,0.0,0.15,0.1,0.6,0.815164610216348,0.9104426031368174,0.8364773400751745,0.8671946684831972,0.6917517754271766,0.5623251657512116,0.6239184208924137,,,
0.3,0.0,0.0,0.2,0.1,0.3,0.8150516436928004,0.9107535445539645,0.8358746892786826,0.8644232638510445,0.6770151554109032,0.575753899838449,0.621419460546343,,,
0.2,0.0,0.0,0.05,0.1,0.4,0.8149818162094886,0.9093657632880788,0.8326583962770718,0.8685895467756585,0.7184012359641986,0.528374226171244,0.6364961991508451,,,
0.3,0.0,0.0,0.2,0.15,0.3,0.8148468216714033,0.9108425499225096,0.8322059151601934,0.867205161671208,0.6880705321399512,0.558585910177706,0.639049092846271,,,
0.2,0.1,0.0,0.2,0.05,0.5,0.8147751986526749,0.9107683519930567,0.8393324977626633,0.8632256566757492,0.6661669780309194,0.59297018546042,0.6087951271329007,,,
0.2,0.0,0.0,0.1,0.15,0.3,0.8139648504583866,0.9099079613663132,0.8273860345444782,0.8693666435059036,0.7130791920260374,0.525691021647819,0.6564678588480333,,,
0.2,0.1,0.0,0.2,0.15,0.5,0.8132130869662985,0.9109544934350008,0.8328620218364059,0.867579506811989,0.6844309593165175,0.5663732213247173,0.6366287801009373,,,
0.2,0.1,0.0,0.2,0.1,0.5,0.8125060629287069,0.9111503279647883,0.8362987012708072,0.8656872924613987,0.676223130187144,0.5810226035541195,0.6245359101177602,,,
0.2,0.0,0.0,0.05,0.05,0.4,0.8121642734467871,0.9090088859959085,0.8366069600859136,0.8658259913714805,0.7095001944670464,0.5479802126009693,0.6176296098694224,,,
0.2,0.0,0.1,0.2,0.05,0.6,0.8111726756712866,0.911306445204885,0.8412432484338642,0.8554325295186195,0.6534754857607811,0.6074962558966074,0.6053387692061203,,,
0.2,0.0,0.1,0.2,0.2,0.6,0.8110906230718213,0.9121493536668527,0.8336897352783247,0.8632611044504995,0.6798516167615948,0.5707434888529886,0.6417747478971401,,,
0.3,0.0,0.05,0.2,0.05,0.6,0.8090975898424674,0.9105337944082821,0.8403093316627885,0.8585020644868302,0.6705049039869813,0.5942424012924071,0.605475981574942,,,
0.2,0.0,0.1,0.2,0.1,0.6,0.8089046989251026,0.9120943148471887,0.8390913273671022,0.8586399990917347,0.6638687005695687,0.5973327928917609,0.6203129345509893,,,
0.2,0.0,0.1,0.2,0.15,0.6,0.8086955142435835,0.9123332791519435,0.836576309110435,0.8612107656675749,0.6725711952807161,0.5853880135702747,0.6323237306737163,,,
0.3,0.0,0.05,0.2,0.2,0.6,0.8085349356144869,0.9115520319137065,0.8333937343833899,0.8652843437783833,0.693372904800651,0.5613237441033926,0.6423876621004566,,,
0.2,0.0,0.0,0.1,0.1,0.3,0.8084669879981977,0.9107381808939309,0.8327491145516378,0.8670225930971843,0.704179506916192,0.550778059450727,0.6415560382920772,,,
0.4,0.0,0.0,0.2,0.2,0.6,0.8084669879981977,0.9107381808939309,0.8327491145516378,0.8670225930971843,0.704179506916192,0.550778059450727,0.6415560382920772,,,
0.3,0.0,0.05,0.2,0.1,0.6,0.8081014266477454,0.9113460199615647,0.8382563651333452,0.8611950099909174,0.6794031375101709,0.5834486126009693,0.6203742271889771,,,
0.4,0.0,0.0,0.2,0.05,0.6,0.807999272605858,0.9095096533878868,0.8390959788795417,0.8611967811080835,0.6841374825061025,0.5826224387722132,0.6041779759673156,,,
0.4,0.0,0.0,0.2,0.15,0.6,0.8077320137259492,0.9107397812906824,0.8350639216037229,0.8653853088101725,0.698502899918633,0.5613758203554119,0.6314232378434671,,,
0.3,0.0,0.0,0.1,0.2,0.6,0.8076579020331258,0.9102104360052075,0.8299774070162879,0.868273942325159,0.7185677005695688,0.5321824084006462,0.6519221063846832,,,
0.3,0.0,0.05,0.2,0.15,0.6,0.8075825258336193,0.9116455500092988,0.8359706459638446,0.8634434504995459,0.6869670284784377,0.5730034365105008,0.63254036786029,,,
0.2,0.0,0.05,0.1,0.2,0.6,0.8075311882148883,0.9110784077614531,0.8306353502774299,0.8665774800181653,0.7087305036615135,0.5420030423263328,0.6531916020187455,,,
0.4,0.0,0.0,0.2,0.1,0.6,0.8074255830927025,0.9103692494203708,0.8371443393592267,0.8634263360581289,0.6918650447518307,0.5721103334410339,0.6191554916286149,,,
0.2,0.0,0.0,0.1,0.05,0.3,0.8074255830927025,0.9103692494203708,0.8371443393592267,0.8634263360581289,0.6918650447518307,0.5721103334410339,0.6191554916286149,,,
0.2,0.0,0.05,0.2,0.2,0.4,0.8061530577554297,0.91219685016428,0.8275858251297654,0.8630088315168029,0.6778995728234336,0.5696300581583199,0.6574850487863494,,,
0.3,0.0,0.0,0.1,0.15,0.6,0.8054315785423958,0.9105196751100365,0.8328498920708788,0.8667597788374205,0.7135515646867372,0.5449083864297254,0.6425877764960346,,,
0.2,0.0,0.05,0.1,0.15,0.6,0.8045547648016138,0.9115292108858719,0.8338975777698229,0.86488438328792,0.7030837135882831,0.5566090494345719,0.6442757233036931,,,
0.2,0.0,0.05,0.15,0.2,0.5,0.8043407754056253,0.9117543997024363,0.8297558383747986,0.8651678210717529,0.6968236729048006,0.5564802242326333,0.6563180325242329,,,
0.3,0.0,0.0,0.1,0.1,0.6,0.8039058325615804,0.9104420442626,0.8354365312332199,0.8648508551316985,0.7075776875508544,0.5572625150242326,0.6311073943763519,,,
0.2,0.0,0.0,0.05,0.2,0.5,0.8038213717818942,0.9098851258570455,0.825093935027743,0.868468910990009,0.7268866224572823,0.5198311877221324,0.6679584042297525,,,
0.2,0.0,0.05,0.1,0.1,0.6,0.8035095095257695,0.9115662177422355,0.836810872382316,0.8626909845594913,0.6962705288852726,0.569195300161551,0.6330026192421694,,,
0.2,0.0,0.05,0.1,0.05,0.6,0.8030942210702467,0.9110604457752154,0.839409195095758,0.8599710199818347,0.6881125557363711,0.5817395806138933,0.6190277551870543,,,
0.3,0.0,0.0,0.1,0.05,0.6,0.8029833999327965,0.9098538383733183,0.837800021478432,0.8625581843778384,0.7005111659886086,0.5695261822294022,0.6171168642153328,,,
0.3,0.0,0.0,0.15,0.2,0.5,0.8026677229777843,0.9109937483355031,0.8295681362090568,0.8672634959128066,0.7098670040683482,0.5465001085621971,0.6560448486741969,,,
0.2,0.1,0.0,0.2,0.2,0.6,0.8005128425513575,0.9115076719608208,0.8295352511186683,0.8663462524977293,0.6924023311635475,0.567893318901454,0.6534530056877353,,,
0.3,0.0,0.0,0.15,0.15,0.5,0.7999734412044255,0.9113929323414544,0.8327488793628065,0.8655371762034514,0.7038682799023597,0.5611997117932148,0.6462745694144036,,,
0.2,0.0,0.05,0.15,0.05,0.5,0.7998081020311967,0.911788088574794,0.8393191097189905,0.857327853315168,0.6708933572009763,0.6022969408723748,0.6192121789633902,,,
0.2,0.0,0.05,0.15,0.15,0.5,0.7997768161219669,0.9123179699708635,0.8334321290495793,0.8632326307901906,0.6899830463791701,0.5748480691437803,0.6472600639269407,,,
0.3,0.0,0.0,0.15,0.05,0.5,0.7993153560785133,0.9106603432645216,0.8379926985860032,0.8605275831062671,0.6876220276647681,0.5869755489499192,0.6177583308499559,,,
0.3,0.0,0.0,0.15,0.1,0.5,0.7992625970163298,0.91133411696733,0.8355441968856273,0.8632969477747502,0.6965228039056143,0.5740483515347334,0.6336879130016823,,,
0.2,0.0,0.0,0.1,0.2,0.4,0.7986608361956161,0.9106393534932739,0.823595880436728,0.8671667361489555,0.7170829764035802,0.5338751243941842,0.6736233145878394,,,
0.2,0.0,0.0,0.15,0.2,0.3,0.798501135995874,0.9110903123178973,0.8201113325577233,0.8649803165304268,0.7003085150528885,0.545896918901454,0.6771569150044059,,,
0.2,0.0,0.05,0.15,0.1,0.5,0.7984551294286327,0.9123843750046494,0.8366206035439413,0.8606483519527702,0.6814456663954435,0.5897785363489499,0.6350864663942962,,,
0.2,0.0,0.0,0.05,0.15,0.5,0.7984032411090999,0.9107816792511314,0.8292462955074279,0.8670143678474114,0.7219417282343369,0.5385359799676898,0.6595032434510935,,,
0.3,0.0,0.0,0.2,0.2,0.4,0.7983046778377033,0.911706741082388,0.8285019677823519,0.8658274559491371,0.6973628063466233,0.5628481654281098,0.6600073618521188,,,
0.2,0.0,0.05,0.2,0.15,0.4,0.7982419319536158,0.9129080338230737,0.8318808360479685,0.8607569182561308,0.6697039186330349,0.594280023263328,0.649087646078667,,,
0.2,0.1,0.0,0.2,0.05,0.6,0.7982390930400793,0.9118654897278531,0.8382765915518168,0.8606402207084469,0.6704869934906428,0.6058956084006463,0.6227240142593927,,,
0.2,0.0,0.05,0.2,0.05,0.4,0.798012619290905,0.9122584420060752,0.8379918476821192,0.8533270599455041,0.6438796615134256,0.6287105932148627,0.6176992168549227,,,
0.2,0.1,0.0,0.2,0.15,0.6,0.7972773618019352,0.9120027314363648,0.8327793812421693,0.8648895308810173,0.6864060309194467,0.5830876142164781,0.645612908755908,,,
0.2,0.1,0.0,0.2,0.1,0.6,0.7964700942387288,0.9121531236253176,0.8356932947914802,0.8630030653950954,0.6791622872253865,0.59577789273021,0.6354935602018745,,,
0.3,0.0,0.0,0.2,0.05,0.4,0.795967935452006,0.9113593505672308,0.8376132373366745,0.8576677920072662,0.6687739764035802,0.6088360219709208,0.6178868405030842,,,
0.2,0.0,0.0,0.05,0.1,0.5,0.7953571208326662,0.9112080719608207,0.8329276334347593,0.8649326439600363,0.7156468144833198,0.5546853344103392,0.6481673999839782,,,
0.2,0.0,0.05,0.2,0.1,0.4,0.7950275226503936,0.913001435968012,0.8353230463576159,0.8576213764759311,0.6585235093572009,0.6145922843295638,0.6361088272049987,,,
0.3,0.0,0.0,0.2,0.15,0.4,0.7939070953310502,0.9122139704916,0.8320807653481296,0.863813689373297,0.6899881887713588,0.5816117033925687,0.6500621877753745,,,
0.3,0.0,0.0,0.2,0.1,0.4,0.7938025349163335,0.9121678899510259,0.8351134895292643,0.8611131884650318,0.6805879072416599,0.5958639541195476,0.6362948397019946,,,
0.2,0.0,0.0,0.05,0.05,0.5,0.7933745091592619,0.9109834479449507,0.836154447288348,0.8621647729336966,0.7077841554109031,0.5702371877221325,0.6334803439878234,,,
0.2,0.0,0.0,0.1,0.15,0.4,0.7903836631144169,0.9117961264149774,0.8284894070162879,0.8655136280653951,0.7112016973148901,0.5581700284329564,0.6656205424977969,,,
0.2,0.0,0.05,0.15,0.2,0.6,0.7888282114471277,0.9126910916124233,0.8301086065867191,0.8627876680290645,0.6973461602929211,0.5753607179321486,0.6627798780741809,,,
0.3,0.0,0.0,0.15,0.2,0.6,0.788520487537401,0.912063451540512,0.8299665818865223,0.8647925267938238,0.7088010471928398,0.5652983411954765,0.6621287966033806,,,
0.2,0.0,0.0,0.05,0.2,0.6,0.7877975859281235,0.9113568306242639,0.8264341158045463,0.8658221117166213,0.7239928502847843,0.544529905654281,0.6732145618841624,,,
0.2,0.0,0.05,0.2,0.2,0.5,0.7870215760769929,0.9131211611679374,0.8282158253087524,0.8606385540417801,0.6819342091131001,0.5899137789983845,0.6651881539693983,,,
0.2,0.0,0.0,0.1,0.1,0.4,0.7862511936699615,0.9123776890211394,0.8326910259531055,0.8630509046321526,0.7032670667209113,0.577974728917609,0.6537331766402308,,,
0.3,0.0,0.0,0.15,0.15,0.6,0.7862511936699615,0.9123776890211394,0.8326910259531055,0.8630509046321526,0.7032670667209113,0.577974728917609,0.6537331766402308,,,
0.3,0.0,0.0,0.15,0.05,0.6,0.7858905195618276,0.9118317376232099,0.8372264433506353,0.8582458038147139,0.6888159357200977,0.5996468381260097,0.6303119213330128,,,
0.3,0.0,0.0,0.15,0.1,0.6,0.7858221133916601,0.9123352072655135,0.8351074886343296,0.8608753442325159,0.6966500520748576,0.5887611211631664,0.6432168938556436,,,
0.2,0.0,0.0,0.1,0.05,0.4,0.7858007952171921,0.9121495485214803,0.8362005240737426,0.8596198015440508,0.6928902847843775,0.5941817660743134,0.6370818426660257,,,
0.2,0.0,0.05,0.15,0.15,0.6,0.7851934021696233,0.9131159211704172,0.8331891353141221,0.8608745068119891,0.6911354532139952,0.590744560904685,0.6549031234478891,,,
0.2,0.0,0.05,0.15,0.05,0.6,0.7850928983925027,0.9127027645403261,0.8381683422230177,0.8553448324250681,0.6745272050447518,0.6139609945072698,0.6318367881118321,,,
0.2,0.0,0.0,0.15,0.15,0.3,0.7842683882795719,0.9126230797098753,0.82626243082155,0.8631066757493188,0.6936380732302685,0.580008591276252,0.6711889885444204,,,
0.2,0.0,0.05,0.15,0.1,0.6,0.783917987932665,0.913156815770876,0.8358790463576159,0.8584259550408719,0.6835961261187957,0.6036285835218094,0.6447065091724745,,,
0.2,0.0,0.0,0.05,0.15,0.6,0.7834054769958039,0.9120468433699088,0.8298842933595847,0.864257844232516,0.7192804361269325,0.5602621964458805,0.6658335071697509,,,
0.3,0.0,0.0,0.2,0.2,0.5,0.7827643073492168,0.9127113842415226,0.8289328122427062,0.863248470027248,0.6978490756712775,0.581883659450727,0.6661986017784186,,,
0.2,0.0,0.05,0.2,0.15,0.5,0.7810544934468051,0.9136341868700018,0.8316525625559333,0.8584359386920981,0.6745371749389747,0.6098445447495962,0.6576013365376913,,,
0.3,0.0,0.0,0.2,0.05,0.5,0.781005367400728,0.9124702931498357,0.8366350578127797,0.8555073501362398,0.6730220585842148,0.6200224549273021,0.6318228211167187,,,
0.2,0.0,0.0,0.05,0.1,0.6,0.7809957237639712,0.9123687776579257,0.8329742217648111,0.8621720172570391,0.7134675524816925,0.5738080445880452,0.6562818287270688,,,
0.2,0.0,0.0,0.1,0.2,0.5,0.7807760760196021,0.912077191172277,0.8251591007696438,0.8643706984559492,0.7151665793327908,0.5602824678513731,0.6787550063286069,,,
0.2,0.0,0.0,0.2,0.2,0.3,0.7802864972644626,0.9124688945012709,0.8163758077680329,0.858183827883742,0.6748075028478439,0.5890366843295638,0.6823586673075382,,,
0.2,0.0,0.05,0.2,0.05,0.5,0.7802394445315091,0.9131349176616452,0.8366839038840165,0.851616163941871,0.6531026346623271,0.6384911612277867,0.6323658652567492,,,
0.2,0.0,0.0,0.05,0.05,0.6,0.779696388116523,0.912203136222181,0.8357068926078397,0.859519172116258,0.7064055012205045,0.5864545466882067,0.6442786565729391,,,
0.3,0.0,0.0,0.2,0.15,0.5,0.779344558565391,0.9130957383919163,0.8319296941113299,0.8612516435059037,0.6912006647681042,0.5974496794830372,0.657647088039734,,,
0.3,0.0,0.0,0.2,0.1,0.5,0.7790186143685084,0.9130603682350754,0.8344966788974405,0.8586958514986376,0.6830010439381611,0.6097468012924071,0.6463364502122887,,,
0.2,0.0,0.05,0.2,0.1,0.5,0.7786957896447113,0.9136849918293968,0.8344620995167353,0.8555224909173479,0.6649927615947926,0.6261901163166398,0.6468229278218377,,,
0.2,0.0,0.0,0.15,0.05,0.3,0.7768814622866462,0.9131313156034964,0.8349252149633077,0.8556130903723888,0.6684815337672905,0.6271621124394184,0.6405190507089642,,,
0.2,0.0,0.0,0.15,0.2,0.4,0.7762949711669503,0.912584572041411,0.822420742616789,0.8621768846503179,0.7015439056143206,0.5755367082390953,0.6833986931026196,,,
0.2,0.0,0.0,0.15,0.1,0.3,0.7762829526616198,0.9134020734982332,0.8311928201181314,0.86008811671208,0.6832474694873881,0.6080419444264944,0.6594632447328367,,,
0.2,0.0,0.0,0.1,0.15,0.5,0.7745727764099631,0.9129314652284422,0.8290982768927868,0.8626068069936421,0.7096100260374288,0.5797712794830372,0.6716199903869263,,,
0.2,0.0,0.05,0.2,0.2,0.6,0.7734369803570373,0.9137426901494017,0.8285859341328082,0.8587542997275204,0.6845844686737185,0.6043124911147011,0.6704935393735479,,,
0.3,0.0,0.0,0.2,0.2,0.6,0.7713855269964767,0.9134028845824809,0.8292042208698766,0.8611759527702089,0.6980812180634662,0.5956979140549273,0.670718588800769,,,
0.2,0.0,0.0,0.1,0.1,0.5,0.7713340963505202,0.9133470809497242,0.8325267580096654,0.8601920018165304,0.7024627249796582,0.5960666009693053,0.6616841461187215,,,
0.2,0.0,0.0,0.1,0.05,0.5,0.771237137819289,0.9131763684582481,0.8354299443350636,0.8569979931880108,0.6934867526444264,0.6090020794830371,0.6484432649202916,,,
0.3,0.0,0.0,0.2,0.05,0.6,0.7699781498027088,0.9132053463021511,0.8358312258815106,0.8538663492279746,0.6760967851912124,0.628258197092084,0.6416565255147,,,
0.2,0.0,0.05,0.2,0.15,0.6,0.7689457795128001,0.9141235605232161,0.8314165736531233,0.8566308514986376,0.6778580170870626,0.6206468426494346,0.6636447076824481,,,
0.3,0.0,0.0,0.2,0.15,0.6,0.768628355673161,0.9136983085735539,0.8317612292822624,0.8592389196185286,0.6920237624084622,0.6089658429725363,0.6632047821837699,,,
0.3,0.0,0.0,0.2,0.1,0.6,0.7681783071604511,0.913663001525014,0.8339712126364776,0.8568324841053587,0.6847425671277462,0.6197819134087238,0.6536106190819515,,,
0.2,0.0,0.0,0.1,0.2,0.6,0.7681654748370106,0.91301837532701,0.8261781666368355,0.8621246439600364,0.7134985760781123,0.5788541925686591,0.6822793285267964,,,
0.2,0.0,0.05,0.2,0.05,0.6,0.7678547374191497,0.913710990663939,0.8356688831215322,0.8503105930971844,0.6595168136696501,0.6451000833602585,0.6425808909717216,,,
0.2,0.0,0.05,0.2,0.1,0.6,0.7670777545688833,0.9141441139420992,0.8337680288168964,0.8538988451407811,0.6695318934092758,0.6342961227786753,0.654440278138268,,,
0.2,0.0,0.0,0.15,0.15,0.4,0.7662011054830528,0.9136560903353791,0.8271320927152317,0.860141959582198,0.6950604475183075,0.6017864051696284,0.6772536403108228,,,
0.2,0.0,0.0,0.2,0.15,0.3,0.7660490587789522,0.9138655984873845,0.8219504619652765,0.85591559582198,0.6674314491456468,0.6218543612277867,0.6793642436914203,,,
0.2,0.0,0.0,0.1,0.15,0.6,0.7633050454204942,0.9136676172091005,0.8294526944693037,0.8603425009082653,0.7082729381611066,0.595061104361874,0.6758423592085236,,,
0.2,0.0,0.0,0.15,0.2,0.5,0.7616608518967654,0.9135075559109788,0.8238954156076606,0.8599602502270662,0.7019070284784378,0.595235075282714,0.6870843572859088,,,
0.2,0.0,0.0,0.15,0.1,0.4,0.7608888979381856,0.9141784845080899,0.8309407524610705,0.8572550131698456,0.6860009910496339,0.6229804006462035,0.6673039860610431,,,
0.2,0.0,0.0,0.15,0.05,0.4,0.7608082975726399,0.913973407327506,0.833902647932701,0.8532386167120799,0.6739914735557363,0.6386958739903069,0.6527138418649363,,,
0.2,0.0,0.0,0.1,0.1,0.6,0.760675962148377,0.9139704838633687,0.8323231915160193,0.8580185699364213,0.7017826045565501,0.6088514597738287,0.6672936576143556,,,
0.2,0.0,0.0,0.1,0.05,0.6,0.7605364394164134,0.9138271705659909,0.8347733298729192,0.8550586861943688,0.6938781399511799,0.6198820012924071,0.6563220357285909,,,
0.2,0.0,0.0,0.2,0.2,0.4,0.7604758241996203,0.9135691006385221,0.8191114533739037,0.8564372370572207,0.6819404068348252,0.6098393615508885,0.6890620299607467,,,
0.2,0.0,0.0,0.2,0.1,0.3,0.7570120537950742,0.9145514092120761,0.826531143905495,0.8523766230699364,0.6558824572823433,0.650598626171244,0.6707765711768003,,,
0.2,0.0,0.0,0.2,0.05,0.3,0.7555452672163837,0.9142839769636105,0.8295179878288885,0.8467127352406902,0.6387616013018714,0.6724001273021002,0.6548485391332212,,,
0.2,0.0,0.0,0.15,0.15,0.5,0.7544265316467371,0.9142892581984997,0.8276331116878468,0.8579211357856494,0.6957749764035801,0.6158434235864297,0.6811963354962749,,,
0.2,0.0,0.0,0.15,0.2,0.6,0.7515430622625042,0.9141173007997024,0.8248796522283872,0.8581858746594005,0.7018864011391375,0.6089031993537964,0.6894914764079147,,,
0.2,0.0,0.0,0.15,0.1,0.5,0.750567448734823,0.914651553828033,0.8306964943619115,0.8551904055404178,0.6877612969894223,0.6328098991922456,0.6725870330849956,,,
0.2,0.0,0.0,0.15,0.05,0.5,0.7501486142209921,0.9144778805777695,0.8331303543941292,0.8515225281562216,0.677648425549227,0.6460946681744749,0.660751179363935,,,
0.2,0.0,0.0,0.2,0.15,0.4,0.7500170137210718,0.9145405624697786,0.8234831748702344,0.8541524691189827,0.6750044963384866,0.6357570739903069,0.6848940737002324,,,
0.2,0.0,0.0,0.2,0.2,0.5,0.7477046387014321,0.914251094786436,0.8209481045283694,0.8550236961852862,0.6859666663954435,0.6238413589660743,0.6926764332291916,,,
0.2,0.0,0.0,0.15,0.15,0.6,0.7461316272767915,0.9147056403198809,0.8279297868265616,0.856190312897366,0.6961573995117982,0.6256427470113085,0.6839719665144597,,,
0.2,0.0,0.0,0.2,0.1,0.4,0.7435868874610667,0.9149868036203582,0.8269541761231429,0.8507859532243416,0.6651092522375915,0.6579516736672052,0.6768237120884402,,,
0.2,0.0,0.0,0.15,0.1,0.6,0.7431313956718056,0.9149625880602565,0.8304739207087882,0.8536054777475023,0.6889809666395443,0.6397773499192245,0.6764024712008331,,,
0.2,0.0,0.0,0.15,0.05,0.6,0.7425154823080198,0.9148076564627117,0.8325290345444784,0.8502128287920072,0.6802582611879577,0.6512707806138934,0.6664562377633582,,,
0.2,0.0,0.0,0.2,0.05,0.4,0.7424546619695567,0.9147625225218523,0.8293727742974762,0.8458162915531335,0.6515467152156225,0.6748318197092085,0.6640761927421294,,,
0.2,0.0,0.0,0.2,0.15,0.5,0.7397754130843612,0.9149549450870993,0.8244615213889386,0.8527627456857403,0.6794827925142392,0.644865420355412,0.6880967643995833,,,
0.2,0.0,0.0,0.2,0.2,0.6,0.7388754130697397,0.9147015248899634,0.8222296441739753,0.8538487279745686,0.688442493083808,0.6337763541195477,0.6947879105984138,,,
0.2,0.0,0.0,0.2,0.1,0.5,0.7351802975398807,0.915256910222553,0.827195197601575,0.8495666076294278,0.6707787209113101,0.6624094074313408,0.6807299448850436,,,
0.2,0.0,0.0,0.2,0.05,0.5,0.7341701672672646,0.9150581709007501,0.8292505439412923,0.8451569023614895,0.6595658592351505,0.6762497932148627,0.6701458412240647,,,
0.2,0.0,0.0,0.2,0.15,0.6,0.7328476508986959,0.9152281595189387,0.825114235725792,0.8516255158946412,0.6823806932465419,0.6510032077544426,0.6901768212769366,,,
0.2,0.0,0.0,0.2,0.1,0.6,0.7293907458803981,0.9154368641497738,0.8273584168605691,0.8486016975476839,0.6746329243287226,0.6653855340872374,0.6834936973483938,,,
0.2,0.0,0.0,0.2,0.05,0.6,0.7284166658322708,0.9152563970491601,0.8291493014139968,0.8446541003633061,0.665100946297803,0.6771733815831987,0.6744592505006809,,,
